title,subtitle,price,rating,image_hash,occurrences,club,country,year,elo
Double cheeseburger,With sausage and bacon,7.0,91.7,000ac050f4e9b5afddad25deb1618585,2025-07-09:8_right | 2025-07-19:2_left | 2025-08-14:2_left | 2025-12-23:7_left | 2026-01-01:6_right | 2026-03-16:2_left,Torquay United F.C.,ENG,2025,1117.5679470238065
Poutine,"Chips, cheese and gravy",6.5,51.98,000fa1729c8d0ba4b333603be708f771,2025-12-03:8_left,CF Montréal,CAN,2022,1052.4664913242846
Chicken bucket,,17.5,63.5,00228733780782a563e52baf67b360b9,2025-08-04:8_right | 2025-09-30:3_left | 2025-10-04:3_left | 2026-02-04:9_right,New York City FC,USA,2022,849.5728816831922
Meat and potato pie,"With chips, peas and gravy",5.0,68.1,0033e727fb6fa4dc3bc30082d8bc9b42,2025-05-28:1_right | 2025-07-17:1_right | 2025-09-06:1_left,Atherton Collieries,ENG,2023,876.680594401116
German doner kebab,,8.0,80.76,004c1cce34e0e3927d8e414b9398ec8f,2025-10-19:9_right,Ebbsfleet United F.C.,ENG,2025,1161.9823682272404
Nachos,With beef chili and cheese sauce,8.0,49.555,0064b7c608c1329b5b08641466e23a18,2025-11-29:9_left | 2026-04-20:4_left,Arsenal F.C.,ENG,2022,1005.194141244358
Wild sausages,,5.0,27.605,0076cdd5be0014ffb5eca9148d5950e6,2026-03-14:9_right | 2026-03-29:1_left,F.C. Copenhagen,DEN,2025,878.8896720440397
Dairy milk doughnut,,2.95,84.4,007f7c1d361b3f8d9900fe509796d9b9,2025-07-31:4_left | 2025-09-01:9_right | 2025-09-07:2_left | 2026-04-06:1_right | 2026-04-17:6_right,Tottenham Hotspur F.C.,ENG,2023,1120.88261770036
Chicken biryani,,5.0,77.4,008e6e33921219125abcf6d5c9160a63,2025-07-22:9_right | 2025-08-23:1_left | 2025-10-08:4_right | 2026-02-07:8_right | 2026-03-18:2_right,Leicester Nirvana,ENG,2022,1032.1881258040362
Double cheeseburger,,14.0,70.1,009871d9988e175a439b18eec71a7408,2025-07-20:3_right | 2025-08-12:2_left | 2025-09-01:0_left | 2025-09-02:2_left,Yeovil Town F.C.,ENG,2024,1052.122621347058
Two battered sausages,With chips and curry sauce,7.5,44.055,0099a3ca2ff6ada10e9c17ee66465d73,2025-08-17:5_left | 2026-03-17:0_left,Shamrock Rovers F.C.,IRL,2024,887.8365387401244
4 chicken tenders,With chips,10.0,43.82333333333333,00b38a3d3633391c6e186640f7076337,2026-01-29:9_right | 2026-02-10:8_left | 2026-05-27:9_right,Everton F.C.,ENG,2025,977.9494904554556
Popcorn chicken and chips,,6.0,82.1,00d56c7d60add5715418b8a37e42840b,2026-03-22:8_left,Wakefield AFC,ENG,2022,1057.843653742046
Cheese quesadilla,With a pint,24.15,13.419999999999998,00e8b89c5cc5eafbc53272aacbfff02e,2025-12-26:4_left | 2026-04-03:9_right,LA Rams,USA,2024,799.0575492764126
Smash burger,,6.5,88.7,0102a223bf4c99788e646e46aecd13ab,2025-08-21:5_left | 2026-02-11:5_right | 2026-03-01:8_right,Hartley Wintney F.C.,ENG,2022,1172.256539282046
Pie and chips,With mushy peas and curry sauce,5.0,62.0,010f37be269c2bae011fe1d428422b13,2025-05-20:4_left | 2025-06-07:9_left | 2025-07-25:0_right | 2025-08-25:4_right | 2026-02-15:1_right | 2026-04-07:6_left,Altrincham F.C.,ENG,2022,888.3557769943568
The Skyrosa,Cheese coney on top of a pizza slice,9.5,72.39500000000001,011669f702e035d4cff91e7c51d5f07f,2025-12-26:7_right | 2026-01-30:6_right,FC Cincinnati,USA,2024,1024.1437561114185
Stadionwurst,In a bun with mustard,3.55,52.32,0124a9ae2da4ed320d600dea41badc9a,2026-05-17:0_right,"Rheinergie Stadion, Köln",GER,2025,1030.8376041015283
Burger and chips,,,88.43,01265b599dee15afcd0e8c0608e29cb6,2026-01-03:3_right,Llantwit Major A.F.C.,WAL,2025,1167.581668402859
Tub of grasshoppers,,3.75,9.64,0135188500c227145f030352905e9b14,2025-11-01:9_left | 2026-01-15:1_left | 2026-01-30:2_left,Seattle Mariners,USA,2024,765.5891574509996
Meat buns,With beer,7.05,70.47,013626f77a107d419fac724dc8336a61,2026-01-12:3_left | 2026-02-13:4_left,Vissel Kobe,JPN,2025,1097.566131732217
Pizza,,8.65,7.818,0136fd199beb58a13524e6e4495bdad4,2025-10-24:7_right | 2025-12-23:4_right | 2026-02-10:2_right | 2026-04-05:1_right | 2026-04-16:4_right,Barca v Psg,ESP,2024,718.2366308643119
Tropeiro,"Rice, pork, pork crackling and a fried egg",3.0,87.0,0160a011e07f13732b46ffa948e40c47,2026-02-11:0_right,Cruzeiro Esporte Clube,BRA,2022,1113.7235417457266
Steak and ale pie,,4.1,45.17,01b2a334ffba02318c8655e6be874161,2026-03-05:7_left,Cheadle Town F.C.,ENG,2026,952.1982883546228
Olive pizza,,4.2,20.1,01d723c29ffc244dcb5eeaf0ae13916d,2025-05-29:7_right | 2025-09-08:6_right | 2025-09-14:8_right | 2026-02-12:1_left,Olympique de Marseille,FRA,2022,765.268447166246
Smoked salmon bagel,"With lemon & dill cream cheese, cucumber, watercress and a pint",16.0,34.80500000000001,01ee8009a209ab61d8a19c138c8532b4,2025-11-22:5_left | 2026-02-14:2_right | 2026-04-16:8_left | 2026-05-10:9_right,Tottenham Hotspur F.C.,ENG,2025,901.6003014296308
Chicken burger,,8.0,9.5,020d96c20640c779f001f1b427544541,2025-05-10:9_left | 2025-06-13:7_left | 2025-07-08:3_right | 2025-08-27:4_left,Wellington Phoenix FC,NZL,2024,756.3903070989362
Korean fire fries,,10.0,88.2,0216422d4219712a2840003b7a9da27d,2025-04-24:2_left | 2025-06-12:7_right,FC Cincinnati,USA,2024,1212.8951586107416
Full English breakfast box,,7.0,49.35,02172114a81aceedb8993632250c1234,2025-10-25:2_right | 2025-12-31:8_left,Tilbury F.C.,ENG,2025,1022.557425935244
Steak and chips,With peppercorn sauce,9.0,81.4,021ad02f88a520a093cc308d0efa2d21,2025-04-27:9_right,Manchester City F.C.,ENG,2022,983.2912461111148
Chicken katsu burger,,7.0,26.1,02224955a7edd7517d5b3952fd380d8b,2025-05-03:1_right | 2025-06-04:9_left | 2025-06-17:8_left | 2025-12-09:1_right | 2025-12-23:9_left,Brighton & Hove Albion F.C.,ENG,2023,825.1559517804695
Loaded fries and loaded hot dog,,8.0,82.5,022bd4712762c7648a8d211a1a556e96,2025-05-03:0_left | 2025-05-04:6_left | 2025-05-11:1_right | 2025-08-02:9_left | 2025-10-13:5_left | 2025-11-15:0_right,Coventry City F.C.,ENG,2022,1114.40679214945
"Sausage, pickle and bread",,3.7,75.4,02785f9e37d75b83e4a5cd0d890f7cda,2025-07-03:0_left | 2025-12-03:0_left | 2026-03-22:4_right,Polonia Warszawa,POL,2023,906.9600188374732
Chicago-style hot dog,,9.0,29.2575,02952d2b28a0b843abbabab6efd81b46,2026-01-16:1_right | 2026-01-20:1_right | 2026-02-10:6_left | 2026-02-23:2_left,"Cubs vs Meta, Chicago, IL",USA,2025,875.5123699811488
Meat and potato pie,With peas and gravy,4.0,23.395,02a01d0a683dbd1a7c00f41a68743dff,2026-03-10:5_right | 2026-05-31:2_left,Ramsbottom United,ENG,2025,850.7112419749677
Rosehips,Rosa canina,0.0,100.0,02a9df3ffe610c498dfb7936cb9e6fa3,2026-03-06:9_left,Mother Nature,,2026,1005.1916007511524
Cheesesteak sub,,8.0,64.15,02b6a52dbdde61cea36ed44c75af4633,2025-12-09:6_left | 2026-02-08:3_left,Brighton & Hove Albion F.C.,ENG,2025,1115.0284926724846
Apple crumble,With custard,3.5,34.93,02e4ff9168292f34fb95d6e0c793dd25,2025-11-30:8_left | 2025-12-04:9_left | 2026-02-09:1_left,Stoke City F.C.,ENG,2025,890.8496601309593
Soy slices,With goulash sauce and bread dumplings,2.1,75.1,02ef9882a0bdfefbba56441256f09a2e,2025-07-11:5_left,Charles University Prag,CZE,2023,1019.2
"Pie, roast potatoes and gravy",,5.0,56.6,0301fff6e4f38fc1c62f8f3a7dbbf132,2026-03-14:3_right,Manchester City W.F.C.,ENG,2022,934.6653570304696
Cheesy bacon fries,,8.0,75.56,0303df287cbf57d0f6b84fc563de044b,2026-03-19:0_left | 2026-05-13:4_left,Oxford City F.C.,ENG,2026,1172.9878340700077
Chicken and mushroom pie,,5.75,32.35,0312cd3aafb0d986cf8518a067fe0e5a,2026-04-27:3_right,Wembley,ENG,2025,879.8393414221923
Jerk chicken and rice,,9.0,79.3,031df0b7a3fb005fcb17fb1a3f560cc7,2025-05-21:7_right | 2025-11-22:9_left | 2026-01-09:8_right,Bristol Rovers F.C.,ENG,2022,1058.2986762347016
Chips with curry sauce,,6.5,39.724999999999994,0325287f4fe6f8b2031737cbb4f53d70,2025-10-26:1_right | 2026-03-17:6_right,Tallaght Stadium,IRL,2025,921.3941543710032
Squid,As much as you can get on a toothpick,0.33,47.3,03269ca14fc8843fe2ecf52f8df97e81,2025-04-29:5_left | 2025-05-17:7_right | 2025-06-09:4_right | 2025-08-29:7_left | 2026-02-17:7_left,Tanzania v Algeria,TAN,2022,840.5564159438202
Chorizo sandwich,,3.3,63.9,032cd95d08bf3024a996eb492d5fcc3b,2025-06-29:0_left | 2025-08-05:1_right | 2025-09-02:4_left | 2026-02-01:3_left | 2026-03-11:4_left,Athletic Bilbao,ESP,2022,905.0662543930408
Breakfast,,6.0,47.99,0355d8079769b54dd73e7d5c4e1d46f0,2026-05-30:6_right,Hyde United F.C.,ENG,2022,994.3117741034724
Double cheeseburger,With chips,10.0,81.69,0385009137bc7d5aac7187b84e062e6b,2025-12-31:4_left,Folkestone Invicta F.C.,ENG,2025,1213.9712957206566
"Pork, stuffing and gravy bap",,3.0,82.0,0387a0e72b1bc7a61c4023d34bbb91b8,2025-09-07:2_right,Esh Winning FC,ENG,2022,951.3889134047184
Fried chicken and chips,,7.8,56.754999999999995,039005458a182d267af3b5beacc5e792,2026-01-22:8_right | 2026-05-21:1_left,Wellington Phoenix FC,NZL,2022,977.9235865619426
Pita bread with sausage and cheese,Free for patients,0.0,24.81,03d3ba0f074971ced631bd5824eae0b0,2026-04-24:6_left,Unknown Psych Ward,ENG,2026,983.879646789491
Cheesy chips,,3.5,23.62,040bd769593426a1c1e67ed6ee1b3cd0,2026-04-25:0_left,Weymouth,ENG,2022,834.6408935058124
Chicken and bacon pizza,,4.99,83.7,0411c451eb91eb39e41a28fbb14ac8a4,2025-06-30:8_left | 2025-08-10:5_left | 2025-08-24:7_left | 2026-01-31:4_right,Milton Keynes Dons F.C.,ENG,2023,1113.508631221428
Philly cheesesteak sub,,7.5,86.7,042c54a059b08f848a56ff87ef5ece90,2025-12-12:6_left,Brighton & Hove Albion F.C.,ENG,2025,1131.3166088495575
Steak and black pudding pie,,2.2,87.3,04424c862013a675112f7f3efe7c4f90,2026-02-28:6_left,Arbroath F.C.,SCO,2022,975.3832687374536
Chilli beef nachos,With halloumi,8.75,69.2,044e761c174d5dbaf10e0a5dc237075a,2026-04-02:6_left,Norwich City F.C.,ENG,2022,1170.5472607842755
Curry Sandwich,"Chicken curry pie, samosa and bread roll",6.0,64.59,0455bee231c5edcd1f254693a5d60fbe,2025-11-19:3_left | 2026-03-07:8_right,Chesterfield F.C.,ENG,2024,1014.0601408130832
Hot dog,,4.0,10.355,045de97eab5e47db87762632067d0b04,2026-04-23:2_right | 2026-05-16:6_left,Bath City F.C.,ENG,2022,769.9545121662684
Hotdog,With coffee,8.0,31.25,0461d17104d01d561dfcce73f9d337c7,2026-04-14:1_left,Burnley F.C.,ENG,2025,898.3857965221395
Homemade cottage pie,With gravy,7.0,49.69,046ed91775b08873f3a4ad70a6fed6da,2026-05-17:1_right,Northampton Town F.C.,ENG,2026,994.8302857306492
Cheeseburger,,6.0,22.0475,04811e73e0b382a8fd6a837f28ad66b0,2025-11-01:9_right | 2025-12-04:0_right | 2025-12-29:8_left | 2026-01-11:2_left,Oxford City F.C.,ENG,2024,794.8741728100979
Pea Wack Stew,,8.0,21.72,048f0cd4a42903e8ca321fe04cbc4507,2025-12-15:5_right,Marine A.F.C.,ENG,2024,912.5438229606484
Jerk chicken and rice,,,70.07000000000001,049a3123d2a90882254ff2bad7a88a99,2025-10-27:1_left | 2025-11-16:3_left | 2025-12-21:2_left,Preston North End F.C.,ENG,2024,1094.9443365246227
Bratwust,,2.5,85.3,04a76601b31184e1b9a478b1865011a8,2025-06-10:6_right | 2025-06-15:8_left | 2025-09-18:2_left | 2026-01-26:6_left,Borussia Dortmund,GER,2022,1069.5817725158397
Lamb keema fries,,10.0,83.3,04b500ec4d58102b460a9569a3f8d657,2025-05-17:8_left | 2025-05-26:4_left | 2025-06-07:4_right | 2025-07-07:6_right | 2025-07-30:1_right | 2025-12-21:7_left | 2026-02-19:2_right | 2026-03-08:8_left,Birmingham City F.C.,ENG,2022,1141.693201818278
Prime and a hot dog,,11.2,39.105,0508023dafa64a13c9ec2fa975f2f156,2025-06-06:3_right | 2025-06-29:9_left | 2025-07-23:5_right | 2025-10-19:3_right | 2025-12-09:1_left | 2026-02-14:0_right | 2026-02-28:6_right | 2026-05-15:9_right,Arsenal W.F.C.,ENG,2022,825.0939717616719
Foot long hot dog,,6.0,48.135000000000005,053926c226f4248b7570505493fc64ca,2025-10-26:4_right | 2025-10-29:0_right,Cheltenham Town F.C.,ENG,2023,941.921577139295
Fried fish and macaroni pie,,,61.379999999999995,055993d8abce09ca85fe8c18c94af43f,2025-10-30:0_right | 2025-12-21:6_right,Kensington Oval,BRB,2024,1014.1219314406384
Impossible burger,With fries and a Pepsi,24.45,42.78,056c9d48f9c20ac920ee93991b211b4f,2026-05-05:5_right,Oakland Roots,USA,2026,954.2982960914158
Lotus biscoff donut,,2.95,87.8,05724095b7a1f22d8a9f7d1614bb4094,2025-12-03:7_right | 2026-04-17:8_right,Tottenham Hotspur F.C.,ENG,2022,986.7453139595968
Match day pie,,4.0,65.64,057f9a976a76a30e59e1f2ad63b379c3,2025-10-21:9_right,Kidderminster Harriers F.C.,ENG,2021,1054.0318880076695
Pig skin in salsa,,2.0,14.660000000000002,058421ab5e5e5790aae1ae5e45d8301b,2025-10-10:8_left | 2025-11-08:2_left | 2026-02-25:3_right,Pumas UNAM,MEX,2025,660.2240148724114
Donner kebab,With chips,3.0,53.03,0587e2535fc5fd012d0dadad16bd81d0,2026-05-21:3_left,North Shields F.C.,ENG,2024,1007.7230846823152
Pizza and cannolis,,10.0,77.5,058cfb92470ac66a14dc1ab969ef00cd,2025-04-23:3_right | 2025-12-18:9_right | 2026-02-11:2_left,Bolton Wanderers F.C.,ENG,2022,931.6543089941056
Cheesesteak fries,,11.5,55.41,058f61fc75a53889d745a24e416b3534,2025-10-26:5_left,St Louis City SC,USA,2024,1051.316515251455
Steak and peppercorn fries,,9.5,83.3,05a007e24f83efb0311e2899b71dc2b3,2025-08-03:5_right,Manchester City F.C.,ENG,2024,1093.339968210894
Cow heart skewer,With potatoes,4.0,31.965000000000003,05c263bfbdb2d6c4506a7bb5fbe174d5,2025-12-14:0_left | 2026-01-07:8_right,Club Alianza Lima,PER,2023,900.6226524229108
Smashed double cheeseburger,,9.0,43.8,05c953a0702816b7426c23f6ecb46c4a,2026-02-19:5_right,Nottingham Forest F.C.,ENG,2022,1200.5884228222274
Borough burger,Two beef patties with cheese,3.5,81.61,05d76e7492a8a5648317e19beb889fd6,2025-05-25:0_left | 2026-03-08:5_left,Eastbourne Borough FC,ENG,2025,1000.0
Double sausage,,9.5,89.9,05db2adcb2f508d3ad055939a3c5a921,2025-06-01:7_left | 2025-08-17:1_left,Waikato Stadium,NZL,2023,1038.454164056794
Sticky rice and coconut,,0.45,51.29999999999999,05db8a21d55a96184c4c3ee59e58bdd7,2025-04-26:8_right | 2025-05-27:6_right | 2025-07-06:1_left,Samut Prakan F.C.,THA,2022,794.5066683103332
Pie,,4.8,8.459999999999999,05f4904cdaea601b03cc48e2ae968a4d,2025-10-17:3_left | 2025-12-18:1_right | 2026-01-13:6_left | 2026-03-01:4_left,Manchester United F.C.,ENG,2024,733.4584486550598
Grilled sausage and a pint,,3.25,78.0,0604c0d6fd6bdecba3bb88aa5393bfcc,2025-05-13:0_left,GKS Katowice,POL,2022,995.455043483836
Pepperoni pizza,With a beer,8.6,44.05,06094adb2917b159b5963b0f19f4cb03,2026-04-16:2_right,Milton Keynes Dons F.C.,ENG,2021,996.2934897204552
Chicken and rice,,8.0,66.46,06111b58c6b7090b7ad66ab6b6021141,2026-03-24:1_left,Bath City F.C.,ENG,2022,1090.4729437927494
Fish finger baguette,Tartar sauce is available,4.5,49.035,0622b7b790638f6df0a72d2ede8df46e,2025-10-10:0_right | 2026-04-29:4_right,Histon F.C.,ENG,2025,995.8956569173762
Chicken Corner Kick Fries,"French fries, popcorn chicken, buffalo sauce, cheese sauce, ranch, green onion, tomatoes",8.85,87.8,06338f95873250b02553f10b48c3ff34,2025-10-25:4_right | 2025-10-30:5_right | 2026-05-26:9_right,Colorado Rapids,USA,2024,1210.1630342859503
Korean fried chicken burger,,11.0,37.160000000000004,0633db200ed9a8c48539e93fd91481e8,2025-11-20:8_right | 2026-01-04:5_left | 2026-02-17:3_left,Western Sydney Wanderers,AUS,2022,943.032563139702
Sausage and beer,,6.0,93.3,0633ef82fcc2763984a0233c613edfd5,2025-06-18:4_left,AC Sparta Praha,CZE,2024,1047.6889043420324
Fish n chips,With mushy peas and tartar sauce,9.5,81.60000000000001,065a7b283eba7d9d5bc596215c2cad68,2025-11-17:6_left | 2025-11-19:1_left | 2026-04-13:1_left,Tottenham Hotspur F.C.,ENG,2021,1175.1536402152788
Chicken wrap with loaded fries,,6.95,90.0,067d5129998b0e71fae3babf1735880c,2025-05-08:5_left | 2026-01-21:0_right | 2026-03-12:8_left,Barnsley F.C.,ENG,2023,1185.6522923023783
"Roast pork, stuffing and gravy",In a baguette,6.0,80.7,067e1e2f31f170d430a4f5d6fe23cbaf,2025-05-01:6_left | 2025-08-16:2_right | 2025-08-26:6_right,Arsenal F.C.,ENG,2022,914.2315143804908
Christmas loaded roasties,"With turkey, gravy and stuffing",7.95,74.52,068a6448250349df6cb5ee48d3a1cb3c,2025-10-29:4_right,Barnsley F.C.,ENG,2024,1113.7938213492982
Double cheeseburger,,7.0,55.093333333333334,06b82077cbeafb3f679b4234d7636623,2025-12-06:2_right | 2026-01-05:7_right | 2026-02-25:4_left,Aston Villa F.C.,ENG,2022,1073.8772122287487
Currywurst with bread,,3.5,86.8,06bd4c80e6b847b9b9d180f3977de4d3,2025-05-26:2_left | 2025-06-10:5_left,Hertha BSC,GER,2023,983.6594381621278
Cheeseburger and cheesy chips,With water,18.0,32.1,06e9a7f40cd3b656cf3d948dd1134475,2025-05-16:8_left | 2025-08-09:0_right | 2025-08-14:4_right | 2025-09-26:6_left | 2025-10-02:4_right | 2025-10-22:5_left | 2025-11-24:2_left | 2026-01-31:0_left | 2026-05-04:2_left,PSG,FRA,2022,805.9205604692652
Mitraillette,Chips and fried meat with sauce andalouse on a baguette,4.0,88.5,07070e17a0c10fce5e13c75ccb3d9c28,2025-05-09:1_right | 2025-05-29:7_left | 2025-07-08:3_left | 2025-07-10:7_left | 2026-03-31:3_left,Anderlecht,BEL,2022,984.8907483175864
Pizza with spinach and feta cheese,With a bowl of lentil potato salad,4.4,82.4,072510869a3e7289820a56b6e251cb2f,2025-07-11:4_left,TU Dresden,GER,2023,984.271186440678
Half smoke hot dog,"With fried onion, coleslaw, bacon and a drink",22.5,42.84,0741e53ed1e01ba75882c87a8bfac77a,2026-05-17:8_left,DC United,USA,2024,960.695120470312
I prefer sparkling water to still water,,,19.0,074eddc12c2f9a80d723752a15ceff18,2026-05-01:7_left,YouGov polling data,ENG,2026,1000.952438217786
Pizza dog,,4.35,80.07,0761dd0104712164b82ee43e4a633660,2026-03-13:1_right,Dominos Pizza,NED,2026,1019.2452957366736
Hot dog,With pepperoni and cheese,5.0,75.1,0785551baa536347b1f64b1eb815a87e,2025-04-25:5_right | 2025-09-14:1_left | 2025-12-25:0_right | 2026-02-11:4_right | 2026-04-12:3_left,Chivas Guadalajara,MEX,2023,968.4104800780063
Brazilian BBQ,,11.5,77.025,0795a8c31ece0c7b6bd5b44197d6c94f,2026-02-22:0_left | 2026-04-07:9_left,Western United FC,AUS,2024,1173.1520432538862
Sour herring in a roll,Fried herring also available,3.4,23.09,079b6bdba2470b4bdeff351f36d7ffd8,2026-03-03:0_left,Hamburger SV,GER,2022,849.7568654158356
Vegan curry sausage,With french fries,3.0,37.1,07c68fa70cea284ed22ed4b2480d5875,2025-08-01:0_right,University of Leipzig,GER,2023,1001.7868020304568
Chorizo in bread,,1.7,58.03,07dfb6307df8b93cb406bbdb543362fb,2026-04-01:8_right,Portimonense SC,POR,2022,1047.3669072010632
Chicken nachos,,9.5,46.26,07f525bac08033b1689cda00e222f734,2026-05-05:8_right,Nashville SC,USA,2022,980.5591119541316
I consider soup to be a drink,,,4.0,0803b8f8bb5e9759a3928d6869864537,2026-05-01:8_left,YouGov polling data,ENG,2026,1022.1535408656828
Pulled pork loaded chips,,4.5,87.5,081624a5c1468e5ddd769565ac5e54fd,2025-05-01:1_right,Hull City,ENG,2022,1014.8320620397942
Ham and cheese toastie,With cheesy fries,10.0,71.6,082df1a75772044ca69b28f19809c065,2025-06-29:6_left | 2025-08-07:1_right | 2025-08-16:7_right | 2025-08-24:3_right | 2025-09-26:2_right | 2026-04-04:9_right,Manchester City F.C.,ENG,2022,1023.6774011512229
A tub of insects,,0.45,34.8,08319ee7e107026dcded63e158d06472,2025-05-23:0_right | 2025-05-23:4_right | 2025-05-23:5_left | 2025-05-23:8_right | 2025-05-23:9_left | 2025-05-31:8_left | 2025-06-20:9_right | 2025-07-06:2_right | 2025-08-10:8_left | 2025-08-17:0_right | 2025-08-28:0_right | 2025-09-08:0_left,BG Pathum United F.C.,THA,2023,701.1890441101402
6 oysters,,12.35,24.23,083717a7e01370d4001040a785481ff7,2026-01-10:7_right | 2026-02-03:8_left,Baltimore Orioles,USA,2024,796.027839575458
Cotton candy burrito,,11.45,14.453333333333333,0841bf7d8c877c4e33eb2ec4179ace0f,2025-12-26:9_left | 2026-03-27:9_left | 2026-05-13:8_left,Arizona Cardinals,USA,2024,836.6176956364458
Zapiekanka,With a pepsi,5.2,21.25,0856cc6ce731752828786ab7913992d6,2026-01-01:1_right | 2026-01-27:2_right | 2026-02-05:6_right | 2026-03-09:4_left | 2026-03-09:9_left | 2026-03-16:6_right | 2026-03-25:0_right,Wisła Kraków,POL,2024,829.3338216549516
Pizza and chips,,9.0,30.935000000000002,0863c07279d67bf0bc6b4c7e74a552c8,2026-04-02:5_left | 2026-04-05:5_left,Leeds United FC,ENG,2026,875.6909841582936
Greek chicken wrap,,6.5,54.21,0876d350a5bf386ceefc4cb9255f6b4a,2026-01-08:6_right,Frome Town F.C.,ENG,2021,1010.7424355068732
Pick and mix,,37.0,12.776666666666666,088c161dca013fb7408af713e05579dc,2025-12-23:2_right | 2026-02-08:8_right | 2026-05-05:4_left,Wembley,ENG,2022,793.8411483091762
Pork steak sandwich,,16.5,75.7,088d9bd51fa0f9bdd706ac49a83549ba,2025-04-26:1_left | 2025-09-15:0_right | 2025-09-18:4_left,St Louis City SC,USA,2023,1092.9224651393351
Lords-and-Ladies,Arum maculatum,0.0,0.0,089e164f362908a4c463019714e03e05,2026-03-06:7_left,Mother Nature,,2026,999.8544667027612
Loaded Fries,"Chips, cheese, bacon, chili sauce",6.0,90.64,089f4ad03af115799ba8f82754b6491b,2025-10-25:1_left,Larkfield & New Hythe Wanderers F.C.,ENG,2024,1177.180742687503
Cheeseburger,,6.0,10.7,08b925041dc894edce4238b08e99482a,2025-05-03:5_left | 2025-07-24:3_right | 2025-09-18:4_right | 2025-12-02:7_left | 2026-03-12:4_right,Cheltenham Town F.C.,ENG,2023,709.8323134610242
Four pierogi,With sour cream and red cabbage,6.75,50.98,08cbe02a97198e2d3c5d45b805d362d9,2025-11-30:0_left,Detroit Tigers,USA,2025,971.5878094810896
Bacon cheeseburger,,8.5,12.800000000000002,08ce7663febb0ebf030b7dd44cf31437,2025-04-23:2_right | 2025-04-30:9_right | 2025-05-22:4_right | 2025-10-13:9_left | 2026-01-07:0_right | 2026-03-16:0_left,West Ham United F.C.,ENG,2023,812.7001533948376
Crispy Korean chicken with a spicy glaze,On a bed of fries,9.6,80.94,092329cfe39d9dddac0a04b6b4fb2b52,2025-12-29:6_left | 2026-01-15:0_left,Vancouver Whitecaps,CAN,2024,1201.5609717441318
Pepperoni pizza,,10.95,72.5,092d3de740b9e02c6771aa859fc87d3a,2025-05-10:2_left | 2025-08-11:3_left | 2026-01-22:9_left,Watford F.C.,ENG,2022,1050.605049690127
Homemade banana and chocolate cake,,1.0,85.5,093003f19f0d5f1ba345bf3e4de28785,2025-04-24:6_left | 2025-11-21:1_right | 2025-11-29:6_left,Gretna FC 2008,SCO,2023,1004.2309424558288
Chicken balti pie in a barm,,3.5,23.47,094a762a12f01ede2cc3da597d446ff6,2025-10-30:9_left | 2025-11-02:2_left,Workington A.F.C.,ENG,2025,848.3630667174162
Ultimate burger,With salt n' pepper fries,7.5,93.8,097d0849f7a71de7df855845cae1e83c,2025-05-18:6_left | 2025-06-24:2_left | 2025-07-17:9_left | 2025-07-30:8_right | 2025-09-02:0_right | 2026-02-28:9_right,Avro F.C.,ENG,2022,1144.215744200001
Pepperoni pizza,,5.5,72.1,099c02077bb8666760a9383e5c158415,2025-05-24:9_left | 2025-06-08:8_right | 2025-06-23:0_right | 2025-08-24:3_left | 2026-03-01:5_left,Nashville SC,USA,2023,1074.5900453973393
Halal Snack Pack,"""every meat and sauce and cheese [...] too drunk to remember the price""",,42.68,09bc3ca44e4049c767cfebb5a0034adc,2026-03-13:6_left,Unknown Location,AUS,2026,995.3154010949772
Chili cheese roast potatoes,,4.5,69.275,09c2c0868532bf0d83245510c05e4bfb,2026-03-11:0_left | 2026-04-28:7_left,Cheltenham Town F.C.,ENG,2022,1064.754159155703
Hot dog,"With cheddar, sriracha and flamin hot Cheetos",7.0,33.580000000000005,09c53330b8b5eee069939ae6db1dcaf7,2026-02-15:7_left | 2026-02-16:6_right | 2026-03-12:3_right,Columbus Crew,USA,2022,953.7122999214208
"Steak, potato and Guinness pie","With mash, gravy and mushy peas",6.0,75.8,09d02a293082882d3b3d3a4ede10d7c1,2025-06-14:5_right,Stockport County F.C.,ENG,2023,827.9675078125283
Pizza dog,,7.0,78.9,09f4c8f0b49c0f5f7c01bb29b99a86b5,2025-06-02:4_right,Nottingham Forest F.C.,ENG,2023,1014.8563666348592
Chocolate cigarettes,Chocolate stick in edible paper,,65.26,09f7598c37be1eb7c2741b339cdfb036,2026-02-20:5_right,Various,ENG,1998,1009.763943505954
Tater tots,With southwest chipotle sauce,6.0,38.915,0a0ac6754fe553e75ca3dc8c694f0d23,2025-11-07:8_right | 2025-12-11:3_left,York United FC,CAN,2022,956.1339334629236
Pie and beer,Free with hospitality ticket,0.0,22.7,0a0af656e0baf688eea51c0e8904334f,2026-05-04:3_right,"Vanloq Community Stadium, Edinburgh",SCO,2026,830.3476882695068
"Pie, mash and liquor",,7.0,18.125,0a2468cf28a8bff610f96174df3e19dc,2026-02-10:4_right | 2026-05-18:8_right,Millwall F.C.,ENG,2022,845.9081450672929
Beast burger,,6.5,83.4,0a2cac94ff04279d668d6ffcd030d15e,2025-05-10:4_left | 2025-06-25:8_left | 2025-08-31:7_left | 2026-03-26:9_left | 2026-04-15:3_right,Hungerford Town F.C.,ENG,2022,1192.5541154581765
Salt beef bagel,,6.5,31.51,0a3735766d970131bd261edd89ae74ed,2025-10-19:2_left,West Ham United F.C.,ENG,2022,875.678188259039
Philly cheesesteak,,5.0,11.800000000000002,0a4c32738531e4176e8bab259200c45c,2025-06-06:5_right | 2025-08-05:4_left | 2026-04-13:6_right,Sheffield Wednesday F.C.,ENG,2025,773.7418890570108
Spicy Korean fried chicken,And a Bulgogi burger,14.2,89.1,0a4d5d4c270ce919aa5fd5989412e261,2025-09-12:5_left | 2025-10-05:1_left,Ulsan Hyundai FC,KOR,2022,1162.5694886530446
Steak Chilli Cheese pie,,3.0,52.63,0a6f22ac842b8c63bd98b57aeb0d7303,2026-01-30:6_left,"Culter FC, Aberdeen",SCO,2024,1048.9088389591338
Coxinha,Chicken croquette,1.6,82.0,0ac88ec703587aeb703e489a45febf4c,2025-04-23:7_left | 2025-05-14:2_right | 2025-05-29:3_right | 2025-08-08:1_left | 2025-08-22:6_left | 2025-08-25:2_right | 2026-01-29:1_right,Club Athletico Paranaense,BRA,2022,997.2194252930346
Slider box deal,"6 beef sliders, mozza sticks, onion rings and fries",20.0,90.7,0ad0f58a356f32ba554956cd553529b7,2025-06-19:5_right | 2026-02-11:2_right,Sporting Kansas City,USA,2023,1153.6577236199516
Hotdog,,1.5,6.79,0b141102af5e8e829b5f9fb7a006c203,2026-04-21:6_left | 2026-05-09:8_left,San Antonio Missions,USA,2025,734.4274751481204
Chinese box,,10.0,83.4,0b22239b4c664f1373ec358206c23ee7,2025-04-25:1_right,Reading City F.C.,ENG,2023,941.388510852802
Creamy mac n cheese,With pink bread crumbs,14.85,33.3,0b36c0c62e48a60b6605f647d19303d4,2026-03-27:5_right,"Crypto Arena, LA",USA,2025,903.3260538508188
Chicken goujons and chips,,5.0,62.07,0b43578827af643cfa5c70686f7c075f,2026-01-16:3_right,"Derby County, Pride Park",ENG,2025,1081.907188754311
Fries,"With bacon, pepperoni, cheddar and mozzarella",2.9,40.505,0b482e49608bf89cb9ddf374678ec999,2025-06-03:3_left | 2025-06-22:2_left | 2025-07-23:2_right | 2026-05-09:3_left,Cuiaba EC,BRA,2022,932.2654647478676
Kielbasa,,1.7,79.3,0b4880ee34404b54767060b283e47f5b,2025-06-22:4_right | 2025-09-16:8_left | 2025-09-30:1_right | 2026-03-10:7_right,Znicz Pruszków,POL,2022,1003.457814898592
Chicken pie,,5.25,38.31666666666666,0b4af8d7dc475b4cca3b235f4a47cb3c,2025-11-24:8_left | 2026-01-24:6_left | 2026-02-26:2_left,Etihad Stadium,ENG,2024,901.3362431391728
Hot Dog,,4.3,45.99666666666667,0b73a2f4b5a8074fa7c3d14f51f87787,2025-10-20:8_right | 2025-10-26:6_right | 2025-10-30:6_left,Florentina,ITA,2025,969.24890810757
Spicy sausage,,3.0,83.3,0b85cda58cd12143e038346f129fbd1d,2025-07-27:1_right | 2026-01-17:0_left,AC Sparta Prague,CZE,2023,1022.0268115355016
Pigs in blankets,With stuffing and gravy,6.0,41.36,0b87e5974d098a3fe6fbf3a19348336e,2025-10-11:8_left | 2025-10-19:1_right,Brighton & Hove Albion F.C.,ENG,2024,1011.2716061283628
Fries and hot chocolate,,12.75,37.71,0b8c57c05f543098fd45e0f0473de40f,2026-05-25:9_right,New York Mets,USA,2026,931.0767476636784
Sonoran hot dog,,6.8,26.3,0bb21ad7b6de079474ef72754bc2e30c,2025-04-22:8_left | 2025-05-16:3_left | 2025-06-09:2_right | 2025-06-27:6_left | 2025-06-30:3_right | 2025-07-04:1_right | 2025-09-17:2_right | 2025-09-30:9_right | 2025-10-22:2_right | 2025-11-26:4_left | 2026-01-21:3_right,Austin FC,USA,2022,862.7779741138535
Slice of pizza,,3.7,26.46,0bb8dd1fd5d4014b68f4e5dcb6e9ebf5,2026-04-27:9_left,Lexington SC,ENG,2024,888.0844734853971
Hühnergeschnetzeltes,With a Krapfen,4.35,50.77,0bda1ea1f885819b38e8efb6938f578a,2026-03-13:0_right,ÖBB Austrian Federal Railways,AUT,2026,1000.4956181447392
Sausage,With chips,,25.32,0c037f7a2cdedf70fc3ef77befa8246b,2025-11-07:4_right,Gainsborough Trinity F.C.,ENG,2024,861.6266176231899
American hot dog,"Pickles, fried onions, mustard, ketchup, 0,5l coke zero",5.5,55.95,0c18da3fa2b4aa0329f848b83325e004,2026-05-19:8_right,Śląsk Wrocław,POL,2026,1043.5423701050738
Slowcooked beef and rice,,,45.86,0c1f3ff79d69ce22013fc4fd5d915023,2026-02-13:5_right,Gamba Osaka,JPN,2025,1024.4516196249351
Hot dog,,5.0,68.1,0c314740b9f2a250d6e1f18c0d16669b,2025-05-18:7_left | 2026-02-12:0_right | 2026-02-22:3_left | 2026-03-07:7_right,FC Barcelona,ESP,2023,1028.902350541567
Loaded roast potatoes,With beef and gravy,5.5,68.154,0c56eff0a4744f692330768966133408,2025-05-05:1_right | 2025-05-27:3_left | 2025-09-01:1_right | 2025-09-09:2_right | 2025-12-18:1_left,South Shields F.C.,ENG,2024,1045.2762411388342
Sausage and bread,,3.8,29.275,0c57fd826cd8b34c5f3db40d7651c2ea,2026-03-02:9_left | 2026-04-11:7_right,ŠK Slovan Bratislava,SVK,2022,889.4288619235582
Chicken and onion ring burger,With cheesy chips,15.5,35.23,0c78ecfe14f3187358b2688534f1e905,2026-05-14:4_left,Rochdale A.F.C.,ENG,2026,901.6822031154676
Mince and onion pie,,6.0,32.475,0c7f009615a7b7bd48b31ec9915de704,2025-12-15:3_left | 2026-04-08:1_right,Harrogate Town F.C.,ENG,2024,877.8707840038555
Meat pie,"With mash potato, mushy peas and gravy",5.0,37.9,0c975cead4656c8c10a771fb136f8f92,2025-07-18:3_right | 2025-07-25:1_left | 2025-11-13:1_left | 2026-03-16:9_left | 2026-04-12:0_left,Stockport County F.C.,ENG,2022,746.5760426136053
Mini gluten-free chocolate brownie,With marshmallows,0.5,35.165,0cabc427a323a2d933a31804b92468b0,2025-11-25:5_right | 2026-03-16:3_right,Nairn County F.C.,SCO,2024,889.8876396564294
Gaffer burger,"6oz beef patty, lettuce, cheese, crispy chicken fillet",8.0,85.9,0cb99419142778681d021453ac8b071f,2025-11-17:2_left,Tilbury F.C.,ENG,2023,1100.7077365260268
Hotdog,,1.5,23.34,0cbd2d314afe00d305fc176fdf944450,2026-05-04:4_left,"Macalester Stadium, MN",USA,2025,866.7076531770281
Pizza slice,With a can of beer,15.0,19.800000000000004,0cc21a6dfd5c1813b0102630634b6384,2025-04-28:3_right | 2025-07-04:2_left | 2025-07-12:7_right | 2025-07-13:6_right | 2025-08-10:6_right | 2025-08-30:9_left | 2025-09-01:6_right | 2025-09-11:5_left | 2025-09-19:6_left | 2025-11-27:5_right | 2025-12-20:8_left | 2025-12-23:0_left | 2025-12-30:7_right,Chicago Fire FC,USA,2022,937.8187535914228
Sánguche de potito,Cows rectum sandwich,2.8,32.5,0cc3106abed465439d5dfe7fb0f7815e,2025-04-20:1_left | 2025-05-18:2_right | 2025-05-23:2_right | 2025-09-20:1_right | 2025-10-12:3_left | 2025-10-12:9_right,Universidad de Chile,CHI,2022,780.2997010602095
Cheeseburger,,7.0,16.880000000000003,0cc89c799bb8c5084c86b34d39cf9c6a,2026-03-03:5_left | 2026-05-21:0_left,Cardiff City F.C.,WAL,2023,809.4655845892763
Butter chicken grilled cheese toastie,,13.0,62.9,0cd04b8d9b8bea9688907883e6e916fe,2025-09-28:1_right | 2026-02-15:4_right,Ipswich Town F.C.,ENG,2025,1076.415423946178
Buffalo chicken loaded fries,,,80.27,0cd18795117f1718429f18752e9dd493,2026-02-15:6_right | 2026-04-21:4_left,Burnley F.C.,ENG,2024,1153.3663965733242
Whole wheat spaghetti,"With pineapple, mushrooms, peas and soy creem sauce",1.5,22.9,0cdf0d17b1a74ded1e80cb4f99d34716,2025-07-11:7_left,University of Halle (Saale),GER,2023,1013.8867924528302
"Pie, chips and gravy",,5.5,86.40000000000002,0cfbb38bc9941fbb4da1d86276b42451,2025-12-12:0_left | 2025-12-28:2_right | 2026-03-04:7_right,Matlock Town F.C.,ENG,2025,933.4509703094888
I would never eat crickets,,,62.0,0d1a2814b5810bc3ebbb3e6a4813868a,2026-05-01:4_left,YouGov polling data,ENG,2026,978.7716170853108
Margherita pizza,,10.0,83.6,0d27c9367d1dc47451781ddc0798ecd4,2025-05-27:0_left | 2025-05-28:3_right | 2025-09-28:3_left | 2025-09-30:2_right | 2025-12-12:5_left,UEFA Womens Euro 2022,ENG,2022,1024.745117889246
Steak and sausage,With rice and beans,3.9,89.7,0d29cd5bb9e8813c5ea1790d53343385,2025-05-05:7_right | 2025-07-12:5_right | 2025-08-18:1_right,C.D FAS,SLV,2023,999.0653827025606
BBQ pulled pork burger,,7.0,79.63,0d39943d1fdc1c5db4058d216751fb1f,2026-01-17:6_left | 2026-03-29:2_right,Solihull Moors,ENG,2023,1185.021224574056
Breakfast,Included in hospitality ticket,0.0,64.75999999999999,0d39bf0dcfce6832b0e17bee7f40f1db,2025-10-11:8_right | 2026-04-30:6_left,AFC Wimbledon,ENG,2024,1054.9278570272463
Gięta stadionowa,"Sausage in a bun with onion, ketchup, mustard",4.5,51.923333333333325,0d3b4d97444672cced327e76642acb8e,2025-12-13:4_right | 2026-04-30:0_right | 2026-05-23:0_right,WKS Śląsk Wrocław,POL,2025,1022.101550765274
Cheesy chips,,2.0,9.11,0d68630042576df01bfbcc92d958bcc9,2026-04-12:1_left | 2026-05-19:2_left,Pennsylvania Quakers,USA,2024,776.6623099464173
Chilli chips,,3.9,75.7,0d9e6e90ed6b8965583b02587ef8146b,2025-07-19:2_right | 2026-04-19:9_left,Queens Park Rangers F.C.,ENG,2022,953.2408462921768
Pulled pork baguette with fries,,9.0,86.9,0db9ef4665b97be4fbb6739f69ebad71,2025-05-28:0_left | 2025-06-11:4_left,Olympique Lyonnais,FRA,2022,1167.0105486883524
Bacon cheeseburger,With cheesy chips,8.5,58.1,0dcf6243ae9a270e20f35b0e44bcf883,2025-05-19:2_left | 2025-06-15:5_right | 2025-06-25:4_right | 2025-08-04:4_left | 2025-09-26:4_right,Gornal Athletic F.C.,ENG,2022,925.7149378692324
Pizza slice,,3.5,30.203333333333333,0dd24508890de00c94f383d2ade563c1,2025-10-26:0_left | 2025-11-17:1_right | 2026-05-02:6_right,West Bromwich Albion F.C.,ENG,2022,886.5957199324321
Cheeseburger,,4.2,6.8,0dd4cef29e8c9379e9b9e4a42b95214c,2025-06-13:5_left | 2025-06-14:8_left | 2026-01-15:2_left | 2026-03-01:3_right | 2026-03-02:5_right | 2026-04-04:6_right,Rotherham United F.C.,ENG,2023,669.2280601780762
Chicken curry and chips,,5.5,51.480000000000004,0df25aa31bf626c6b3e76d5dabe4c5b3,2025-11-08:6_right | 2025-11-12:4_right,Hartlepool United F.C.,ENG,2025,1006.017819138307
Chicken and chips,With piri piri mayo,6.0,95.9,0e3ef01880d652ba5051411d11af4045,2025-05-11:7_right | 2025-07-16:6_right | 2025-12-04:8_right | 2025-12-17:3_left,Gloucester City A.F.C.,ENG,2024,1190.5767754398944
Philly cheesesteak,"Ordered ""plain""",14.65,16.950000000000003,0e3fdef7c83bdaa164b91603818baecb,2026-03-15:3_left | 2026-05-24:5_right,Raymond James Stadium,USA,2026,837.790060636554
Burger Banjir「Flooded Burger」,,1.85,53.64,0e591efa7ec0cc524cae970195cc4f6b,2026-03-13:2_left,Unknown Location,MAS,2026,1002.3290564323834
Chili chicken wrap,,9.0,14.5,0e641efbd0e26130ff75e2f32e4cd3b4,2025-06-16:7_right | 2025-08-21:0_left | 2025-09-15:4_right | 2026-01-14:3_right | 2026-02-07:9_right | 2026-04-07:8_left | 2026-04-09:0_left,Michael Bublé concert,ENG,2022,727.5029264769271
Falafel,With chips,8.5,46.15,0e9cf64118cb183e2904cc7164f52004,2026-05-04:8_right,Wembley,ENG,2025,1002.4517922865286
Cup of pigs in blankets,,4.0,57.41,0ead56823a152945267c1376d945dbc0,2025-10-09:2_left,Oxford City F.C.,ENG,2022,937.4393686384548
Mitrailette,,6.9,14.88,0ec840e949b81a3fc6101bc2399db24e,2025-12-14:9_right,KVC Wilrijk,BEL,2025,857.5652938064691
The Legend Burger,,,79.78,0efa94cbe53e17c11879799ed2ad115b,2025-12-27:6_left,Chadderton F.C.,ENG,2025,1161.305869622178
Stadionplatte,With a pint,11.55,31.057499999999997,0efb72b6b04686f6765b63f388463ea1,2025-10-15:9_right | 2025-10-20:3_right | 2025-11-06:8_right | 2026-04-03:7_right,Brøndby IF,DEN,2024,938.2953079186454
Kiełbasa and bread,With a pint of tyskie,3.6,92.7,0f3a40034d7bb20c94a468bb80d62bd1,2025-08-25:1_right | 2025-09-10:5_right | 2026-03-25:3_left | 2026-04-03:0_right,Hutnik Kraków,POL,2022,1000.1059419312924
Steak sandwich,"Black garlic mayo, rocket, onion rings, chips",24.0,64.9,0f67cf68e37bffd85cb03dc8d961f354,2025-05-01:7_right | 2026-02-19:1_left | 2026-02-22:5_left | 2026-04-13:0_left,Arsenal W.F.C.,ENG,2024,1063.1986528612174
"Pie, mash and gravy",,5.0,66.6,0f6c8b9edc51ab52d68da7f14776122b,2025-07-27:9_right | 2025-08-06:3_right | 2025-08-18:0_right | 2025-10-07:3_right,Stockport County F.C.,ENG,2022,787.804850415688
Loaded Hotdog,,6.0,15.87,0f8d09c68700837634d8652e7c87eee2,2026-03-27:7_left | 2026-05-27:0_right,Doncaster Rovers F.C.,ENG,2024,788.8000633805958
Pastrami sandwich,,12.0,80.5,0f8ea7bd2327faa20d24e88c4adb881c,2025-09-06:3_right,New York City FC,USA,2023,1045.403771488949
Koupes,Deep fried minced meat and onions,0.0,50.87,0fa45e3ba06d4881c7416d96343f875a,2026-01-10:9_left,Ethnikos Achna FC,CYP,2024,981.7190851855796
Sausage,,1.7,44.5,0fc5dc78ac54f8eddf81bc1892ff3f55,2025-05-22:3_left | 2025-06-20:7_left | 2025-09-10:2_left | 2025-12-24:6_right | 2026-02-14:1_right | 2026-03-19:5_left,Lichtenberg 47,GER,2023,852.0486880713431
Dumplings,With mushroom sauce and vegetables,3.0,13.6,0fe3fdfa9c5f529bc6853fcb054fe832,2025-08-01:2_left,FH Münster,GER,2023,1000.561403508772
Shepherd's pie and an Amstel,Included in hospitality ticket,0.0,69.34,0fec4f7f1ed20ef67ab10a5a3d3bd817,2025-11-23:9_right,Tottenham Hotspur F.C.,ENG,2022,1090.891844550934
Frankfurter,"One frankfurter, pint not included",8.0,71.42,0fedaea023633c65f40cf0c80f3a2faa,2026-01-10:8_left,Brøndby IF,DEN,2021,1041.40680017069
Polish hot dog,,11.2,31.766666666666666,0ffbb6ab61f6c9c32c7a24cb9da6d00b,2025-12-16:7_left | 2026-02-01:1_right | 2026-04-13:8_left,Chicago Fire FC,USA,2025,901.192926431021
Fish and chips,With mushy peas,10.0,77.03,1007b9c218208823fa87c03be61936b3,2026-03-27:1_right | 2026-04-10:4_left,Manchester City F.C.,ENG,2024,1127.5643972369558
Pizza,With a beer,1.3,46.16,1016fb0975f24ceb33b1ec6c8d2b6e25,2026-02-22:2_right | 2026-04-03:6_left,Associação Chapecoense de Futebol,BRA,2025,943.0343814457613
Hot dog,,11.5,84.6,1020dacf639901197447ae408be11c37,2025-06-05:5_left | 2025-08-28:9_right,Nashville SC,USA,2023,1086.486457681117
Hot dog,,4.5,29.356666666666666,103f8b8e7ae82bbbc805ed5857ea2d37,2025-10-30:7_right | 2025-12-30:3_right | 2026-02-01:7_left,Derby County F.C.,ENG,2022,864.0289661054012
Bacon cheeseburger,With chips,6.0,94.3,1068beecf2edf9d3c7a611f6bbb4f25f,2025-05-08:4_left | 2025-07-28:3_right | 2025-07-30:9_right | 2025-08-18:1_left | 2026-03-07:5_right,Helston Athletic F.C.,ENG,2023,1225.2838088669475
The Mark Light Shake special,"Philly cheesesteak milkshake, vanilla ice cream, vanilla syrup, mini cheesesteak sandwich (no price data)",0.0,16.605,106e68825eb2144d3918c7ab12bfe48c,2026-01-25:0_left | 2026-03-10:6_left,University of Miami,USA,2025,843.9854744124368
Hot dog,"Topped with cheese, onions and jalapenos",6.0,47.43,106e810c3bfab7c3aa32a77bf00739a0,2026-05-20:8_left,Fleetwood Town F.C.,ENG,2023,991.037928915236
Slice of Victoria sponge,,,26.03,107ebdb06b8600e9ca317aa16ffbe421,2026-04-26:3_right,Uckfield Town,ENG,2025,874.3699664565829
Roast beef and gravy roll,,4.5,32.39,10a54b0394400453ec92d3338e67db69,2026-05-24:0_left,Warragul United,AUS,2022,891.9292446638838
Beef burger,,8.0,17.77,10b94a615a6a7674f4a9fba9c7311234,2026-04-22:9_right,"Netherlands v Senegal, FIFA World Cup",QAT,2022,824.4518829482139
Hot dog,,9.5,23.86,10d86c57d33252b3d975cd5fd4253618,2026-05-05:3_right,Arsenal F.C.,ENG,2024,849.2335170538094
Slider box,"6 burgers, 4 mozzarella sticks, beer-battered onion rings, tater tots",20.8,87.12,10e66de7470381abc4cfabe33556ecf6,2026-01-02:5_left | 2026-02-02:1_right,Sporting Kansas City,USA,2024,1173.3532107152105
Macaroni Pie,,3.0,24.35,10f3b2a2b11181fcb65ac2f0c79b4134,2026-04-20:3_left,Arbroath F.C.,SCO,2025,852.4574412667322
Chicken burger,,8.0,9.575,10f7678d8bef97e5fa71ce33960c8cbd,2025-12-02:1_left | 2026-05-09:1_left,Wellington Phoenix FC,NZL,2025,758.8314517816433
Ten sausages meal,With chips and a drink,7.0,43.82,110aa69957f8fa40bbfe877c11751e69,2026-04-14:2_right,Whitehawk F.C.,ENG,2023,972.2799269439614
Matjes herring sandwich,,4.3,24.600000000000005,110c67ddf4a9193e058b73f8db40cd7f,2025-05-16:7_left | 2025-06-07:1_left | 2025-07-05:3_right | 2025-07-17:7_right | 2025-09-13:0_left | 2025-09-24:7_right,Hamburger SV,GER,2023,712.5184843852957
Festive loaded fries,,7.5,87.03666666666668,112387e8cefedf35a0e1004c73db4797,2025-11-13:3_right | 2026-02-04:5_right | 2026-03-01:9_left,Leeds United F.C.,ENG,2024,1217.1152036862366
Short rib poutine,,8.0,89.5,116e9ddefd8ef49683eb5640017e3b73,2025-06-03:8_left | 2025-07-10:0_left,Vancouver Whitecaps,CAN,2024,1122.0443258151447
Sharer box,"Chicken fillet tenders, hash browns, fries and BBQ salsa",19.0,80.03333333333333,11bff164d595878ad6e0cb05e03bf521,2025-10-03:6_right | 2025-11-25:1_left | 2025-12-30:1_left,Manchester City F.C.,ENG,2024,1140.6787685020754
Make your own sandwich,,1.3,85.6,11c129b619810ff19561e91665bbb47a,2025-11-15:8_left,São Paulo FC,BRA,2025,1138.2064198455637
I keep my bread in the fridge,,,14.0,11c2b6e55c8793951c9a93a805c894f9,2026-05-01:7_right,YouGov polling data,ENG,2026,999.047561782214
Ice cream sandwich,,0.5,25.49,11c3fb2b9a98194fb879c9335292121c,2026-04-27:6_right,Bali United FC,IDN,2024,854.8363445199549
Rice filled roast pork,With crackling,3.0,44.265,11c852871956672632f66d9a9a42c6a9,2025-04-25:4_right | 2026-05-30:3_left,Millonarios FC,COL,2023,803.5780467259185
Munchie Box,"Cheesy chips, cheeseburger, doner meat, chicken pakora and pakora sauce",9.0,82.7,11cb59cf5d787161b192fd85e39db665,2025-05-04:9_right | 2025-10-07:6_right | 2025-12-24:2_right,Partick Thistle F.C.,SCO,2022,1016.2894178590584
Gloucester monster burger,,6.5,96.4,11ce68ee8f71bbeb8e4a5767d9f9fd4a,2025-05-14:1_left | 2025-06-14:0_left | 2025-07-01:1_left | 2025-11-15:8_right,Gloucester City A.F.C.,ENG,2023,1219.5232898599932
Cheeseburger and chips,,5.0,87.5,11fddb3e79df2e2308637ec652eddeb5,2025-06-09:1_left | 2026-05-30:5_left,Llantwit Major A.F.C.,WAL,2025,1167.4223492865672
Currywurst and beers,Beers included in price,7.5,82.8,120967fbba3d8c740bc37bfe58e19117,2025-05-31:2_left | 2025-07-28:8_left | 2025-08-11:9_left | 2025-09-22:8_right,Schalke 04,GER,2024,1035.738118439181
Hot dog in waffle,,3.8,65.8,120fee4dc3047d71c1955c95fd3c1cb5,2025-05-18:3_right | 2025-09-15:1_right | 2025-11-16:7_left | 2025-12-03:7_left | 2026-03-04:3_left,Fredrikstad FK,NOR,2023,848.5626272706877
Chicken katsu loaded fries,,7.5,92.2,1228604a4bf66d2c33bef4577a444aa8,2025-04-28:5_right,Celtic F.C.,SCO,2023,1160.9657390383495
Pizza,,6.7,17.6,1238c49dd67789d5ff8abd19eb09bf58,2025-05-30:4_left | 2025-09-19:7_right | 2025-09-23:7_left | 2025-11-25:8_right | 2026-02-24:1_left | 2026-03-25:6_right,Celtic F.C.,SCO,2022,896.1116808896109
Jerk chicken,With collard greens and rice,10.0,55.31,124e8696fc638d1354c537c8857e3142,2026-05-31:8_left,San Diego Loyal SC,USA,2022,1024.1873579528103
Bacon cheeseburger,,8.5,8.565,12e98a10eb00e03dee08c4e88c9aa7f7,2025-10-24:6_left | 2026-05-20:3_right,Real Madrid,ESP,2024,755.506069380559
Butter chicken poutine,,6.7,89.2,12eda146221494f94e129250b8c8aab9,2025-04-28:6_left,Toronto FC,CAN,2022,1197.2930898130749
Pepperoni pizza,With a pint of Ringnes and a G&T,35.0,62.785,12edcae14c8a869a6e8952cf03e00d62,2026-02-17:6_right | 2026-04-03:5_left,Vålerenga Fotball,NOR,2025,1036.7487140946694
Chili chips and rice,,3.5,48.66,12f39c8e19fd2017cd6f51b8e4602743,2026-05-12:1_right,Curzon Ashton F.C.,ENG,2022,938.759920098715
White pizza,With broccoli,5.7,25.125,12fe09b042784d5e7dc52b758446f39f,2026-04-19:2_right | 2026-05-09:2_left,Philadelphia Union,USA,2022,864.3091701645249
Jerk Chicken,With Rice and Pea,6.5,65.13,130a83fb702f0b36320d5bdd8bdfb749,2025-11-17:8_right | 2025-11-19:7_right,Preston North End F.C.,ENG,2024,1096.1564088146758
Katsu chicken loaded chips,With sriracha and spring onions,6.0,92.59999999999998,133b08d7728f5a753f5af3622e44e0e9,2025-05-22:2_right | 2025-09-16:7_right | 2026-01-17:0_right,Oxford City F.C.,ENG,2022,1238.5771767078595
Steak and ale pie,"With mash, gravy and peas",5.5,76.6,133d72236721cdff0f0dfc57ca89c537,2025-04-23:7_right | 2025-06-18:8_left,Stockport County F.C.,ENG,2023,904.7074142023566
Short rib grilled cheese,,11.7,64.14,13636003528b7a0c788349876d766af6,2025-10-14:4_right | 2025-10-26:0_right,Dallas FC,USA,2023,1066.3747605967244
"Pie, chips and gravy",,4.0,40.74,136e9060c4bc1ec24182b817ddacf7b4,2025-10-12:7_right | 2025-10-23:6_left | 2026-03-25:2_right,Burscough FC,ENG,2024,962.0118643104096
"Pie, chips, peas and gravy",,,36.980000000000004,137f5ab95091297309235ed054bde530,2026-02-02:4_left | 2026-04-26:3_left,Matlock Town F.C.,ENG,2021,959.4021433662772
Chinese box,,10.0,77.05,138a5daf7a1eec1f30f2fa78bfcfa3f9,2026-02-01:5_right,Reading City F.C.,ENG,2025,1153.9316732081743
Cheesy hot dog,,4.5,23.3,138b647ed673f1cb120f39a75a57714f,2025-06-27:3_right | 2025-06-28:7_left | 2025-08-15:1_left | 2025-08-19:8_right | 2025-09-26:7_right | 2026-02-01:6_right | 2026-03-07:9_right | 2026-03-09:0_right,Weymouth FC,ENG,2023,804.5922333529812
Bratwurst and beer,,11.5,24.566666666666663,1393b1156632f128f6407ad91d272cac,2026-03-02:2_left | 2026-03-05:5_left | 2026-04-25:6_right,Letzigrund,SUI,2024,877.2677809296334
Loaded popcorn chicken,With a pint of moretti,10.95,88.44,139c647f88d675b8b81a968063f59e9d,2026-02-09:7_right,Tottenham Hotspur F.C.,ENG,2025,1155.1202152794565
"Steak pie, gravy and mushy peas",,5.5,65.6,13af9958b737757745f2d592893f338b,2025-05-11:8_right | 2025-07-25:7_right | 2025-08-12:9_right | 2025-08-24:4_left | 2025-08-28:2_left | 2025-09-16:4_left | 2025-10-06:7_right,Wigan Athletic F.C.,ENG,2025,856.3334329806946
Average of all Mexican scran,,,48.72,13c388b295b59ff25437004801fb67ac,2026-05-22:4_right,,MEX,2026,998.2417582417582
The Glizzilla,"23-inch, 1-pound, all beef",36.35,45.11,13c43584ce154458fd03f71e365c832d,2026-05-10:1_right,"Coors Field, CO",USA,2026,977.4093576191824
Double cheeseburger,,5.0,81.08999999999999,13c5bafc5ed49eb3369cf98bbd0d2008,2025-12-10:2_left | 2026-02-14:3_left | 2026-04-21:3_left,Sheffield United F.C.,ENG,2025,1171.2312357936592
Pork belly burger,With seasoned fries,7.0,84.4,13d5f7d3ed57b0a278ae4a0393e17f8a,2025-07-22:8_right,Penybont FC,WAL,2022,1075.825856718942
Kiwi and sausage pizza,,6.0,34.8,13d97a6d4b5ea057f623fd80725fa5d2,2025-05-16:2_left | 2025-06-04:6_left | 2025-07-17:8_right | 2025-07-21:8_right | 2025-07-24:6_left | 2025-08-15:4_right | 2025-09-10:6_left | 2025-09-28:9_left | 2025-10-07:8_left | 2025-10-08:9_left | 2026-02-28:8_right | 2026-03-23:2_left,Cerezo Osaka,JPN,2023,793.0047194669368
Wigan kebab,Pie and gravy in a roll,3.5,45.99333333333333,13f03ce72a16caeb601786debb5959c5,2025-06-07:0_right | 2025-07-15:1_right | 2025-09-24:2_left | 2025-10-12:9_left | 2025-12-23:8_right | 2026-05-15:6_right,Rochdale A.F.C.,ENG,2022,748.0544603497153
Chicken wings and rice,,0.3,56.974000000000004,1409a4607880be93abcaebfbce45f237,2025-05-09:0_left | 2025-06-02:6_right | 2025-08-21:6_left | 2026-04-16:7_right | 2026-05-31:5_right,PSS,IDN,2023,783.5779545760086
Pork bap,,3.5,74.8,142c5f21ece5f115bf4f178165394a3d,2025-10-07:4_right | 2026-04-08:7_right,Sittingbourne FC,ENG,2022,873.0121109933931
Chicken and chips,,7.5,90.19333333333333,1451df604f7ec894da9345329402d99c,2026-02-09:5_left | 2026-03-21:5_left | 2026-03-30:1_left,Leeds United F.C.,ENG,2024,1255.6971252112592
Brannigans Roast Beef & Mustard,Also available in smoked ham and pickle,,88.58,1453be6fd25417861c1da5503e4210e2,2026-02-20:4_left,Brannigans,ENG,2014,1024.6917998799715
Cheeseburger,,4.5,30.45,146077a855a621fc6c3efc248364f295,2026-03-24:3_left,Chatham Town,ENG,2024,896.8417069383491
Two pork and cheese pupusas,,11.0,73.3,14691e6c45b44258082c5675d08d00ea,2025-07-26:4_right | 2025-08-25:0_left | 2025-08-27:0_left,DC United,USA,2023,1000.408350091203
Sausage,,5.0,83.4,14846e3a560d90e8c8a6de63a76e1152,2025-06-23:3_right | 2025-08-18:8_right | 2025-10-02:8_left | 2026-03-18:4_right | 2026-04-02:1_right,Royale Union Saint-Gilloise,BEL,2022,1015.6683307260316
Hotdog,,7.1,5.92,14866c523073ae1c88d7e4037cc62bb9,2026-01-04:7_left | 2026-01-26:7_right,Sydney FC,AUS,2025,767.6057635380353
Baked potato topped with jumpscare,,6.66,83.07,14913d6fc12352f4679a0fce3798e162,2025-10-31:5_right,Whitby,ENG,2025,1021.1675878610909
Mince Meat Pie,"With chips, gravy and mushy peas",5.5,39.17,14c391948354448ac6996b3d6f74aeda,2026-01-27:1_left,South Shields F.C.,ENG,2025,833.5454371114929
Veggie burger,,6.66,60.96,14ca99418789e82ed1f590a874dd7ff1,2025-10-31:9_right,Unknown Location,GRE,2025,1007.0132762312634
Oatcake Mix,,4.0,17.169999999999998,14f75673aed68ffb710314766a267e2b,2025-11-10:9_right | 2025-11-20:2_right,Stoke City F.C.,ENG,2021,763.1314383559546
Fish and chips,With mushy peas and curry sauce,12.0,63.1,15015bee7bcf759f04595723580dade4,2025-04-28:1_right | 2025-05-10:1_right | 2025-07-16:2_right | 2025-07-25:6_left | 2025-11-20:9_right | 2025-12-21:7_right | 2026-04-10:0_right,Brighton & Hove Albion F.C.,ENG,2024,905.5856481432808
The PaulCurryHurst,"Salted fries, sliced German bacon frank, currywurst drizzle and jalapenos",6.5,84.1,150945ef0470082a4c53f4d9c9f1e84c,2025-08-09:4_left | 2025-09-13:1_left | 2025-09-29:9_left,Grimsby Town F.C.,ENG,2023,1076.0055315783952
Chicken burger,With chips,10.8,33.45,150a23aa589c6019a932a93062e33265,2026-05-03:6_left | 2026-05-31:0_left,Arsenal F.C.,ENG,2022,898.1761578770106
"Sausage, egg and cheese breakfast special",,7.0,49.02,150c01b4100ff8ede2151eb21f956a9a,2026-05-12:3_right,Brighton & Hove Albion F.C.,ENG,2024,965.7088337858584
Carne asada fries,,14.5,61.23,15132e5eb72c074117724df8ded9b4cd,2026-01-29:2_left,Angel City FC,USA,2022,1058.4843206972391
Chicken tikka and chips,With a samosa,9.0,83.4,1515c5f054c11ed7123532af285fadb2,2025-06-03:1_right,Aston Villa F.C.,ENG,2022,1052.675190563167
Masala chips,,2.0,54.49,1527b95ca3753dab4251ad338c06f237,2026-01-10:0_left,"Stanmore, London",ENG,2025,1007.0647319538238
Hot dog,,6.5,14.459999999999999,152992645d3e2e6f28c6519975519993,2025-10-09:7_left | 2025-11-22:7_right | 2026-01-03:4_right | 2026-02-28:7_right | 2026-03-01:7_left | 2026-04-19:8_left,Gotham FC,USA,2023,801.4179716826704
2 Lamb yiros,With chips,6.2,96.1,1532c91a3c1e890619f12e8d2c9b9d09,2025-06-10:2_left | 2025-06-26:8_right,Playford Patriots,USA,2024,1192.5199472997144
Hotdog,,4.55,62.41,153c819ee27f989f2ebbaa84a9bf36ff,2026-02-13:1_right,Yokohama FC,JPN,2025,1097.654940844347
S’mores Quesadilla,"Nutella, mini marshmallows, and graham cracker crumble",9.6,83.74,15a417d85639a36c167a48fa3365bab2,2025-11-21:6_left,Philadelphia Phillies,USA,2025,1151.3682981299874
Cheeseburger loaded fries,,7.5,83.6,15d105db69ba7bbade62caf92627836b,2025-09-11:8_right | 2026-01-18:2_left | 2026-02-08:4_right,Leeds United F.C.,ENG,2024,1141.665336073099
Monster burger,,5.5,80.4,15dbf6ef1011e0c1659073b36537aa66,2025-09-25:7_right,Braintree Town,ENG,2022,1055.144409620348
"Tacos, a burrito and fries",,9.0,82.075,15e0df6b24defba44d71a4a123974769,2025-06-08:9_left | 2026-05-20:5_left,CF Montréal,CAN,2022,1177.2092199272874
Potato sandwich,,0.55,32.38,15f4549fe0c6c8baf7a172dac86849f9,2026-04-27:2_left | 2026-05-16:4_left,Cairo Intl. Stadium,EGY,2025,910.6224366097142
Mozzarella sticks,With salsa dip and a beer,5.2,74.9,16098689745890899146462c1078ffe4,2025-07-20:8_left | 2025-09-11:9_left | 2025-09-20:7_left,Chemie Leipzig,GER,2023,940.8901260798772
Pizza,,7.45,36.665,162832316bf762d632b07bd5248b8d12,2026-01-04:7_right | 2026-02-09:4_right,A baseball game,USA,2024,917.626797811904
Roast potatoes with beef and gravy,,3.9,84.0,162f17688aae81163ca4394add259505,2025-07-12:0_left | 2025-07-22:1_right,Huddersfield Town A.F.C.,ENG,2022,1014.623488162886
Low-histamine diet,"Rice, pumpkin, cucumber",0.0,86.1,1631c26d97c2aa9ad7bccbfbceec32bd,2026-04-24:8_left,Unknown Psychiatric Hospital,GER,2026,1023.102765680674
"Pie, mash and gravy",,5.5,82.7,163facab6c8e79352a47980be90eb17b,2025-04-30:8_left | 2025-09-13:2_left | 2026-01-19:2_right,Cambridge United F.C.,ENG,2022,861.1603414914382
10 inch sausage roll,,3.5,88.0,165ee751adda30e9f9b981cfeea2f833,2025-05-08:5_right | 2025-05-14:5_right | 2025-06-26:0_left | 2025-06-27:5_right | 2025-08-17:5_right | 2025-09-28:7_right,Swindon Town F.C.,ENG,2024,1031.2155622584717
Breakfast pie,"Sausage, bacon, beans and black pudding",2.5,69.3,168c7c205be32a3c3e2808fec1072e02,2025-05-30:8_right,Livingston F.C.,SCO,2022,838.4798410530776
Chicken schnitzel sandwich,With potato pies,9.0,85.1,16900eba7a571eab4851fbb47b9728fb,2026-03-14:1_left,FC Cincinnati,USA,2022,1084.1033898116189
Pizza,,2.3,59.115,169a2cc37d353294a49385d728440b4d,2025-05-01:2_left | 2025-06-27:9_right | 2025-07-01:2_right | 2025-07-12:2_right | 2025-08-22:5_left | 2026-05-24:4_right,Botafogo de Futebol e Regatas,BRA,2023,881.0011037534185
Hot dog,,4.0,14.6,16a6e6b8956e930a265faf623955ef52,2025-05-19:0_left | 2025-07-26:0_right | 2025-09-05:5_left | 2025-09-22:3_right | 2026-04-18:8_right,Lancaster City F.C.,ENG,2022,727.55745848726
Homemade chicken curry,With chips,6.0,77.57,16c373ada977ccf93c70cf236ef39c2c,2026-01-13:4_right | 2026-04-08:4_left,Punjab United F.C.,ENG,2025,1144.0389028952336
Hot dog and juice box,Free for parents,0.0,40.83,16df0ca4188feb6ce2cedbd08718188e,2026-05-15:9_left,"School function, Helsinki",FIN,2026,934.2181149892848
Hot dog in a waffle,,2.6,25.8,16e31e839190d590eaf12295d90e8e21,2025-04-20:0_left | 2025-04-29:8_right | 2025-07-19:7_left | 2025-07-27:4_left | 2025-08-29:5_right | 2025-10-06:3_right | 2026-02-23:7_right,Fredrikstad FK,NOR,2022,813.8644360449291
Hot dog,,3.3,38.576,170ce7bf454c815d4a308c214af84eee,2025-10-14:3_left | 2025-10-15:4_left | 2025-10-16:4_right | 2025-11-07:5_right | 2026-05-10:8_left,F.C. Copenhagen,DEN,2025,906.0361225562812
Pepperoni pizza,,8.0,73.0,172c66f78354cf979bcc4eaa7595e099,2025-06-01:3_left | 2025-06-18:0_right | 2025-07-17:1_left | 2025-08-13:0_right,Sydney FC,AUS,2024,1003.2953831308648
Cheesecake and ice cream,,4.5,45.27,178cb9e9372b530462038bb338025069,2026-05-23:9_left,Gainsborough Trinity F.C.,ENG,2024,998.05201071017
Bratwurst and a pint,,1.4,89.9,1796c2b2ea53e7ad0214d67a70b78fe4,2025-12-17:8_left,TJ Sokol Hořiněves,CZE,2022,1059.4923312065455
Currywurst and bread,,3.7,83.7,179878d74b5e210ec122d53b2b81224b,2025-06-14:6_right | 2025-06-25:6_right | 2025-08-28:5_right,RB Leipzig,GER,2023,1079.777676172671
Hot dog,"3 sausages, onion, corn, peas, mustard, mayo, ketchup, parsley and chives",3.0,65.5,17c34b1701671919a22009dd4fdfc2d0,2025-04-27:7_left | 2025-06-11:1_left | 2025-08-22:3_right,Grêmio FBPA,BRA,2023,1021.9318238488116
"Sausage, chicken and bacon skewers",,1.4,95.8,17d6d342af322f7a8fb84bd935fa7d31,2025-05-04:5_left | 2025-07-26:2_left | 2026-02-14:6_right,Recife,BRA,2023,1231.7885170565885
Zsiros Kenyer,Onion bread with a pint,2.2,41.7,17fd9cd144699712697121c7ee6e09c5,2025-07-18:4_left | 2025-11-28:3_left | 2026-01-17:2_right | 2026-04-03:7_left,Újpest FC,HUN,2022,837.1299080925538
Chorizo hot dog,With a mustard and pesto sauce and a tropical drink,4.5,79.6,181e9769ac4a0ed47806ba08e1cab672,2025-05-12:3_left | 2025-08-10:4_right | 2025-09-18:5_right,Municipal Liberia,CRC,2024,941.0561948276892
Chicken and halloumi souvlaki,,8.0,91.98599999999999,1828fc63d6cb92f7ffe9a70ba405465e,2025-07-10:2_right | 2025-07-21:0_left | 2025-08-06:5_right | 2026-01-03:6_right | 2026-05-28:5_left,Dulwich Hamlet F.C.,ENG,2023,1181.8660365673704
Lemon and garlic chicken flatbread,,,88.7,1829ff904980cbad5f9ce87b7163ff55,2025-05-05:0_right | 2025-07-26:2_right,Brighton & Hove Albion F.C.,ENG,2025,1188.6320670643092
Heinz Baked Beans Pizza,With cheese,,89.89,1852951aabdbc5703c55008897550191,2026-02-20:9_left,Heinz,ENG,1995,1025.527555453922
Cheesy chips,,3.0,26.1,18623f421b84061304b44a1b1a96061d,2025-07-18:1_right | 2025-08-08:7_right | 2025-08-11:9_right | 2025-08-19:3_left | 2025-09-26:7_left | 2025-09-30:5_left | 2025-11-18:9_left | 2026-04-05:2_left,AFC Telford United,ENG,2022,767.0068129128877
"Steak, chimichurri sauce and chips",With a drink,10.0,73.5,187703cd2a84d3cbf78954f9a190e7b3,2025-12-06:4_left,Cambridge United F.C.,ENG,2025,1108.3104297800026
Chicken curry,With rice and chips,8.5,52.91,18902fb83d5982a16e4a2bec9860e5a9,2025-12-15:9_left,Cardiff City F.C.,WAL,2023,1027.80655020071
"Sausages, chips and curry sauce in a cob",,4.5,73.6,18b076559e560170d6b1cf74f5376356,2025-05-12:2_right | 2025-07-24:9_left | 2025-09-22:2_left | 2026-01-31:9_right,Merthyr Town F.C.,WAL,2022,923.3763758668453
"Chips, cheese and curry sauce",,4.0,38.2,18b81e8982fe82573c56e1cdd6ccd903,2025-05-09:9_left | 2025-05-12:2_left | 2025-05-30:3_right | 2026-01-19:3_right,Rangers F.C.,SCO,2022,789.3512540465308
Bocadillo,With ham and cheese,4.35,53.00666666666666,18ed77c938b5d82866887d3978d49c06,2026-01-30:9_right | 2026-04-14:9_left | 2026-05-16:5_left,Valencia,ESP,2025,1007.3651963343586
Brisket sandwich,,6.8,73.9,1901718693b0c339ffde5bce7891c66e,2026-03-02:7_right,Atlanta United FC,USA,2022,1015.812349165184
Breakfast deal,,3.5,8.13,1908d30f01c172bb0ad5c03f10d4aeb6,2026-04-21:8_right | 2026-05-13:2_right,Manchester Arndale,ENG,2026,719.9733315117478
Sausage,,3.0,90.3,19376a7b4b0494dead5cd5f6e68281ad,2025-06-07:7_left | 2026-01-17:4_left,Bohemians 1905,CZE,2024,889.4204304275924
Veggie burger,,5.2,18.36,198238928b0a1cab39618f6edce22485,2025-10-10:9_left | 2025-10-24:9_right | 2026-02-17:2_right | 2026-03-30:0_right,Europa Conference League,GRE,2024,818.9287100551663
Loaded fries,,7.95,83.30333333333333,19c4373b992d0b89b115c4304f29ef4b,2025-10-28:0_left | 2026-02-23:4_right | 2026-02-25:9_left,Leeds United F.C.,ENG,2025,1191.0419328512546
Dried fish with hot sauce,,1.3,47.9,19fba71c7b911889768548f8cde10594,2025-04-21:0_right | 2025-05-07:0_left | 2025-06-20:4_right | 2025-09-16:9_right,Oaxaca Alebrijes,MEX,2023,711.7064847804426
Rotisserie chicken,With macaroni cheese,14.0,75.7,1a1ba700f4304d60b0db04bc3eab2a65,2025-05-17:9_right | 2025-06-30:4_left | 2026-01-24:3_right,Los Angeles F.C.,USA,2023,1135.662194676942
Coxinha,Chicken paste in deep fried bread,0.8,77.8,1a214f155a85165e11e03c041390fc9c,2025-05-11:2_right | 2025-06-18:7_right | 2025-08-31:2_left | 2026-02-07:7_right | 2026-04-16:9_right,Club Athletico Paranaense,BRA,2022,948.6588480767048
Camden Helles,Price for one pint,1.0,58.06,1a35b056124e0b74e393cf5dea6a87b9,2026-01-23:5_left | 2026-01-28:0_left,Fulham F.C.,ENG,2024,1031.4221707052943
Bratwurst with a big pickle,,7.7,24.78,1a41c6150e1ed0fbcf7072f65e285091,2026-04-20:8_left | 2026-05-26:3_right,Terror In The Corn,USA,2025,864.0633806803344
Chicken tikka kebab,With a pint,8.0,75.7,1a44467991a6d91ebd9ff72d061be324,2025-05-22:8_left | 2025-05-31:7_left | 2025-06-21:8_left | 2025-07-29:1_left | 2026-01-18:8_left | 2026-04-03:3_right,Wrexham A.F.C.,WAL,2022,925.2194739091514
Sausage baguette,,3.5,29.675,1a480e959a2f6e5cd5170d9f5cc4e118,2026-04-23:8_right | 2026-05-12:7_left,Heybridge Swifts FC,ENG,2025,883.8893995096869
Pieminister chicken tikka handy pie,,4.95,39.73,1a4a607dee5b13152bf04b4c1b8f92f7,2026-04-05:7_left,Leeds United F.C.,ENG,2026,956.6251262704584
Samosas,"Chicken, lamb and vegetable available -- price for 2",5.0,75.5,1a5d92edc87d65de38ae5e842aaaa81b,2025-06-07:0_left | 2025-07-20:2_right | 2025-08-10:6_left | 2026-01-24:2_left,Walsall F.C.,ENG,2022,929.2602245495876
Pasta salad,Free with a broken leg,0.0,6.0,1a6b6151eac93b7b5ca3da480dfac644,2026-04-24:9_right,Manchester,ENG,2026,971.8369304556356
Long fries with cheese,,4.5,71.8,1a8214bd9ff9452ff805b13f2fb478f1,2025-08-15:5_right | 2025-09-26:1_left | 2025-11-12:5_left,FC Tokyo,JPN,2023,892.1873197358668
Hot dog,,7.0,68.86,1a9551906c9c19240fd5e5b581d5cbf8,2025-10-18:5_left | 2025-10-20:8_left,Birmingham,ENG,2022,1094.0080956942554
Carne asada plate,"With fries, chicken, rice and stewed sauce",1.6,41.94,1ab15c37fd926d27a5bfbda3294d4019,2026-05-27:8_right,C.D. Atlas La Unión,SLV,2023,956.0334511274682
"Lobster, steak, chicken tender and salad",Free with suite admission,0.0,56.485,1abefda2ae1eba73a03872f1276d0f4e,2026-02-27:5_left | 2026-03-22:7_right,Phoenix Arena,USA,2025,1043.285401285401
Slice of Chocolate Cake,,0.3,89.01333333333334,1ac2a3aa315893d8311a61660d38a8f6,2025-04-24:7_left | 2025-06-14:7_right | 2025-06-30:7_right | 2025-08-27:5_left | 2025-11-21:0_right | 2026-05-24:3_right,Bedworth United,ENG,2024,1085.8890382211896
The chippy tea butty,"fishcake on a bed of chips, topped with mushy peas and tartar sauce",8.0,77.8,1ac308f1acf56dbaa4e960ea1af3b537,2025-07-01:9_right | 2025-09-16:0_right | 2026-01-14:5_left | 2026-02-17:4_right | 2026-04-18:1_right,Doncaster Rovers F.C.,ENG,2024,1034.2292396614494
Chips and curry sauce,,3.5,40.9,1ada3626bba10cdb2b8e2dbd098556e6,2026-04-27:7_right,Bowers & Pitsea F.C.,ENG,2025,928.1938434593033
Vegan curry sausage,With fries and a small salad,4.8,73.0,1adfbf189f7391a854773d07099e61b9,2025-08-01:5_right,MPI-NAT in Göttingen,GER,2023,1010.252427184466
Omurice,With chicken katsu,5.0,92.3,1ae545f448b0a7000119f20cce2ec8c8,2026-03-24:7_right,Yokohama FC,JPN,2025,1201.368490319722
Apple with an evil worm,,6.66,49.7,1af2a273d1e5864f880be9b38901fe29,2025-10-31:1_right,Bad Apple!!,JPN,2025,999.8048969321592
Double cheeseburger,,4.5,58.59,1af3f1d9a56c449b8b8110fb45f5ece4,2025-11-27:0_right,Club Leon,MEX,2022,1101.202690817811
Chicago style hot dog,,7.8,17.994,1b020f55947179319bbdd5af46229cf7,2025-05-11:8_left | 2025-06-02:1_left | 2025-07-04:6_left | 2025-10-06:2_right | 2026-05-23:1_left,Chicago Fire FC,USA,2023,824.4044250851757
"Chips, pork, stuffing and onion gravy",,6.0,81.7,1b08e44069019661c9eb395d85ba742d,2025-05-02:3_right,Sunderland A.F.C.,ENG,2022,1049.2481754257285
Krakauer and a pint,,8.0,86.1,1b660facd843ec0cb853a25624131faf,2025-04-30:6_right | 2025-06-26:8_left,FC Schalke 04,GER,2023,1068.17401383552
Strawberry daiquiri / pina colada mix,,16.45,52.41,1b7bad06896cd389479b0659f810aff7,2026-05-19:9_left,New York Red Bulls,USA,2022,1015.8225729008813
Chicken curry and rice,With a bottle of Moretti,9.95,65.19333333333334,1b9bf7f3399ce9241a2f6e4acb6946aa,2026-02-10:0_right | 2026-03-17:4_right | 2026-04-29:5_left,Shamrock Rovers F.C.,IRL,2024,1055.1209163819165
Pulled beef and gravy topped chips,,6.0,89.5,1ba8253985c89c71085e369a4b4d6d22,2025-05-29:0_right | 2025-06-05:3_left | 2025-08-13:5_right | 2025-08-24:6_right,Hartlepool United F.C.,ENG,2023,1069.7615549603247
Coral Tooth,Hericium coralloides,0.0,100.0,1bbcabae8a90ddea6572d1c5f40a7221,2025-12-05:5_left,The Woods,ENG,2025,1003.4764629868932
Meat and potato pie,With mushy peas and gravy,3.0,60.5,1bc57d9dce65db3fb09d5d3bbded6906,2025-07-25:5_right | 2025-08-12:3_left | 2025-08-19:2_left,Chorley F.C.,ENG,2023,801.7329338619542
Fish fingers and mushy peas hot dog,With chips,5.0,32.11,1be25c7e692f1dd3537d4e843289b985,2025-12-19:2_right,Grimsby Town F.C.,ENG,2022,926.8492631488002
Deep fried cheese in a roll,,3.3,73.7,1c3ed8e55090c3795926a9e7770fbe57,2025-05-19:1_right | 2025-07-12:6_right | 2025-08-05:5_right | 2026-03-22:0_right,Sparta Rotterdam,NED,2022,853.8570154341962
Chicken tikka and chips,,6.0,79.4,1cb91a302e32d256f5d9127cbaf8b8f2,2025-11-25:6_right,Aston Villa F.C.,ENG,2022,1121.5896224185242
Chips and sausage,With curry sauce,5.0,60.9,1ceaef3ff0979c3d100c64b821dc8838,2025-06-29:8_right | 2025-12-06:5_right | 2026-04-15:5_left,Leamington FC,ENG,2022,811.0157360748873
Apple and mince pie crumble,With custard,6.0,21.938000000000002,1d109d74b025f29739660eec801e4ae1,2025-10-28:3_right | 2025-11-03:8_left | 2025-11-21:9_right | 2025-12-14:3_right | 2026-04-06:3_right,Brighton & Hove Albion F.C.,ENG,2024,816.8766746210496
Pie and mushy peas,,3.5,12.87,1d23b197b7dc51c1d16f5eb82c292afc,2025-12-09:0_right | 2026-05-04:8_left | 2026-05-05:5_left,Thackley AFC,ENG,2023,804.8438839729362
Sausages and sauerkraut,With a long drink,,30.869999999999997,1d27ecb0a980ec52e0bd824ed28ba0a7,2026-03-07:2_right | 2026-03-29:7_left,Helsinki,FIN,2024,883.8711127675712
Zapiekanka,"Bread, cheese, mushroom paste and tomato sauce",2.6,60.7,1d761642252ea0f6acbc41907f489e8b,2025-07-08:8_right | 2025-07-29:9_right | 2025-12-22:2_left | 2026-01-28:3_left,Lechia Gdansk,POL,2022,908.1385265614284
Crab apple,Malus sylvestris,0.0,100.0,1d8260d64f646e2b75bc7fffa70be81f,2026-03-06:6_left,Mother Nature,,2026,1016.055743152704
Donner meat and chips,,5.0,34.39333333333334,1d968db0fd87daaa565acabb4d6e90f4,2025-12-29:3_left | 2026-04-14:9_right | 2026-05-21:6_right,Sheffield Wednesday F.C.,ENG,2025,861.5501571651644
Loaded fries,"Chips, cheese, onion, bacon, chili sauce",5.0,72.37666666666667,1da5a62edbb76fc919b67366ab973bf6,2026-01-10:2_left | 2026-01-29:5_left | 2026-02-12:5_left,Larkfield & New Hythe Wanderers F.C.,ENG,2025,1089.930366722565
Beano Burger,,7.0,63.89666666666667,1da6598d5e07537f383be765568609a4,2025-12-08:0_left | 2025-12-23:5_right | 2026-04-11:7_left,Badshot Lea F.C.,ENG,2024,1090.6950437601647
"Sausages, chips and curry sauce",In a hollowed cob,4.5,42.14,1dafb082513c530c03f88f30b5654139,2026-04-30:0_left,Merthyr Town F.C.,WAL,2024,963.0732154696852
Hot dog,,7.0,56.721666666666664,1dccbb993b6853f9d54f70a174d99d4f,2025-10-18:0_left | 2025-11-03:1_right | 2025-12-21:9_left | 2026-03-11:0_right | 2026-03-19:1_left | 2026-05-05:8_left,Hull City A.F.C.,ENG,2022,1038.983243373927
Cheeseburger with pickle,"With wavy fries, coke zero and smart water",21.15,31.88,1dd5eff14edc44668c7eb9e49b7f2344,2026-05-26:8_left,Pittsburgh Pirates PNC Park,USA,2026,873.833159593864
Burger and chips,,5.0,58.43,1de2684328c251277dae76a16513cd7c,2026-05-26:6_right,Johannesburg,RSA,2026,1038.7022880606212
Pizza logs,,8.0,85.0,1e07b1ce5f96e7607717b91beed0a230,2025-07-16:2_left | 2025-09-10:5_left,Pittsburgh Riverhounds SC,USA,2023,1089.745368596023
Double bacon cheeseburger,With chips,7.5,89.4,1e0eaf0086af0123490cc083e8f40258,2025-04-29:7_left | 2025-06-18:5_right | 2025-08-30:2_left | 2026-03-29:6_right,Horsham F.C.,ENG,2022,1172.766136437492
Giant Yorkshire pudding,"Filled with a Cumberland sausage, mash and gravy",8.5,68.64,1e35a41da1204f2826b25eae4d8fdfdf,2026-03-29:5_left,Optus Stadium,AUS,2023,1110.4684512427882
Klobása,,3.7,37.565,1e54f35774e72264fe1e4140b94526a2,2025-12-02:6_left | 2026-02-17:2_left,Loko Praha,CZE,2025,973.1869235745652
Short rib poutine,,8.4,90.3,1e57ccacfe008953fc625bb9728cf56c,2025-05-10:8_left | 2026-04-18:8_left,Vancouver Whitecaps,CAN,2023,1153.8104326158063
Hot dog and chips,With a drink,7.0,90.3,1e5b6c00193017df47e7b311c00bbf81,2025-05-17:1_left | 2025-07-01:7_right,Salford City F.C.,ENG,2022,1169.1010584312194
Footlong hot dog,"With peppers, onions and a Blue Moon",18.6,42.23,1e617fa4957faa3f6ec12fccabf6afc4,2026-05-24:9_left,"Pittsburgh, PA",USA,2026,959.083396201626
Pizza slice,,9.5,27.3,1e703611525df700dbd3691b1ba6482c,2025-05-16:7_right | 2025-08-19:7_right,Chicago Fire FC,USA,2023,932.037801554276
"Chicken pie, mash, peas and gravy",With a soft drink,7.0,21.14,1e89de9437f4fb7477965ec8828bbf3e,2026-01-20:5_left,Arsenal W.F.C.,ENG,2024,900.6612264623615
Chicken burger,With slaw,7.0,62.86,1e8eeb263784841a4369158b082e3870,2026-03-09:3_left,Unknown Location,ENG,2024,1079.8695084157453
Southern Fried Chicken burger,With Pepsi Max,21.25,27.89,1e9172d26ce3e2d2786d233e2102a6b8,2026-05-07:6_right,Arsenal F.C.,ENG,2024,925.12997595321
Hot dog,,7.4,12.845,1ec12ae6d335d53ae7cc73870a4725b0,2025-11-16:6_left | 2025-11-18:0_left | 2025-12-03:8_right | 2026-03-25:7_left,AVIVA Stadium,IRL,2023,781.6707319335698
Swedish meatball sub,,12.25,8.030000000000001,1edbe1fd5e1228e22cad43d43154c968,2026-01-13:9_right | 2026-05-18:5_left,Minnesota United,USA,2025,770.4341865490002
Lumpia,Price for 2,0.45,50.23333333333333,1ee7cf2ebebd78b2bf0102d37e32a3e5,2025-11-05:0_left | 2025-12-02:3_right | 2026-04-26:1_right,Gelora Bung Tomo,IDN,2025,995.1795902050756
Bacon cheeseburger,,6.0,48.57,1f0b3ee26ebde3b7be52d0eef4919d02,2026-05-18:3_right,West Bromwich Albion F.C.,ENG,2022,982.9258244885676
Fish and chips,With mushy peas,10.0,87.1,1f16595039b4aff30f6565b777abbf7b,2025-05-22:7_left | 2025-06-26:2_right | 2025-09-01:5_right | 2025-09-13:1_right | 2026-04-10:8_left,Manchester City F.C.,ENG,2022,1054.206163089695
Bucket of pickle chips,,3.7,34.68,1f187d319774a1839d9b92a71bf9ab99,2026-04-26:5_left,New York Mets,USA,2026,904.0103410981284
Loaded fries,,7.75,89.625,1f3017d40032018c3a575c1d63c21891,2025-11-26:9_right | 2026-03-17:1_right,Cobh Ramblers FC,IRL,2024,1166.6910519804896
Air pie,,,30.49666666666667,1f49189741e0d4a42d9caf331ecadd13,2025-10-01:3_left | 2025-10-03:7_right | 2025-10-04:6_right | 2025-10-22:0_left | 2025-11-07:1_right | 2026-03-14:8_left,Notts County F.C.,ENG,2024,733.5458670415309
Chicken wings,,4.0,83.5,1f51f6b43f7f66f4f44a1d6528593344,2025-05-08:6_left | 2025-08-13:1_right | 2025-09-02:9_right,Bristol City F.C.,ENG,2022,1081.8845575266366
Fan village breakfast,Included in the per-night cost,200.0,52.1,1f80a062b1f245e52a3f7213d997ac8d,2025-05-01:3_right | 2025-05-22:2_left | 2025-06-09:5_right | 2025-08-03:2_right | 2025-08-09:9_right | 2025-09-03:1_left | 2025-10-08:4_left | 2026-04-19:9_right,Qatar World Cup,QAT,2022,807.2620375289114
BBQ hot dog,,7.0,82.3,1f8a81b871cb4b3c9efdd9ea47069797,2025-05-29:6_right | 2025-07-13:0_left | 2025-08-12:6_right | 2025-12-07:1_right | 2026-01-07:7_right,Birmingham City Womens,ENG,2023,1105.1902471908138
Mysterious Brazilian Scran,With farofa,,38.913333333333334,1f974f37df0a6f4f03e7097121decb85,2025-10-11:0_left | 2025-11-19:3_right | 2026-01-06:3_left,Arena Castelão,BRA,2024,908.3723522379833
Pizza,,5.0,29.600000000000005,1f9c60a146579f680636f996dd0cf391,2025-04-24:0_left | 2025-04-30:0_right | 2025-06-26:2_left | 2025-09-19:5_left | 2025-09-28:8_right | 2026-03-18:5_right,Carlisle,ENG,2022,859.686611717938
Makkarapärinät,"Chopped sausages, curly fries and condiments",8.5,82.6,1faa193603e08a1d7771272109147f99,2025-07-21:1_left | 2025-09-22:6_right | 2025-09-28:1_left,SJK Seinajoki,FIN,2022,1029.3258920815006
Steak and ale pie,"With mash, peas and gravy",6.0,85.7,1faddd11debb4f2f2aaf2255fda93579,2025-07-21:3_right | 2025-09-15:4_left,Lewes F.C.,ENG,2022,918.4877707516246
Cheese and onion baguette,,2.0,22.100000000000005,1fb0c4a9db66bd3af05c4c673a8931c5,2025-06-20:1_right | 2025-07-03:3_left | 2025-07-08:7_right,CB Hounslow,ENG,2022,772.9649708454197
Secret bar,Chocolate lattice surrounding creamy mousse,,82.43,1fe85cfc0afb5c24ae7b51ba2f547987,2026-02-20:6_left,Nestlé,ENG,1985,1020.753844426984
Jockey whopper burger,"3 burgers, 3 bacon, 3 sausage, 3 cheese slices",9.0,86.7,200ed268a0c5e5dc1186ae7d159d5a0b,2025-06-15:3_right | 2025-07-30:7_right | 2026-04-02:4_left,Newmarket Town F.C.,ENG,2024,1202.163738471523
Half a roast chicken,With mediterranean pasta salad,4.5,78.7,201861925fbaca89d5f6c48d75eb9105,2025-07-11:4_right,TU Dresden,GER,2023,1015.728813559322
Indian meal deal,"Chicken curry, chips, naan and onion bhajis",10.95,88.0,201a1bbf0ecbabeccfe2dc025786a761,2025-04-21:1_right | 2025-06-04:1_left | 2025-10-04:3_right,Doncaster Rovers F.C.,ENG,2025,1102.7150767455917
Hawk burger,,6.0,94.3,2042f2911d56f6c188dbf270f8a5970d,2025-05-03:4_left | 2025-06-19:4_right | 2025-08-05:6_right,Havant & Waterlooville F.C.,ENG,2022,1183.246204735725
Kebapi roll,"With ajvar, chips and a drink",8.0,73.2,204349141d40c3c3b28e8370c009f4e9,2025-07-17:3_right,Rockdale Illinden FC,AUS,2022,999.7273254629924
Chicken curry and chips,,4.5,47.75,20627cca9c8ac548cdb46c5e1741eefb,2026-05-12:9_left,Coleshill Town F.C.,ENG,2022,1003.5937259451036
Pork skewers,Price for 3 skewers,8.0,85.2,2077987fc16f874c85fe1e59f6de151b,2025-06-01:0_right | 2025-07-13:6_left,Western Sydney Wanderers,AUS,2022,1017.7403932273816
"Mushroom, spinach and truffle pie",,8.0,27.8275,207b22abd57a567446ff3e4e4886e6c5,2025-12-15:1_left | 2025-12-19:5_right | 2025-12-25:6_right | 2026-04-07:2_right,Dulwich Hamlet F.C.,ENG,2024,884.4113937490379
Meat pie,"With mash, peas, gravy, compostable fork and bowl",6.5,44.24,207ff2f830c0b2da178407663110cd29,2026-03-22:1_right,Lewes FC Women,ENG,2025,938.3890036908437
Peppered chicken,On chow mein noodles,8.0,93.3,208b6944b79bb7b29e80aa5795dee366,2025-07-01:3_right | 2025-07-07:0_right | 2025-09-17:9_left,Welling United,ENG,2024,1020.187066024656
Bananas Foster,In souvenir Albuquerque Isotopes helmet,6.0,50.86,20b2c1b8f0c867b3fd3dedd5f66388bd,2026-05-23:4_left,Albuquerque Isotopes,USA,2026,1023.9024080390632
Fried chicken burger,,8.95,66.42,20b50c3eb212f31dfdaaba42bbe915b0,2026-02-21:9_left,Chelsea F.C.,ENG,2022,1062.786334674703
Sausage roll,With vegetable soup,3.0,26.0,211ecf97793689be7bdb0ce3af75e65b,2025-12-11:0_left,Long Buckby A.F.C.,ENG,2025,952.6058339298964
C-Ration Camels,Free for soldiers,0.0,75.28,214b2227bb823344287e2ead86a80698,2026-05-29:9_left,"Meal, Ready-to-Eat",USA,2026,1016.1809973976314
Chocolate croissant,,3.5,26.233333333333334,214fead2e7778efd9c493d7966210ba0,2025-10-24:1_left | 2025-12-23:3_left | 2026-03-24:9_right,Lusail Iconic Stadium,QAT,2022,858.6229278387193
Antichucho,Grilled beef heart,2.15,27.34,215b286759140bca8e20cc6a6a6d214b,2026-04-08:0_right,Club Sporting Cristal,PER,2024,861.846943632561
Stadium Dog,,3.3,20.2575,2160661efa57ef5c318812f042b9997b,2025-11-25:3_left | 2025-12-16:8_right | 2026-01-26:9_left | 2026-03-31:9_right,Sydney v Brisbane,AUS,2025,800.4226926416164
Smoked sausage and slaw sandwich,,8.2,62.17999999999999,21812d3ffeaaebacc0eeecc37452ce37,2025-10-23:9_right | 2026-03-10:8_right,FC Cincinnati,USA,2022,1057.08148549655
Cervelat sausage,With bread slice,4.9,25.599999999999998,218b17e44a2799634fcbe37ed2fef04f,2025-10-22:0_right | 2025-10-24:9_left | 2025-11-04:1_left | 2025-11-06:1_left | 2025-11-29:7_left | 2025-12-04:3_left,Liechtenstein Cup,LIE,2022,867.8975358196151
"Sausage, chips and gravy",,3.5,88.2,21aa20baa7bd48dce991c804b57214c7,2025-07-05:1_left,Gainsborough Trinity F.C.,ENG,2023,985.4512290747772
Lamb rogan josh,"Half rice, half chips",7.5,87.9,21d2d7078cf63c7133b12d956740ba87,2025-05-27:1_right | 2025-07-07:1_left | 2025-07-14:5_right | 2025-07-23:6_right | 2025-08-21:0_right,Altrincham F.C.,ENG,2023,965.6074813026388
Ribman pie,"With mash, mushy peas and gravy",9.0,75.1,21fbbabd68c690e7c8fc6829c2bc7e1d,2025-06-16:9_right | 2025-10-02:1_right | 2025-10-05:8_left | 2026-02-18:5_right | 2026-04-08:8_left,AFC Wimbledon,ENG,2022,840.5264533210636
Sausage stromboli,,9.8,93.3,220d45d20f416a7a52479b8d49a483c3,2025-07-13:4_right | 2025-09-30:1_left,Atlanta United FC,USA,2023,1137.1518948350756
Jerk chicken and rice,,10.0,74.36,22320ff1ecad56d4e8f5062a00e783f7,2026-01-09:1_left,Bristol Rovers F.C.,ENG,2022,1095.2771149387952
The beasts rib,,23.5,17.78,2264fe10bac6583e95948c6f87661913,2026-01-14:1_left,Vancouver Whitecaps,CAN,2022,920.0818464330872
"Sausage, chips and gravy",,5.0,84.6,228cb5ba8055c5f45f08ba325d68560d,2025-04-25:0_left | 2025-05-27:2_left | 2025-07-21:2_right | 2025-08-03:2_left | 2026-04-02:0_right,Stourbridge F.C.,ENG,2022,918.2756811372922
Fish finger baguette,With tartar sauce,4.5,42.75,22cca7bdc05b189f49d79f187df01fed,2025-10-05:2_right | 2025-10-10:0_left | 2025-10-13:7_left,Histon F.C.,ENG,2021,990.485979059864
"Pork, stuffing, chips and gravy",,5.0,78.6,22cd5d2735e6dc228e8c4db2ae2e387e,2025-04-24:4_right | 2025-05-25:4_right | 2025-10-02:0_left | 2025-10-04:2_left | 2026-02-15:8_right,Yate Town F.C.,ENG,2022,1037.4856527218508
Scotch egg,Free for away fans,0.0,64.17,22f660d04f35d2ea3719ccf27e2645e7,2026-02-27:7_left,FC Groningen,NED,2025,1083.4029648337005
Peri chicken and halloumi wrap,,8.0,89.6,22f66ff1976e8516ef4538ed434cdfa5,2025-04-25:2_right | 2025-06-12:9_left | 2025-07-29:6_left | 2025-08-27:7_left,Crawley Town,ENG,2023,1085.2045666968816
Tropeiro,"Rice, pork, pork crackling and a fried egg",3.0,80.205,232d6fd741a7c91e9311e810a5f73006,2025-06-14:0_right | 2025-08-12:6_left | 2026-03-14:7_right | 2026-05-25:6_right,Cruzeiro Esporte Clube,BRA,2022,1130.2209094279992
Chicken and mushroom pukka pie,,3.5,26.506,2334c37f15a207475f1f8c76d16d274c,2025-10-13:2_left | 2025-11-07:6_right | 2025-11-27:0_left | 2025-11-27:4_right | 2026-01-05:3_right,Weston-super-Mare AFC,ENG,2023,833.9260239204893
Splendid Waxcap,Hygrocybe splendidissima,0.0,100.0,2346385a7c9ab362a624ec45522f37fa,2025-12-05:2_right,The Woods,ENG,2025,979.775521111705
Mexican style rice and bean bowl,Free for soldiers,0.0,60.32,2350b160f091a4674be58061d6c2df3b,2026-05-29:0_left,"Meal, Ready-to-Eat",USA,2026,1006.625456962446
Popcorn chicken and waffle fries,With hot sauce and crispy onions,6.8,95.6,2356ab598531eb03694e47018f51dd19,2025-07-08:6_right | 2025-07-10:0_right | 2025-12-17:8_right | 2026-01-21:5_left,Europa League Final,IRL,2024,1285.3015263205134
Chicken gyros,With chips and pita,7.5,77.8,237d733f2cc4e5df3beb45381730f776,2025-11-29:1_right,Hull City A.F.C.,ENG,2023,1173.0810046534918
Poutine,,8.5,76.0,23936fa1a2ba2b4a789212ce1e5854e7,2025-04-20:7_right | 2025-12-08:5_right,Aston Villa F.C.,ENG,2023,1140.6575614536791
Bangers and mash,With gravy,7.0,11.565,239881e223a027766f5dd00452bb9eb8,2026-02-09:8_left | 2026-04-15:4_right,Tranmere Rovers F.C.,ENG,2025,797.9377802174911
Loaded fries,,5.0,86.8,23b7d0f435fcf0cb8495dd5a9e6b01af,2025-04-21:9_left | 2025-09-23:1_left,Chester F.C.,ENG,2022,1115.614127290046
Hotdog,,7.0,10.243333333333334,23bb41bdf921d28a8ec6bb7fbc1a5d17,2026-01-18:4_left | 2026-02-22:4_left | 2026-03-28:9_right,Oxford United F.C.,ENG,2025,723.768936529017
Cheesy chips,Beer not included,4.0,11.8025,23c4b4759a64e216bcabe2bb14fe881c,2025-10-17:4_right | 2026-01-25:5_right | 2026-02-06:3_left | 2026-02-09:0_left,Birmingham City F.C.,ENG,2021,944.9094755926424
"Pie, peas and gravy",,4.0,36.73,23e0a1cc17e9971c52d6c8cbeca24585,2025-12-18:6_right | 2026-03-15:9_right,Padiham F.C.,ENG,2024,884.434828133425
Cheesy chips,,,48.120000000000005,23e4f6e7c6b3a105a8ac2534d8abcd4c,2025-10-14:2_left | 2025-11-06:0_left | 2026-01-29:8_left | 2026-02-25:7_left,Bracknell Town F.C.,ENG,2024,979.695210280188
Chocolate and nut covered banana,,0.5,75.0,23f10c8e1a18fdb76b68ab59d5dd3604,2025-06-15:4_right | 2025-08-10:2_left | 2025-11-21:2_right,Manuel Felipe,GUA,2023,1026.9206107272826
Peruvian Rotisserie,"half chicken, fries, and Hucaiana cheese sauce",14.0,92.3,2428d50386f6a5ba22c1749858299ca1,2025-06-16:8_left,Los Angeles F.C.,USA,2024,1215.1102762626572
Sausage,With potato salad,4.5,14.6,242bde7dfcf4ed1bf3f07301e6a011ea,2025-08-01:0_left,St. Pius Gymnasium Coesfeld,GER,2023,998.2131979695432
Polish dog,,3.4,28.71,246124c2a95bad3e207c7c2c575fd1a3,2026-05-19:8_left,Ferry to Canada,USA,2026,871.9702171056708
Hot Filled Bap of the Week,"Maple syrup and mustard roasted ham loin, sage and onion stuffing, tomato relish",4.5,41.14,24624f1b743f401bf839ad9e105fdb83,2026-04-28:1_left | 2026-05-27:4_right,South Birmingham,ENG,2024,974.9628232496932
Chips,,4.0,41.28,2464807a49d9764abce74dd00c1e1921,2026-05-21:4_right,Stafford Rangers F.C.,ENG,2024,923.4655677209092
Cinnamon bun,With a coffee,5.2,56.98,24829ff2cba2ae1bd387ab67caa4f566,2026-05-24:6_left,Bolt Arena,FIN,2024,1047.6787135808654
Bratwurst,,3.0,38.46,2487bde9e272e9f4ab0c76c5bc9b6618,2026-04-26:1_left,"War Memorial Stadium, Laramie",USA,2025,940.744851494529
Curry in a cup,With a pint,7.65,76.7,249a3c7a950de52e943cb3affbca608e,2025-06-02:6_left | 2025-06-23:9_left | 2025-08-20:1_right | 2025-09-09:9_left | 2025-09-20:4_left | 2025-11-30:6_right | 2026-03-21:7_right,Stockport County F.C.,ENG,2023,921.6827651747808
Churrasquito,"Beef with chirmol sauce, sweet onions, black beans, tortilla",1.5,61.0,24baef0a9ddde25fdb1e183cb885f198,2025-06-15:0_left | 2025-07-13:1_left | 2025-09-27:5_left,CSD Municipal,GUA,2023,915.6195287597346
Greek salad,,9.0,6.9,24bb2a5d6fc25485281b2321a1faf539,2025-05-13:2_right | 2025-05-16:9_right | 2025-06-13:9_left | 2025-09-18:7_right | 2026-03-03:4_left,Qatar World Cup,QAT,2022,748.4542190617914
Average of all English scran,,,52.15,24c8f4ae33d19f5e6134107f6d6dc27c,2026-05-22:2_left,,ENG,2026,983.1058579574908
Hotdog,,4.45,49.9,24ce5f3f3737249e7950d904a0511c74,2026-05-13:3_right,Newcastle United F.C.,ENG,2025,977.6499744667078
Chicken and mushroom pie,With beans and gravy (peas unavailable),,43.97333333333333,24dcdedca4714787db380abbb8e5c689,2025-11-12:7_right | 2025-12-08:4_left | 2026-03-03:2_left,Louth Town FC,ENG,2024,968.259118667345
Kayem Italian sausage,With peppers and onions,7.95,35.69,24e42ae34db4f5e4bbff5595095fc8a3,2026-05-14:6_left | 2026-05-19:9_right,Boston Red Sox,USA,2026,910.3747354358636
Hot dog,,3.0,12.7,24eeab0209435db922d4c7184416bfb2,2025-05-07:1_left | 2025-06-13:0_right | 2025-08-28:7_left | 2025-08-29:6_left | 2025-09-05:7_left | 2025-09-06:4_left | 2025-12-21:3_right | 2026-01-24:7_left,Blyth Spartans F.C.,ENG,2023,699.5499226781411
Takoyaki,Grilled octopus in batter,3.0,72.3,24fb0ec3c1c38fa9105b97f3bfcedebb,2025-09-11:8_left | 2025-09-12:7_right | 2026-02-13:7_left | 2026-03-16:2_right,NGU Nagoya Women,JPN,2023,1034.5382587919144
Burger and chips,,9.5,54.29999999999999,250bc2ee5c99a997b0ae8a7ea8e5973f,2025-04-30:3_left | 2025-08-06:2_left | 2025-08-09:7_right | 2025-08-14:7_left | 2026-03-28:2_right | 2026-04-05:3_right,Burton Albion F.C.,ENG,2022,848.3833816105621
Burger and pint,,12.5,15.0,250d85dbfbea38b6452fa697e7a8dc98,2025-06-13:5_right | 2025-09-28:0_left | 2025-11-01:5_left | 2026-01-17:4_right,Arsenal F.C.,ENG,2023,839.8030320887503
Bratwurst,,3.4,85.3,25190f4c14892a1d2ed2a85e6f7d4b10,2025-10-01:5_right | 2026-01-04:8_right,1. FC Köln,GER,2023,993.375468315152
Vegan pie and chips,,6.0,43.826,252640c18b5ee059899f293fb001ae48,2025-10-23:3_right | 2025-11-03:6_right | 2025-11-06:2_left | 2025-12-24:8_right | 2026-03-20:4_left,Forest Green Rovers F.C.,ENG,2023,948.6524671460396
"Hot dog, popcorn and coke",,16.3,36.31,255a57a898bcdcec40dc2008ca6bc40c,2026-05-08:3_right,Boston Red Sox,USA,2026,921.468543821116
The stone burger,"Beef patty, cheese, onion rings, crispy bacon, onions",6.0,74.21,255f9afc0a9ad3d411f6c7a072cf6b5a,2026-01-11:8_left,Wealdstone F.C.,ENG,2022,1131.2315144633433
Cauliflower wings,,7.95,23.615000000000002,257b1a16ab036b40290d838f69dda79d,2025-10-25:9_left | 2026-01-10:3_right,Chelsea F.C.,ENG,2022,877.007124956354
Slice of dominos pizza,,0.9,50.72,2583edaf5dd54719a6a3b1ec5dc03def,2026-02-21:4_right,Antigua GFC,GUA,2022,962.8667714889092
Pot noodle,Chicken and mushroom,2.5,53.84,258902d6e72d31d7c5a019b259f2e899,2025-11-12:6_left | 2025-12-07:6_right | 2026-02-12:2_left,Dagenham & Redbridge F.C.,ENG,2022,979.9016131342858
Premium rare Kobe beef bowl,With rice and beer,15.0,93.2,258a37d60c1ca2ac087b86d13c9fb1cb,2025-07-23:0_left | 2025-09-09:3_right | 2025-09-10:9_left | 2025-09-11:4_left | 2025-09-12:2_left,Vissel Kobe,JPN,2023,1201.9158550034083
Cheeseburger,With chips,8.0,34.03333333333333,2595b7ae747fe37f8b293e3c562021f6,2025-12-01:4_left | 2026-01-19:9_right | 2026-03-11:1_left,Punjab United F.C.,ENG,2025,900.4290488555064
Sausage roll,,3.5,14.800000000000002,2597d6bf79a5b7e733895b507956fdc2,2025-05-16:1_left | 2025-06-13:4_left | 2025-06-30:6_left | 2025-10-05:0_right | 2025-10-05:7_right | 2026-01-06:5_left,Burton Albion F.C.,ENG,2022,751.2360467486229
Salt beef fries,,5.0,62.70000000000001,25a1a5232de15da5e4fc72facf6213e4,2025-04-28:0_right | 2025-04-28:8_right | 2025-09-23:3_left,Manchester City F.C.,ENG,2022,969.0324412993224
Kebapi Roll,With chilli flakes,5.4,85.1,25a355a67cbefe5da5043038c255572a,2025-04-28:2_left | 2025-09-20:9_left | 2025-10-06:8_right | 2025-12-12:3_left,Preston Lions FC,ENG,2023,1047.215087281643
Tacos,Price is per taco,2.3,78.3,25a724fcb78fe4e47bed2bcc911b9827,2025-05-19:7_right | 2025-06-18:9_left | 2026-04-19:1_left,Detroit City FC,USA,2022,1107.9662465242095
Pulled pork chipper,"Crinkle cut chips with pulled pork, pico de gallo, guac and sour cream",8.5,86.8,25bdffb5849142428f8ea1f73743115e,2025-06-14:3_left | 2025-06-28:6_left | 2025-09-08:4_left | 2025-12-06:5_left | 2026-02-17:0_left,Wellington Phoenix FC,NZL,2022,1181.0329019467076
The Chessie (2015),1.5lb soft pretzel baked with back fin crab dip and melted cheese,13.3,49.74,25d788e4be43659fa4ac80359759001e,2026-02-25:5_right,"SECU Stadium, Maryland",USA,2015,1002.4959444005564
Popcorn chicken and chips,,10.5,36.3,25da63f4f3716a0b6048dbcee7ddb3b4,2025-04-29:6_left | 2025-05-03:8_left | 2025-05-16:9_left | 2025-05-27:1_left | 2026-01-06:0_right,Melbourne Demons,AUS,2023,1038.6337512891666
"Sausage, bread and a pint",Price includes all you see,7.6,73.0,25dfa02cbdbe83869e328ee69ef69f3d,2025-05-07:8_right | 2025-09-07:3_right | 2025-09-24:1_left,Hutnik Kraków,POL,2024,1018.0852849903056
Cheesewurst,,7.0,71.2,2601f838e102d6887bfa4864d27129f8,2025-06-08:2_left,Wycombe Wanderers F.C.,ENG,2022,871.8523291322845
Chicken strips and waffle fries,With chilli mayo,9.95,82.6,260c07b317b4f46d19b3352bf2366323,2025-06-26:1_right | 2025-07-29:0_left | 2025-09-28:4_right,Chelsea F.C.,ENG,2023,1170.5190786110456
Pulled pork cheeseburger,With slaw,7.0,76.255,26127c85776c65d9237f57a0506e2abc,2025-12-06:9_right | 2026-01-27:7_left | 2026-03-16:1_left | 2026-04-06:5_right,Frome Town F.C.,ENG,2022,1176.1265630664136
Chicken burger,,6.0,86.22,261f1b83dad9169f5ff7c06cfbe9767c,2026-05-25:3_left,Crystal Palace F.C.,ENG,2022,1200.7570660256667
Spring rolls and bean sprouts,,0.5,57.03,263bb3fc084774faa8a588d9affecf4f,2026-05-10:3_right,Persebaya,IDN,2025,1045.5988288494616
Steak pie and mushy peas,,4.0,17.33,263eb853bd607ed5fcca07db9c7b3743,2025-10-25:9_right | 2026-02-16:2_right,Guiseley A.F.C.,ENG,2021,882.938532668783
Teriyaki pork skewer,,2.9,85.9,2642f130cc8ee156a9e9302a55dd8ec4,2025-06-09:9_right | 2025-07-29:7_right | 2025-08-07:5_left | 2026-05-24:6_right,Gangwon FC,KOR,2023,1121.805965724442
Rocks burger,"Beef patty, bacon, 2 hash browns, cheese and an egg",6.0,80.1,266d3e5a0d95cb8721872cd6eea78f9f,2025-07-15:7_right | 2025-08-06:5_left | 2025-08-26:4_left,Bognor Regis Town,ENG,2022,1015.4800455600152
Kacsazsiros kenyer,Bread with lard and onions,1.0,31.7,26e43bf9ed18d270436891ba6a1296de,2025-05-20:5_left | 2025-06-06:1_right | 2025-08-04:0_left | 2026-02-01:0_left,Újpest FC,HUN,2023,720.5782824620574
Mozzarella pizza,,4.2,70.9,26e5d726417f86fd35f8f2f644f4324c,2025-06-02:8_right | 2025-08-16:0_right | 2025-08-22:3_left,Neo-Quimica Arena,BRA,2023,978.8002247189804
Lotus Doughnuts,,6.0,36.67,26f1face075e125921b2c8e8c4620e06,2026-03-05:0_left | 2026-04-17:9_left,Bishops Cleeve F.C.,ENG,2024,931.226428311482
Cheeseburger,,10.5,17.7,26f52252007cc98ab6ebec000a885d91,2025-07-04:0_right | 2025-07-16:0_right | 2025-07-16:3_left | 2025-08-28:3_left | 2025-09-29:3_right | 2025-10-29:9_right | 2025-11-17:0_left | 2025-12-22:5_left | 2026-02-18:3_right,San Diego,USA,2023,824.2872306401865
Sausage mix and chips,,6.5,93.09999999999998,26fb2be8152dc5a8ac47d89fd27e2765,2025-04-25:8_right | 2025-09-04:9_right | 2025-10-06:9_left,Odense Boldklub,DEN,2023,1103.2662724604154
"Pie, chips, peas and gravy",,5.0,50.35,26fee7fed2ec366636f0b832d50b7502,2025-11-29:4_right,Altrincham F.C.,ENG,2021,1051.148330725652
Chips and curry sauce,,3.5,33.723333333333336,2700aa99fb5fce54723052856695e6cf,2025-10-29:5_right | 2026-03-31:1_right | 2026-04-23:8_left,Ayr United,SCO,2022,952.7236238214128
"Veggie jerk, rice and peas",,7.0,63.42,2702c3f43e11ae8cc1f18193275ffd22,2026-03-20:4_right,Wycombe Wanderers F.C.,ENG,2022,1082.118227964051
Burger,,3.5,59.44,27188b72fae71b37d602998aa155b8a9,2026-04-14:6_right,Oxford City F.C.,ENG,2021,1045.0860742359207
Cheeseburger,,,43.2,271c22d58deb86d10bd0a9a5a37ca95a,2026-05-04:0_right,Brighton & Hove Albion F.C.,ENG,2024,942.115180761342
Spicy salami pizza,,3.8,79.0,2728f90e813ed08f0b06b593556051f4,2025-08-06:6_right | 2026-01-21:6_left,Genoa FC,ITA,2024,1071.9979426362668
Soy and honey beef brisket size 7 sandwich,With waffle chips and a scotch egg,8.5,91.40000000000002,2742e7ae8cffe50f6e08d981da323eb3,2025-06-23:9_right | 2025-07-05:2_left | 2025-08-09:0_left,Grimsby Town F.C.,ENG,2023,1093.1501030367265
A bottle of water,Without cap,3.2,13.19,27492da544e0378c1cc1e515b275cd61,2026-01-23:8_right,Tottenham Hotspur F.C.,ENG,2024,794.9937761266258
Shish kebab,With chips and curry sauce,5.0,69.805,27580cea16d1d272b3a84c5bdd8f8a60,2025-11-29:3_right | 2026-03-04:2_left,Clitheroe F.C.,ENG,2023,1080.9546656794912
Feijão tropeiro,With a beer,4.0,84.1,276266c7be5a934cce60c69ba2e21633,2025-07-29:6_right | 2025-08-22:9_left,Cruzeiro Esporte Clube,BRA,2022,1085.0499893532597
Sri Lankan food platter,Free for fans,0.0,93.7,276e2692d88910afa51d048cdda12e8b,2025-04-23:6_left | 2025-06-01:4_left | 2025-07-09:8_left | 2025-08-13:0_left | 2025-08-16:8_left | 2025-12-14:8_right | 2026-01-24:3_left | 2026-01-31:1_left | 2026-02-27:0_right,AS Velasca,ITA,2022,1095.550168135646
Mini doughnuts,Price for 4,10.0,23.49,2770c853daf172c4137238e6399bb09e,2025-11-14:7_right,Nuneaton Borough,ENG,2023,913.2234400856772
Vice Versas,Mixed chocolate capsules encased in their inverse,,19.34,2771d9cd273fbb14c7607cf1a0061588,2026-02-20:8_left,Nestlé,ENG,2004,980.3798145303522
Cheeseburger,,3.9,8.3,2788a28845bbc188a7149571f903692c,2025-05-07:4_left | 2025-05-20:6_right | 2025-06-09:4_left | 2025-07-09:4_left | 2025-12-27:3_right | 2026-02-05:1_left,Hartlepool United F.C.,ENG,2023,787.2189909861104
Ice cream sandwich,No price data,0.0,33.57,278dcc753c077a19888178ea43b7644a,2026-01-30:9_left,Bali United FC,IDN,2024,896.9197263893147
Fried chicken,,3.3,60.2,27aa6265582d0b8420aa06d7315caa7d,2026-05-31:9_right,FC Tokyo,JPN,2026,1067.379629200738
Cheesy chips,,4.0,48.2,27afff9ef86aae810c0746a244587fd2,2025-06-04:8_right | 2025-08-13:2_left | 2025-09-26:5_right | 2025-09-27:9_left | 2026-03-05:6_left,Bromley F.C.,ENG,2022,829.650074981754
The Steyning stack,With chips,10.0,83.11333333333334,27d24b6e4b2d4819b15a8e92906a82ed,2025-10-14:3_right | 2025-11-05:8_left | 2026-02-26:1_left,Steyning Town,ENG,2021,1162.3704540304009
I have tried potato milk,,,2.0,27dc5310d23904f12f6f8b49f2ec3c14,2026-05-01:8_right,YouGov polling data,ENG,2026,977.8464591343172
Funeral Bell,Galerina marginata,0.0,0.0,28009785ff3fc367820ef1538c9bb1e2,2025-12-05:9_left,The Woods,ENG,2025,991.2180335731416
Burger,,15.0,54.74,2828b20880a4afa289432a5527c5e317,2026-04-15:1_right,Millwall F.C.,ENG,2024,1017.4664961557766
Fish sandwich,,3.0,22.68857142857143,2850c95621e7ad5cfee55429c95680ba,2025-10-10:3_right | 2025-10-22:3_left | 2025-11-14:9_left | 2025-12-19:4_right | 2026-01-25:0_right | 2026-03-02:1_left | 2026-05-16:7_right,Dynamo Dresden,GER,2025,872.7874881350418
Hot dog,,6.95,13.48,2851b214aad1f9edb80c572b2263c396,2026-05-08:2_left,Leicester City F.C.,ENG,2024,816.3202625434518
Buffalo chicken and chips,,11.0,60.7,2857ce094a780b814eabc3c8c98575c0,2025-04-22:3_right | 2025-07-10:4_left,Aston Villa F.C.,ENG,2022,1107.547652421334
Polish sausage and bread,,1.9,50.3,285a6478bf71d80a5e3d066c61e0da43,2026-05-24:4_left,RKS Garbarnia,POL,2023,981.0501783383554
Chicken tenders and fries,"Standard, Korean or Chinese",12.0,91.2,28633ef02b37794c65c3dcfa82d1bba4,2025-08-05:2_left | 2025-09-17:2_left,Tottenham Hotspur F.C.,ENG,2022,1228.2068983716424
Big burger,,,64.3,2867070e7d7b37ecfbe646a64729ec3e,2026-05-07:1_right,Badshot Lea F.C.,ENG,2025,1087.46728606316
Butter chicken chips,,7.2,91.8,28c897013afb895fb460ace9e5d7b807,2025-06-28:5_left | 2025-11-12:1_right | 2025-12-27:4_left,Womens World Cup 2023,AUS,2023,1124.8377940967716
Bakmi Goreng,Stir-fried noodles with a fried egg,1.9,86.4,28cb049f02cda5240d632471da4654ce,2025-04-23:6_right,PSSI,IDN,2022,1096.1970715010864
Today's Special,,,81.53999999999999,28d1ca6fbb14e1fd31ff1aaf1bb7dd8b,2025-11-18:7_right | 2025-12-18:4_left,Ashton Town F.C.,ENG,2024,1192.068357332249
Masala fries,,3.0,86.6,28e3cc06af645fda7a10a93e834b1e0e,2025-07-16:1_left | 2025-12-10:8_left,Wolverhampton Wanderers F.C.,ENG,2022,1093.796961328216
Drayton Belly Buster,,,48.876666666666665,28e7b2d561890e5550e5eba2d7a171d0,2025-11-06:7_right | 2025-11-30:9_left | 2025-12-18:8_left,Market Drayton Town FC,ENG,2024,1035.7697649801516
Chorizo sandwich,With a beer,7.0,43.68,2909fa3b36154917f80da1c28da16f9a,2026-05-02:7_left,CDC Moscardó,ESP,2026,964.2799479512124
Biscoff doughnut,,3.5,77.06,29241415ac7b5f887c4a88f96469d805,2026-04-17:5_left,Tottenham Hotspur F.C.,ENG,2024,1129.3657359369631
Chinese chicken curry,With chips,7.5,58.46666666666667,2948d64dcf45815a800e7bbff790972c,2025-12-04:6_left | 2026-04-07:7_left | 2026-04-22:4_right,Haverhill Rovers,ENG,2024,1066.707719177714
Doner meat and chilli sauce pie,,2.8,37.09,294d588d03aa917375feb385064528f5,2026-03-15:8_right,Livingston F.C.,SCO,2022,960.450737575952
Crinkle chips,With sweet curry sauce,3.0,63.73,295a9c62b66ded07a61d7ac52e2249d6,2025-09-25:9_left,Maidenhead United,ENG,2022,1018.8885665303968
Ice cream sandwich,,0.5,24.95,295f703d8dc01baa52a7e8706ad4b426,2025-10-24:5_right,Bali United,IDN,2025,861.1481404926127
A scone and a hot drink,With jam and cream,,43.55,296fbec8f27d1e302d83353c2c3b6a81,2025-11-11:8_left | 2026-04-13:5_left,Edinburgh University A.F.C.,SCO,2025,985.0239205248988
Cheeseburger,,6.3,10.2,297dc993d571312e6c79faf91a449385,2025-04-26:6_right | 2025-05-27:6_left | 2025-06-04:9_right | 2025-08-02:6_left,Bath City F.C.,ENG,2022,762.8750700078755
Hot Dog,,5.6,33.89,2980edb433d1e8cc1ae3af99ddeab741,2025-12-28:0_right | 2026-02-25:3_left | 2026-03-17:7_left,Shamrock Rovers F.C.,IRL,2025,886.8215448419188
The pit master,"Burnt ends, pulled pork, spiced chicken, jalapeno muffin, cream corn and beans",8.5,93.2,298a0170b18059dd490bac04a8006e1c,2025-07-01:6_left | 2025-09-09:4_left,Sporting Kansas City,USA,2022,1199.849741365315
Doner burger,,11.0,53.94,29946ef5f667fa070f3bd6402b470edf,2025-10-23:2_left | 2026-03-24:8_left,West Ham United F.C.,ENG,2023,984.117291182919
Smashed chorizo burger,,11.8,59.18,29a0e16ec0d3f17fbd17bd4a1764b93f,2025-10-22:4_left | 2025-11-19:5_left,Orlando City SC,USA,2024,1080.104088447386
Signature burger,,5.9,10.8,29c2893b9b3f9594d5a20c46bb8d8eaa,2025-05-02:6_right | 2025-05-30:0_left | 2025-09-23:5_right | 2026-01-01:3_left,Rangers F.C.,SCO,2023,816.8842306977126
I love pickles!,,,22.0,29ccf142d246c0b0cd9ddb71a8f6e468,2026-05-01:0_left,YouGov polling data,ENG,2026,1013.7782418041344
Bao buns,Filled with spicy pork brisket,9.0,61.28,29dfda1b20523e92ec38c5403d3f7dc2,2025-11-26:7_right,Austin FC,USA,2022,1107.05924548015
Cheesy chips,,6.5,7.87,2a16a9a9ac52971f6bfabbb3cde50058,2026-05-04:5_right | 2026-05-21:2_left,King's Lynn Town F.C.,ENG,2025,766.8393839271048
Bacon cheeseburger with chips,,12.9,71.6,2a1fe4b3a45df991476eac8a11b96195,2025-04-28:9_right | 2025-06-11:3_right | 2025-09-06:7_left | 2026-03-04:7_left,Arsenal F.C.,ENG,2023,987.1907959762808
Sausage in a waffle,,3.0,55.0,2a2a95fb711dd8c49f19764f42761318,2025-08-10:9_right | 2025-09-07:0_right | 2025-10-06:6_right | 2025-11-29:8_left | 2026-02-07:7_left,Moss FK,NOR,2022,858.651582148069
Pepperoni pizza,Pre-match promo,2.25,75.99,2a320b5b1ce90c440ca37c5c80539afa,2026-03-07:8_left,Red Bull Arena,USA,2024,1153.1439351224044
Low-histamine diet,,0.0,78.5,2a4e25334143ae217ebb99f4b18a6f0a,2026-04-24:1_left,Unknown Psychiatric Hospital,GER,2026,1018.2455850459568
3 steak tacos,With salsa verde and chipotle crema,10.4,69.38,2a569478eb7ac95762f4f721984463e2,2026-04-01:4_left,Charlotte FC,USA,2024,1085.2717637571338
Pizza,(Papa John's tagged in tweet),6.0,77.95285714285714,2a72a49d9ae3fbac2b422c73d3df1fb6,2025-05-25:3_right | 2025-06-12:8_left | 2025-06-12:9_right | 2025-06-23:6_left | 2025-07-06:8_left | 2025-09-30:3_right | 2026-05-24:2_right,MK Dons,ENG,2024,1065.2083731626865
Freshly made pizza,,10.0,58.31,2a85d735ed545b65d7bcad2718434d70,2026-05-30:5_right,Macclesfield F.C.,ENG,2026,1120.025057320044
Double bacon cheeseburger,,6.5,89.49,2aa285802aab01c169a7c0fa39c85173,2026-01-02:1_left,Avro F.C.,ENG,2025,1179.085425595865
Loaded chips,,4.0,67.92,2ab42cb897d388fa8b7c27870395031f,2025-12-28:6_left | 2026-01-04:5_right,Hull City A.F.C.,ENG,2021,1127.6732092729835
Currywurst,,4.0,82.1,2ad4bae67b7e782443cda16a4564cc58,2025-06-17:0_left | 2025-08-27:1_left,Türkgücü München,GER,2022,983.8935929139844
Philly cheesesteak hot dog,,10.5,64.31333333333333,2ae65bb221138060832fc01759fd3c47,2026-01-12:0_right | 2026-01-16:9_left | 2026-02-24:8_left,"UBS Arena, NY",USA,2025,1034.636852576056
Chicken katsu curry,,5.0,81.7,2ae9e71246b738cb045d2f67e13d1477,2026-01-05:9_right,Lower Breck FC,ENG,2023,1025.2268484557703
Pizza,,8.0,32.495,2af0b5090738ebeb8c502500eb93028b,2026-04-30:4_right | 2026-05-10:2_right,Yeovil Town F.C.,ENG,2024,900.3475216115836
Hot dog,,0.0,30.95,2af28d9e519c21732c0aaba0ea8c2a1f,2026-01-19:6_left,Chelsea women v Liverpool women,ENG,2023,905.9753803282669
Margherita pizza,,4.5,35.455,2af2a2be8a4176c20ca64dbe9629d699,2026-02-05:5_right | 2026-03-19:4_right,Carlisle United F.C.,ENG,2021,956.8471450144356
"The ""Big Dunc"" Pie","Guinness, beef and potato pie, crispy onion, mash, peas, gravy",11.0,51.23,2afc7ff215e73c872eadbe4789082d69,2026-05-12:0_left,Everton F.C.,ENG,2026,1014.1495595446264
Bacon cheeseburger,With a drink,9.0,47.4,2afcd6961982b413eff2aae4251cedd1,2025-12-10:9_right,Wealdstone F.C.,,2025,973.8852582895672
Burger,,6.15,66.28,2b0c7baa029b78c1028a61cfcd139ea3,2026-04-21:8_left | 2026-05-02:1_right,Torslanda IK,SWE,2025,1077.9378396433724
Pie and a pint,,13.5,22.05,2b4523aacba45bde7fff4849fa4c4706,2025-11-12:7_left,Fulham F.C.,ENG,2025,898.7351971558135
Cheeseburger,,4.2,8.67,2b4c6b404b08212d89455e5796c59c92,2025-11-24:3_right | 2026-05-12:7_right,Rotherham United F.C.,ENG,2023,783.3802808814146
Curry sausage,With potatoes,4.5,17.9,2b5471e208e06006371ed19a2de0a73e,2025-07-11:0_left,St. Pius Gymnasium Coesfeld,GER,2023,1002.5098039215686
4 buffalo chicken tenders,With chips,13.1,54.73,2b64cfa2bc40e52e1e2baf230eb066e2,2026-05-20:2_left,Wembley,ENG,2024,1016.9619266835052
Pizza as ordered by Lionel Messi,,,25.325000000000003,2b7edfb227e54ab6f57119a8cb3e4c9e,2025-10-17:0_left | 2025-11-27:2_right | 2025-12-21:5_right | 2026-01-31:5_left,Inter Miami CF,USA,2025,828.1488480942523
Pork and stuffing baguette,With cranberry and crackling,6.0,49.65,2ba24b83d4ce3aa3cb102acf869d6378,2026-05-16:5_right,Beverley,ENG,2024,988.5771209731056
Baguette,"With pulled pork, sausage, salad and melted cheese",4.9,68.5,2ba5724f43e6cfe7c6e8b1e8280f4e0a,2025-04-30:1_right | 2025-05-15:2_right | 2025-06-17:0_right,São Paulo FC,BRA,2023,827.8961270037915
Roast beef roll,With spuds and gravy,6.0,36.92,2bb3e059241f980814d1ca14c5a6ebcf,2026-02-26:4_left,Kettering Rugby,ENG,2024,934.420156260404
Frankfurter green sauce,"With boiled eggs, risolée potatoes and a side salad",2.6,55.2,2bc1e4b9a31b0fb829f29683082a1a80,2025-07-11:6_right,University of Mannheim,GER,2023,988.9454545454546
Chicken souvlaki,,7.5,89.6,2bd5d0f93933f1e61d1a8849b1af098b,2025-07-02:8_left | 2025-08-20:7_right,Dulwich Hamlet F.C.,ENG,2022,969.750492504408
Double cheeseburger,,15.0,46.35,2bf67952a667ceb3da167eb75f588b25,2026-04-27:6_left,Millwall F.C.,ENG,2024,1001.152475553242
Kebab meat and chips and cheese,,8.0,51.12,2c109128d4086afd8222e5c1c44b145f,2026-03-26:4_right,Hemel Hempstead Town F.C.,ENG,2024,1003.8654643450992
Steak and chips,With a side of halloumi and coleslaw,10.0,91.1,2c11d88f2fdce89f1d4024b8b9a555ea,2026-01-11:7_right,Avro F.C.,ENG,2025,1159.5026943450837
Chicken burger,,5.0,9.9,2c181b19a4f2a3065852332ba4638c32,2025-07-15:1_left | 2025-08-15:3_right | 2025-12-21:4_right | 2026-02-11:4_left,Aston Villa F.C.,ENG,2023,720.1537684563189
"Pie, mash, peas and gravy",,5.5,76.6,2c20abb25cf6c54630dc0bc0cd7ca80c,2026-02-19:9_right | 2026-03-29:6_left,Rotherham United F.C.,ENG,2025,873.012681809936
Spicy fried chicken,,4.0,62.57,2c35d394c004757516082b16e7c493a1,2026-05-04:3_left,Chungnam Asan FC,KOR,2023,1054.3708150980444
Giant yorkshire pudding wrap,"Filled with beef, pigs in blankets, stuffing, mash, veg and gravy",8.0,91.40000000000002,2c4133ca41b5ea072785895a14b6e889,2025-04-30:1_left | 2025-08-12:1_left | 2025-08-14:5_right,Hyde United F.C.,ENG,2022,1074.7497940846947
Burger,,9.05,44.92,2c4a840c2a5df4584ebc2814650f3828,2025-10-27:4_right | 2025-11-11:2_right | 2025-12-26:3_left | 2026-03-17:8_right,AVIVA Stadium,IRL,2025,901.4990865915084
Moroccan beef kefta on skewer,With saffron rice and cilantro sauce,8.8,23.47,2c5ea7013d5a8de6b7cf2333f33d0061,2026-04-23:1_right,Somewhere in Florida,USA,2026,900.3509815327335
Sunday dinner,In a yorkshire pudding,8.0,89.0,2c74c57df17863eb3f3d15a6c0eb8ccb,2025-06-26:9_right | 2025-08-27:7_right | 2025-08-31:4_right | 2025-11-24:2_right | 2026-04-05:3_left,Brighton & Hove Albion F.C.,ENG,2024,1151.291149032559
Cheese filled bratwurst,With 1 litre of beer,13.8,53.415,2c7ac0c7580dc57fd17b6c395d85bbd3,2025-10-26:6_left | 2025-11-26:7_left,FC Bayern Munich,GER,2024,1001.4334575426764
Pork and stuffing roll,With crackling,8.0,18.7,2c9335e19fa4249e77ddc97207e92f2f,2025-05-03:3_left | 2025-05-25:5_left | 2025-07-09:9_left | 2025-08-02:0_right | 2025-08-05:3_right | 2025-08-08:6_right | 2025-12-08:2_right | 2026-01-20:0_right,Reading F.C.,ENG,2022,936.5849624587376
Sausage and a pint,Free for fans,0.0,92.09999999999998,2ca6e640c3a4eba75071b5a00402a336,2025-05-01:0_right | 2025-12-10:4_left | 2026-02-27:0_left,KTS Weszlo,POL,2022,996.92771473175
Really easy dinner,"Slice of bread, butter, cheese, tomato, onions",,31.88,2cb4a227c1520149c968c03466e0cf1a,2026-03-13:7_left,Submitter's grandma's house,NED,2026,988.4037401102852
Streetwise Burger,,7.0,86.94,2cda25b0b1d3588eb54e0848b7c159de,2025-11-09:4_right | 2025-11-18:1_left,Tilbury F.C.,ENG,2021,1168.9818570870689
Steak with chimichurri sauce,,10.0,87.2,2d42397ef59bf171185d3b95866799de,2025-07-08:1_right,Birmingham City F.C.,ENG,2023,1109.0080562781532
Salt and pepper rubbed buffalo wings,,14.0,85.6,2d45f55a3f56536d62f39ae376e9f79a,2025-04-21:2_right,Arsenal F.C.,ENG,2023,1096.2012410875068
Chicken kebab,,5.0,93.2,2d507dd8b6ab574db68798ba5da04fe1,2025-09-10:0_left | 2025-12-03:0_right | 2026-01-20:9_right | 2026-02-08:0_left,Bolton Wanderers F.C.,ENG,2023,1203.5152445451324
Double bacon cheeseburger,,6.5,90.9,2d5afb5542e969aad9bff328ac1d9926,2025-05-13:9_left | 2025-05-15:9_left,Chessington & Hook United,ENG,2022,1109.0512611069269
Sausage roll,,3.0,66.51,2d68a26950b1a6c984d9f1ca50636cb3,2026-03-10:4_right,Birmingham City F.C.,ENG,2022,1098.067763728718
Macaroni cheese n chorizo pie,,3.0,49.195,2d9461b1d439fd3762fc30bef90311b6,2026-05-03:3_right | 2026-05-21:8_right,St Johnstone,SCO,2022,985.15090660695
Schwarbomb Sundae,"ice cream, fruity pebbles, strawberry sauce, deep fried uncrustable",13.3,42.21,2da2551779abc539cdb52235e1016309,2026-05-28:4_left,Philadelphia,USA,2026,956.7380709852227
Pizza dog,,7.0,82.8,2dc9cf54634b5c45a61e3726b86db702,2025-07-22:6_right | 2025-07-30:3_right | 2025-12-28:4_left,Nottingham Forest F.C.,ENG,2023,1074.502036918319
Hot dog,"With pickle, cheese, bacon, jalapenos and special sauce",10.5,72.3,2e03b8b3d0db9ea12c5e3f4d7edbabb6,2025-04-30:8_right | 2025-07-23:8_left,Nashville SC,USA,2022,983.3053238941336
Bovril,With a mars bar,1.75,24.76,2e0bd37f307a23c13e666ede9580a0bb,2025-11-07:7_right | 2025-11-17:3_right | 2026-02-04:2_left,Tow Law Town,ENG,2024,808.2533130165027
Sausage stuffed with a man's soul,,6.66,54.7,2e40e0eeb220fc0895c8434c493732df,2025-10-31:3_left,Watch Delicatessen (1991),FRA,2025,1003.0111385514844
The fleet dog,"Sausage, bacon, cheese and onions in a baguette",6.0,90.6,2e41bf7e46f7311707e6c409872c81e0,2025-06-10:4_left | 2025-06-17:1_left | 2025-08-04:1_left | 2025-08-04:7_left | 2025-08-19:0_left | 2025-11-23:1_left | 2025-12-20:2_left,Ebbsfleet United F.C.,ENG,2022,1095.2331997975998
Cheeseburger,,3.9,38.3,2e4522bc3a578e75aed2c156234fba10,2025-04-24:4_left | 2025-05-23:5_right | 2025-08-16:3_right | 2026-04-15:6_right,Hartlepool United F.C.,ENG,2023,793.9774671946843
Chilli chicken loaded fries,,7.5,93.5,2e4e9d1d74e4d37e87fbc8a3d11fb1bf,2025-04-22:6_left | 2025-04-29:4_left | 2025-07-03:9_right | 2025-12-25:0_left | 2026-01-25:6_left | 2026-02-05:2_left,Doncaster Rovers F.C.,ENG,2023,1179.47737058341
Curry and sausage loaded fries,,5.0,68.9,2e5d7b241b984080a82bff105d39abda,2025-07-03:5_right | 2025-07-27:7_right | 2025-08-25:6_left,AFC Sudbury,ENG,2022,946.190484330794
Kasnocken,Cheese spaetzle,4.3,74.7,2e7727b8dca8b8cc1cda45ab86d1e1ec,2025-08-16:4_right | 2025-10-08:8_left | 2026-04-15:5_right,SV Austria Salzburg,AUT,2023,851.8296956632096
Butter chicken and rice,,6.0,48.285,2e8bdc80f1132fa2b67d30f94638d7e7,2026-01-05:8_right | 2026-04-14:3_left,Mickleover F.C.,ENG,2022,1004.0812717376516
Vegan chipotle burger,With beer,15.0,75.8,2ec1fa4f56633e534cf1444fed4003fe,2026-03-20:2_right | 2026-03-23:6_left,FC Bayern Munich,GER,2023,1013.6708983662631
The hawk burger,"Chicken, beef, hash browns, sausages, onion rings and cheese",,77.19,2ecdb95ed7b252b5447986bcc17d6253,2026-01-17:6_right,Whitehawk F.C.,ENG,2024,1131.0777668254375
Chicken tenders,,6.0,86.52,2ee9eb3bd5eb73ddc3b59b46ba1fb8e2,2025-11-10:7_right,AFC Wimbledon,ENG,2021,1270.7162870153231
Turkey and stuffing roll,With chips and gravy,6.95,64.86500000000001,2ef0d75d9ce22d3d0c835fe82eef886b,2025-11-02:1_left | 2026-05-14:5_left,Barnsley Women,ENG,2023,1063.817450630582
Korean BBQ chicken,With fries,5.0,89.84,2ef26c2fb979c3c80ecedd3d594580f6,2025-10-21:8_left | 2025-12-13:7_left,Sunderland A.F.C.,ENG,2023,1240.6377836087477
Beef curry poutine,,10.0,86.9,2ef76e005b6e08a8d55ef9a0da5ecee7,2025-06-09:5_left | 2026-01-04:0_left,Toronto FC,CAN,2023,1156.9934589036222
Sandwich Poulet Mayo,,6.95,41.03,2f183f41ba6534c5ed0972ec1e75ba2e,2026-05-30:2_left,Stadium de Toulouse,FRA,2026,958.2514881029914
Vegan hot dog,"With mustard and relish, price for one",5.2,15.625,2f223601d1d3a71006d2d8f3646c46cc,2026-03-20:1_right | 2026-04-11:6_left,Seattle Sounders FC,USA,2025,826.741635878593
Slider box,"6 burgers, 4 mozzarella sticks, beer-battered onion rings, tater tots",20.8,78.00999999999999,2f25448a9b898d780db20261ff86ee2b,2026-01-03:0_right | 2026-02-12:8_right,Sporting Kansas City,USA,2024,1203.3736743202746
Toffee apple crumble,,5.0,41.126666666666665,2f279435c9bb85a7f2d31d110f7ac967,2026-01-18:7_left | 2026-03-28:3_left | 2026-05-21:5_right,Derby County F.C.,ENG,2024,955.115889619252
Skeleton with cheese,,6.66,45.3,2f27cf707be61e32ee1704b2623fc394,2025-10-31:3_right,Wisconsin,USA,2025,996.9888614485156
Amazin' Raisin Bar,Chocolate covered nougat and caramel with raisins,,17.57,2f49b86c749d3db433eb8f9cb3514dcb,2026-02-20:6_right,Cadbury's,ENG,1972,979.246155573016
Crepe,,11.0,56.33,2f577994c917ff834b47e5ff348ee80e,2025-11-22:7_left,Inter Miami CF,USA,2023,995.3241655189128
Cottage pie,,5.0,74.8,2f5cb24a485f146997b4184d52f2ccc6,2025-08-26:6_left | 2025-09-01:5_left | 2025-12-27:4_right,Kidderminster Harriers F.C.,ENG,2024,828.3583459107704
"Pies, peas and gravy",With a sausage roll,5.5,67.3,2f83d5d2b26f94e5ad2460a6308fb920,2025-07-25:1_right,Barnoldswick Town,ENG,2022,906.138658237333
Lemon tart,,2.5,79.7,2f8e2e0725159068a80a70793a4fe0ba,2025-05-08:8_right | 2025-06-11:9_right | 2025-07-17:7_left | 2025-11-21:0_left | 2026-01-29:3_left,Olympique Lyonnais,FRA,2022,1030.2735330542173
Chicken and gammon pie,With gravy,7.4,45.41,2f9480a5c818e4684d4d50a8d290c118,2025-10-18:6_left | 2025-11-11:5_left | 2026-04-08:1_left,Wycombe Wanderers F.C.,ENG,2024,938.4284680024311
Skyline nachos,,,15.56,2fb9d2487f565e7521e6f3a1011c3d15,2025-12-07:4_left | 2025-12-15:8_right | 2026-02-06:6_right | 2026-05-06:5_right,Great American Ballpark,USA,2024,834.0873390218813
Doner Meat & Chips,,,63.695,2fc3d6fc61e6f51b6cca39225bd09391,2026-02-07:6_left | 2026-02-19:7_right,Stoke City F.C.,ENG,2025,979.9291154584114
Pizza slice and a beer,,18.0,30.855000000000004,2fcc0096f78d6591256aea80a6f14396,2025-12-09:2_left | 2025-12-22:6_left | 2026-03-18:8_right | 2026-03-31:6_right,Philadelphia Union,USA,2022,899.4820780963865
"Ham, mushroom and salami pizza",,4.4,78.6,2fd1634dc41a2720a1b21cf01fd3e83f,2026-03-11:9_left,FC Lok Leipzig,GER,2022,981.9886911755764
Scotch egg,,5.5,51.84,2fd60ee1075ba54d4f893284d6300603,2025-10-09:1_right | 2025-10-21:4_right,Brighton & Hove Albion F.C.,ENG,2023,930.445209906268
Hot dog,Mustard was added after photo was taken,3.0,37.49,2fdd9261cd091344645a3e4a9652a88d,2026-05-06:0_right,Erith & Belvedere FC,ENG,2024,930.4012495891358
Portion of chips,,3.95,39.44,2fe644edde79313c14ea70f582e30775,2026-03-27:8_left | 2026-04-14:4_left,Hibernian F.C.,SCO,2024,940.1748623656292
Chicken shawarma,,7.8,46.58,2ff029b35530061cc8cfc6e377de96bb,2026-01-28:0_right,Qatar World Cup,QAT,2022,916.755342429403
Loaded fries,Price for one,8.0,73.78,2ff0339564fe28cc66e231c01653ce07,2025-10-09:0_right | 2025-12-01:0_right,Birmingham City F.C.,ENG,2024,1030.410973549216
Taqueria soft tacos,,6.8,80.3,300965918190c87b99ed9bee2824eb46,2025-05-09:3_left | 2025-05-21:8_left | 2025-07-09:9_right | 2025-07-31:3_right | 2025-08-26:8_left | 2025-08-27:2_right | 2026-04-04:7_right,Detroit City FC,USA,2023,1095.352467562209
Broodje kipsate,,6.85,31.04,301cb9ac84b2f20fe17261705b43a3fc,2026-04-22:0_right | 2026-05-24:7_right,Unknown Location,NED,2024,839.2064821228838
Chicken wrap,With chips and ranch sauce,6.4,80.65,301e77dda72549a92c236b41c001eae2,2025-08-10:9_left | 2026-05-31:7_left,Playford City Patriots,AUS,2025,1163.3541170411625
Crisps and peanuts,,2.0,29.565,30232e07528c9b4ced628b5d04bcf07a,2025-11-14:9_right | 2026-03-10:9_right,Deportivo Toluca FC,MEX,2022,920.4878530174092
Big bag of salted peanuts,,1.3,38.53,3043f83ec0e75c59ab678418223beffc,2025-11-25:6_left,KF Shkupi,MKD,2022,945.4498984604614
Chicken nuggets,With fries,14.9,59.9,304bc5b65ebdf63967e15b5bc00f9442,2026-03-14:0_left,Sporting Kansas City,USA,2024,1014.0056624042768
Mustache pretzel,With a cactus lemonade,13.4,25.395,304bcab37320efc65ab0bcdeeac3bbb8,2026-04-23:5_right | 2026-05-14:9_left,"Salt River Fields, AZ",USA,2026,825.8803668509322
Grilled meat,With tortillas and chimichurri,3.4,78.8,305b03cbb95235812e2e261ab01d5a14,2025-09-09:0_right,CD Olimpia,HON,2022,1012.7554339348884
Chicken bites,With a can of Stella Artois,8.0,55.09,308fd06baf9ef6b7aa6b113ff59bd1f4,2026-05-25:1_left,FC Seoul,KOR,2023,1097.8588606564156
Fried fish,With prawn crackers,5.0,58.37,30929266b8df3db693f992edb0a54fd3,2026-05-02:2_right,JEF United Chiba,JPN,2022,1054.426971700171
Sunday roast,In a Yorkshire pudding,8.5,42.004999999999995,30934b62d2f814878fa08b7c1324e14e,2026-03-02:8_right | 2026-04-23:3_left,Brighton & Hove Albion F.C.,ENG,2024,980.8567421863556
Toro fajita quesadillas,,9.5,63.6,309f0b730308d04ce1b718394aebdb48,2025-07-13:2_right | 2025-08-06:4_right | 2026-02-19:3_left,Rio Grande Valley FC,USA,2022,1022.7166383967984
Vegan bratwurst,With kimchi,8.9,17.225,30ae0dabe02e213702fe59c9b93d051c,2026-03-14:4_right | 2026-03-20:9_right,Minnesota United,USA,2025,831.2723139607097
Bacon cheeseburger,,8.8,10.76,30d6e7c49eabf449bc19cc6843675ec4,2026-01-21:7_right | 2026-04-08:6_left,Santiago Bernabéu Stadium,ESP,2025,813.5785597592421
Pulled pork loaded chips,,4.5,92.3,30e20167cc942e325c190cb7b1f660dc,2025-10-04:4_right,Hull City A.F.C.,ENG,2023,1221.9645311190145
Pizza slice,,4.0,30.03,30f2ff663eb1104aa54b691b1fcd06f4,2026-05-19:2_right,Queens Park Rangers F.C.,ENG,2026,872.268251640153
Steak sandwich,,6.0,88.5,312b7f5a301db9131eeba7c98bcfc89c,2025-05-14:4_left | 2025-08-18:9_right | 2025-09-11:7_right,RB Leipzig,GER,2023,1099.972367603482
Steak pie,With mash and gravy,7.5,87.0,312ccc512527b5b6235b52870eb2b2f4,2026-03-28:5_left | 2026-03-30:9_right,Harrogate Town F.C.,ENG,2025,1158.0577908300022
Hot dog,,5.3,9.3,315e19b4f2c70f44486b066f226db201,2025-05-21:3_left | 2025-05-27:5_left | 2025-06-13:7_right | 2025-07-22:2_right | 2025-09-05:8_right | 2025-09-29:0_right | 2025-10-14:8_left,Olympique de Marseille,FRA,2023,767.427158875711
Pint of Bittersweet Mint,,7.65,45.945,316e5a98ce603ff409e53b74ecd1895a,2025-10-26:5_right | 2026-01-23:7_left,"Beaver Stadium, PA",USA,2024,955.5991936776772
Chicken box,,6.0,91.005,318008ba238475b52460acb97563213c,2026-01-02:6_left | 2026-01-21:8_right,Vissel Kobe vs Kyoto Sanga,JPN,2025,1287.033375312153
Fish and chips,With mushy peas,11.0,75.8,3180c72b26a1f409be2ac8c06a15f164,2026-04-10:2_right,Brighton & Hove Albion F.C.,ENG,2022,964.3947510069148
Jerk chicken loaded fries,,8.0,71.2,3184dd1ca3d1876f67066684d2f28035,2026-04-13:7_left,Bristol Rovers F.C.,ENG,2024,1147.067653079159
Black and gold creampuff,Banana cream in pastry topped with fudge sauce,5.75,71.4,318c46df2a2762e04a19ff32d867d075,2025-06-19:0_left | 2025-08-14:0_left | 2025-08-18:5_left | 2026-01-04:0_right,Columbus Crew,USA,2022,1028.032747844852
Sausage and Vegeta,,1.5,67.9,319836bb2c50342dbfe144033cb2bb3c,2025-07-02:4_left | 2025-08-12:4_right | 2025-10-05:8_right | 2025-12-31:6_right | 2026-02-18:7_left,Kamenica Sasa,MKD,2022,839.3950448132897
10 sausages with chips,With a drink,7.0,89.1,319ab4f5cc2e72b760c58bb77fe0a5ff,2025-07-03:8_left | 2025-08-23:6_left | 2025-12-08:1_left | 2026-01-22:2_right,Whitehawk F.C.,ENG,2023,958.3466243903476
Curry chicken,"With coconut/saffron rice, with fried plantains",13.0,62.04,31b1b089c944e66da3ddb7c633ab6323,2026-05-04:7_left,San Diego Loyal SC,USA,2022,1048.940193503954
Korean fried chicken,With waffle fries,22.0,63.4,31b9ce421a3460c5a25533e6b7909381,2025-07-28:1_right | 2025-09-10:6_right,LA Galaxy,USA,2022,1195.7431943689994
Roast potatoes,With beef gravy,3.5,76.69571428571429,31c8721c1c172a7fd1a316f31d8d9310,2025-06-29:5_left | 2025-07-01:6_right | 2025-08-05:7_right | 2025-08-21:1_left | 2025-09-04:2_right | 2025-11-03:1_left | 2026-01-06:8_left,Huddersfield Town A.F.C.,ENG,2024,890.4373939664215
Average of all Welsh scran,,,49.95,31c9c99c47a986fcaa45d9bec1e809ed,2026-05-22:2_right,,WAL,2026,1016.8941420425092
Balti pie,With a red stripe,8.5,32.64,31de559968070eeca133d3dffd88b40a,2026-04-03:8_right,Cheadle Town F.C.,ENG,2026,897.6271537155313
Food (Various),With free drink refills,15.5,69.945,31e04829682501481e310857a6414db2,2025-10-25:6_right | 2025-11-07:0_right | 2025-12-21:8_left | 2025-12-24:0_right,Atlanta United FC,USA,2024,1088.8255707207888
Käsebrot,,3.0,11.573333333333332,31f68becb34054f0b86523781cda8d51,2025-10-20:1_left | 2025-10-20:4_right | 2025-10-23:7_right,FC Klosterneuburg,AUT,2024,845.4112142233498
Zsiros kenyer,,0.8,21.85,31fe9edcfd8f33f3cad289402f711cf7,2025-10-16:9_left | 2025-10-17:9_left | 2025-10-24:6_right | 2025-11-28:8_left,MTK Budapest F.C.,HUN,2025,799.3703381049737
Spicy chicken rice,,0.5,54.8,3224fa7afe26e688848cd9a4a30f040b,2026-02-15:2_right,Gelora bung tomo stadium,IDN,2024,1045.2389236582735
Sziros Kenyer,"Bread, lard, paprika and raw onion",1.0,22.3,3228e3a77e35782e00e7794bdc056f4a,2025-05-04:3_right | 2025-05-06:6_left | 2025-07-09:6_left | 2025-08-15:0_right | 2025-08-29:9_right | 2025-09-24:2_right | 2025-11-10:1_left | 2025-11-12:5_right | 2025-11-28:3_right,MTK Budapest F.C.,HUN,2022,740.7029149901965
Honey butter chicken,With waffle fries and a drink,25.0,55.9,322d20bb1d0fdd5d5945c5740c2f55a2,2025-08-31:0_right | 2026-02-03:9_left | 2026-02-08:5_right,LA Galaxy,USA,2023,1152.2993062054975
Fish & Chips,,10.0,33.22,3240841998ae4ea0fca922a117fa2475,2025-12-02:4_right | 2026-02-15:0_right | 2026-03-22:7_left | 2026-05-05:0_left,Women's Super League Merseyside Derby,ENG,2025,926.9443457598488
Pork gyros,,6.4,90.59999999999998,324191af88c7b9472eb964bbe245dc8d,2025-07-14:9_right | 2025-07-16:0_left | 2025-07-24:1_right,F.C. Copenhagen,DEN,2022,1131.6764413576263
Zapiekanka z salami,,3.8,84.5,324ee625bd88013743b5a9b803b4a4d0,2025-04-29:3_left | 2025-07-05:1_right | 2025-12-31:1_right | 2026-01-22:5_left | 2026-04-19:0_left,Legia Warsaw,POL,2022,995.18879957513
Chimichurri Steak,With sweet potato fries,6.5,73.17,325609f8cd2a62b9232b0f7b689f4fb3,2025-12-02:4_left,Avro F.C.,ENG,2022,1111.1212589603558
Roast pork and cheese sandwich,With a beer,7.5,43.57,3269a3bdc7db860d1f133fdea74d3bfb,2025-12-27:9_left,Standard de Liege,BEL,2022,908.93364372456
Sausage,,2.8,68.2,326bc873f2c779cadb7e797ce64ab20d,2025-04-29:4_right | 2025-06-30:7_left | 2025-07-10:5_right | 2025-08-23:9_left | 2025-12-03:2_right | 2026-02-04:1_right | 2026-02-22:1_right,AC Sparta Praha,CZE,2023,903.1076070494572
Chicken and halloumi souvlaki,,8.0,86.4,32740150d1a5a9f81e26793f58383003,2025-04-22:1_left | 2025-05-21:5_left | 2025-06-29:1_right | 2025-08-13:5_left,Dulwich Hamlet F.C.,ENG,2023,1001.9654040359616
Pigs in blankets,With roast potatoes and a pie in gravy,10.0,51.53,32892a79c6ebd6e1ef7df44448a5b984,2026-04-20:5_right,Oxford City F.C.,ENG,2021,1047.9045270903405
Cheeseburger,,5.0,10.120000000000001,328cbc2a3e1518e049c57fc1b7cf116d,2026-01-28:7_right | 2026-05-12:5_right,Millwall F.C.,ENG,2022,777.3707122271159
Grilled sausage,,2.8,63.9,329a351bd686d64b5996e947d2b0bbb1,2025-10-18:4_right,Polonia Bytom,POL,2023,1042.9507421499495
Roast potatoes,With beef and gravy,3.9,23.28333333333333,32c983aa41bd5a9a6052f342159aa921,2025-11-14:6_left | 2026-01-21:7_left | 2026-04-23:2_left,Huddersfield Town A.F.C.,ENG,2022,881.881161234401
"A pie, a pint and a pack of crisps",With a picture of Alex Ferguson,,72.34,32cde38e74ccaaea2ed893cc118a04f1,2025-12-26:6_right,Manchester United F.C.,ENG,2024,1059.6075375785342
Buffalo wings and fries,,7.5,92.4,3342244bb9611f8d728abf4713e48a57,2025-06-26:5_left | 2025-06-30:6_right,Hull City A.F.C.,ENG,2022,1154.176883669897
Sausage bap,With brown sauce,4.0,30.36,33544e1efc0537d1c1b9b63f07e2ce1e,2026-04-26:7_right,Billericay Town F.C.,ENG,2025,865.1295951958788
Double cheeseburger,,6.0,94.5,335e5efe95aaa8b9270391c85fa39112,2025-12-12:9_right | 2026-03-09:2_right,Knaphill F.C.,ENG,2023,1103.4459839544502
Chicken gyros,With tzatziki and chili sauce,7.0,84.325,33669220fa1a9578b429855ec49464eb,2025-12-27:1_left | 2026-03-04:2_right,North Ferriby F.C.,ENG,2024,1186.1740383291817
Dirty dawg,,5.75,50.94,33916a36f422f92b6bc75d538f58f110,2026-05-13:0_right,Hull City A.F.C.,ENG,2022,1039.136910173838
Korean chicken,,10.0,74.38,339cb7f995ad18f3eb464b03148780ac,2025-12-01:3_left | 2025-12-29:6_right,Stoke City F.C.,ENG,2024,1065.7178468051454
Salt and pepper chicken,With chips and katsu curry,5.5,77.845,33b0232a7955198f6774875f49782ed7,2025-12-25:2_left | 2026-03-29:9_right,Hillsborough,ENG,2024,1102.4017457846703
Cheeseburger and fries,,7.5,69.7,33b6fd47d1a3ba277c39b77a041ca7c8,2025-07-01:4_left,Oxford City F.C.,ENG,2022,1005.6196531281043
Cheese panini,,3.5,19.766666666666666,33c8ee3faeb04d621b812405695ffbe5,2025-07-07:3_right | 2025-08-08:0_left | 2025-08-08:2_left | 2025-08-08:4_left | 2025-08-08:6_left | 2025-08-08:9_left | 2025-08-15:0_left | 2025-08-29:9_left | 2025-11-07:9_right | 2025-12-12:3_right | 2026-01-31:7_right | 2026-05-25:0_right,Manchester United F.C.,ENG,2023,734.8504849742217
Salchipapas,Hot dog sausage and chips,1.5,50.79,33dcb120cd2d7ffdfbeb01dd6b2613fd,2025-12-14:4_left,Independiente Medellín,COL,2024,1005.7064987092168
Double fried chicken burger with cheese,,7.5,87.09999999999998,33f7ea01e72d5ba2628c44642258b2f8,2025-05-21:1_right | 2025-07-31:1_right | 2025-09-04:4_right,Newmarket Town F.C.,ENG,2023,1115.718069392927
Onion bhaji burger,,4.9,80.1,340a8de37e4ea31d48e3d15a20776422,2025-06-21:0_right,Charlton Athletic F.C.,ENG,2022,1091.4845304246044
Black bryony,Dioscorea communis,0.0,0.0,3422d58ff2ef2cee97576f942a875731,2026-03-06:1_right,Mother Nature,,2026,991.2511675126904
Sharing box,"2 burgers, 2 pies, chicken strips, cheese bites, mozzarella strips, 2 drinks and a program",20.0,77.7,34310e95ac1e91e02132e9accbc16fa7,2026-03-14:0_right,Brentford F.C.,ENG,2025,1111.611326438472
Steak Pie,,4.5,30.25,3433bf4138718a2b482ecddaf2b4f5e7,2026-04-22:1_left,Macclesfield F.C.,ENG,2024,873.0209874061459
Mint chutney sausage,With creme fraiche,2.55,31.67,343835f6b4afce7881d8456cfb8a793c,2026-05-14:0_left,Unknown Location,JAM,2026,896.957179854769
Two cans of Modelo,,28.35,22.674999999999997,3453d3c941b01958e8295ddb328afdfc,2026-01-23:7_right | 2026-02-09:8_right,Seattle Mariners,USA,2024,847.4249625714989
Steak and kidney pie,With mushy peas and gravy,4.5,35.3,3467b20c59a6e8f1ca8ff6e7d70877ca,2025-05-02:0_left | 2025-07-25:9_left | 2025-08-29:2_right | 2025-09-28:8_left,Rotherham United F.C.,ENG,2023,701.0006165997514
Aubergine and mushroom katsu curry,,13.5,42.43,3467d43d262c137ea4aacb931693a428,2026-01-15:1_right | 2026-01-16:4_left,Tottenham Hotspur F.C.,ENG,2025,1023.902603926452
Chicken loaded fries,,7.5,91.7,347b0287420e7a71ee5ef39f1c03fb77,2026-03-31:5_right,Leeds United F.C.,ENG,2025,1234.9693841379185
Sausage roll,,2.0,13.614999999999998,34c8eed22add5e1327ce8843c8c12987,2026-04-05:8_left | 2026-04-06:9_left,Airdrieonians F.C.,ENG,2021,763.743791868271
Ice cream lolly,With peanuts and Belgian chocolate,7.3,55.0,34e39244565ce09185a7b30bead4eda4,2026-05-21:6_left,Charlotte FC,USA,2022,1047.0122639662
"Fish, mushy peas and tartare sauce","On a bun, with skin-on fries",7.0,44.87,34ef57252f9c687bd7477e956af1f65f,2026-05-28:7_left,Chester F.C.,ENG,2025,983.5165440805614
Footlong sausage roll,,3.6,90.1,3555405e50513037dacb4d027000d6c7,2025-05-11:0_left | 2025-05-20:3_right | 2025-05-28:6_right | 2025-06-22:9_left | 2025-07-07:9_left | 2025-08-11:1_left | 2025-12-27:3_left,Swindon Town F.C.,ENG,2024,1030.2224594610632
Bratwurst,,5.5,28.81,355bbafe82ff7be5571e62e327ee7269,2026-05-09:1_right,"Kansas City, MO",USA,2026,892.9515913153715
Beef shortrib bowl,,10.0,79.28999999999999,355ebac35172b6942841152ec1b1d46e,2025-12-31:5_left | 2026-02-07:2_right,Vancouver Whitecaps,CAN,2022,1121.118037895487
Beef brisket roll,With chips,11.0,87.6,35770f80be50b2da814dc498e4b268c1,2025-04-26:6_left,Tottenham Hotspur F.C.,ENG,2022,1168.1890426650266
Chicken tenders and fries,With soda,19.3,30.13,35786d7321e4f2a374b4b98090af53a5,2026-04-26:2_right,Chicago Fire FC,USA,2025,881.8375565340867
Poutine,,5.2,89.38,357e8223340f9676dc560b099de9f15c,2025-10-19:9_left,Vancouver Whitecaps,CAN,2025,1186.5973868732358
Jack Daniels pulled pork loaded fries,,7.5,88.6,35c6b1a43bea5660f3fdcec3b56ebca8,2025-05-29:1_right | 2025-06-29:4_right,Notts County F.C.,ENG,2023,1064.4342524250444
"Pie, peas, mash and gravy",,5.5,76.0,35cedc85068315d3560072cbeaa8726a,2025-06-09:3_left,Stockport Town F.C.,ENG,2023,829.1260893366356
Chicken shawarma,,6.9,66.8,35f97f81a1630a3fc14da68236ed4bf3,2025-07-27:7_left | 2025-08-15:7_right,Qatar World Cup,QAT,2022,884.6745853666353
Hot dog,,4.0,24.7,3616eb320163bfe0e2059b38c5663df7,2025-05-16:4_right | 2025-06-19:7_left | 2025-06-30:0_right | 2025-07-12:9_left | 2025-08-25:9_left | 2025-09-05:1_left | 2025-11-03:3_left | 2026-01-15:2_right | 2026-02-02:3_right,Gillingham,ENG,2023,796.8425638896103
Vegetarian dinner,"Bread, butter, mushroom spread",0.0,13.9,361ec01c9aba9b305e8ac2583acf2446,2026-04-24:8_right,Unknown Hospital,GER,2026,976.897234319326
Chicken and chips,,12.0,42.5,3621ad2a00f69308cd3da7003d73eab0,2025-07-18:4_right | 2026-01-10:1_left,Wembley Stadium,ENG,2022,925.6772051952134
Sausage stick,,3.1,45.169999999999995,366d9039b3da17615ea1ee9cc6a9a1c5,2025-10-02:3_right | 2025-12-26:6_left | 2026-05-15:1_right,Ise Shrine,JPN,2025,980.3007379188556
Nashville hot vegan sandwich,,12.0,72.14,3675d093b3d921c25dc7f21135ccf16c,2026-04-19:3_left,Los Angeles F.C.,USA,2023,1128.565190666109
Cheese dog,,3.5,20.597272727272728,367e3c1ce5c306815b9f33afb9ac058b,2025-04-28:0_left | 2025-05-03:2_left | 2025-05-24:7_right | 2025-05-26:7_right | 2025-06-27:3_left | 2025-07-06:5_left | 2025-07-06:7_left | 2025-08-09:2_left | 2025-08-15:1_right | 2025-08-30:1_right | 2026-03-17:8_left,Crusaders FC,NIR,2022,790.1130003961542
Doner burger,,3.3,87.8,36a2477752ae15d0b7c8e6070e2409d3,2025-06-28:0_right | 2025-09-03:9_left,Go Ahead Eagles,NED,2022,989.7521261935644
Pork belly,With spicy rice and red cabbage,11.5,57.306666666666665,36af7ae02ba52a19146c10cc58bf0849,2026-01-03:1_right | 2026-02-10:4_left | 2026-03-19:8_right,St Louis City SC,USA,2023,1082.910655007969
Cheeseburger,With a lovely bun,5.0,47.75,36b792832676aae63c608466cc85c0db,2026-05-30:1_left,Thetford Town FC,ENG,2025,1009.0624781691764
Philly cheesesteak,,10.35,50.7925,36ccbb32e4f90f43bf4c5c785ce44f8e,2025-10-28:5_right | 2025-11-04:0_left | 2026-01-01:7_left | 2026-05-14:4_right,Nashville SC,USA,2024,994.0723129604604
Dimmy roll,,4.8,16.79,36e4b0680728650ec6584ccc3c92665a,2026-05-09:8_right | 2026-05-15:6_left,"Marvel Stadium, Melbourne",AUS,2026,782.2407286752685
Currywurst and chips,,11.1,40.985,36f88fb9caff86e0fb9cc8943666656b,2025-12-28:0_left | 2026-03-01:7_right,Stockhorn Arena FC,SUI,2024,967.6483144217186
Ice cream sandwich,,0.5,31.14,36fd9079d819fc7fb8a33000ff8137cf,2026-01-01:8_right,Bali United FC,IDN,2024,942.0392189718518
Cheesy chips,,3.5,13.6,371533e1c1196c690172617b80e5e5e0,2025-05-06:2_right | 2025-06-27:1_right | 2025-09-26:8_left | 2025-10-01:4_left | 2025-12-18:0_right | 2025-12-30:5_right,Billericay Town,ENG,2022,809.861674693053
Wrap with guacamole,"With falafel, cabbage and sweet and sour sauce",3.05,18.3,371c3c15c7b8ee88021a995375012d93,2025-08-01:9_left,University of Leipzig,GER,2023,999.0103092783504
Fully loaded fries,,,77.42666666666666,371e0e289575d9b211386d3d641bac2d,2025-11-08:1_left | 2026-01-17:7_right | 2026-01-31:3_left,Leeds United F.C.,ENG,2024,1109.3342521416969
A slice of Dominos pizza,,2.79,20.474,3753c281f793b5178a376505f678312c,2025-12-16:5_left | 2025-12-26:0_left | 2025-12-29:9_left | 2026-04-29:9_left | 2026-05-09:6_left,IR Reykjavik,ISL,2025,808.5677183664094
Salsipao Sandwich,,,71.26,375cde964ad5fd13993b0f0ad0e23b9b,2026-05-11:0_right,Sydney FC,AUS,2025,1107.760593333126
Cheese and vegetable sandwiches,Free with the birth of a child,0.0,75.19,375d9bdb3cee746b104ba925391f1799,2026-04-24:6_right,Unknown Hospital,SWE,2026,1016.120353210509
Pepperoni sticks,With a Jamaican beef patty,5.0,19.91,376838f6c86a0173b4a0aca40b83cdc2,2026-04-21:0_left,Kentish Town,ENG,2025,836.5441333167659
"Hammer Time"" sausage roll",,4.45,44.94,376f2fbd708440b26246766836a2cec9,2025-12-22:0_left,London Stadium,ENG,2024,966.7619845848416
Fried banana,,1.0,65.7,37754bbe4e4dff4e3bcee23c780201d9,2025-05-11:6_left | 2025-06-27:7_left | 2025-06-30:4_right | 2025-08-22:0_right | 2025-11-21:5_right | 2026-01-04:9_right | 2026-02-17:0_right,Manaus Futebol Clube,BRA,2022,951.35230765076
Walking cheezit Nachos,,8.9,17.009999999999998,3787fc268d6e148fb02d34534aa44d4a,2026-05-06:1_right | 2026-05-27:5_left,"Camping World Stadium, FL",USA,2026,817.2369994159793
Meatzza Pizza Fries,"Pepperoni, italian sausage, mozzarella, pizza sauce and nacho cheese sauce",14.0,48.1,37a43470f72531b270dfc2f6432756b0,2025-07-18:6_left | 2025-07-24:1_left | 2025-12-11:7_right | 2026-01-19:2_left | 2026-01-31:9_left | 2026-02-21:8_left,Dallas FC,USA,2025,1028.548211910914
Crispy Korean chicken in spicy glaze,On a bed of fries,12.0,92.03,37ae677b6fe8083965b9e4f61fe83ded,2026-01-02:7_right,Marylebone,ENG,2024,1228.7989001453727
Chicken bites and chips,With curry sauce,6.5,40.695,37c15f98918df9da1410bda8bfbc12fc,2025-11-06:9_left | 2025-11-27:4_left,Newcastle United F.C.,ENG,2021,1020.08833600564
Double bacon cheeseburger,,6.5,18.475,37c455a7be7a0d84c327ef6c5ec33ab8,2026-02-10:9_right | 2026-03-10:8_left | 2026-03-16:7_right | 2026-03-25:7_right,Hibernian F.C.,SCO,2025,839.1494028719429
Walking on Sunshine Freakshake,,11.4,52.565,37c7605c6f54194cf151434cd92d4756,2025-11-21:8_left | 2026-01-30:5_right | 2026-02-26:0_left | 2026-05-18:5_right,New York Yankees,USA,2024,1003.4972364040152
Bread with onion,,0.85,14.396666666666667,37e46171738db6b0125f9cde00f475ce,2025-11-28:9_left | 2025-12-16:2_left | 2026-01-19:7_left,MTK Budapest F.C.,HUN,2025,782.052581535615
Chicken tenders,With chips and buffalo sauce,14.0,36.75,3821ca20eb18f295d2b74bf8181683b9,2026-04-26:9_left,Toronto Maple Leafs,CAN,2025,928.6720030981252
Steak sandwich,"With chips, onion rings and a drink",27.0,45.5,389fab782ddf4d6bffbd3cccd3a74dc7,2025-04-29:2_left | 2025-06-03:7_left | 2025-06-07:6_right | 2025-06-16:5_left | 2025-08-30:2_right | 2025-10-15:1_left | 2025-11-23:0_left | 2026-02-15:8_left | 2026-03-03:8_left | 2026-03-25:6_left,Arsenal F.C.,ENG,2024,1060.4883933742476
Potatoes and quark,Free with the birth of a child,0.0,9.05,38f7e6ad46d1bbae7985a9c804557f26,2026-04-24:0_left,Unknown Hospital,GER,2026,973.7902140363306
Chicken tikka dirty fries,,,73.17999999999999,39009df7f5c638df289993b3e994e0ab,2025-11-04:3_left | 2025-11-11:6_right | 2025-12-11:4_left,Wrexham A.F.C.,ENG,2024,1037.5342351666793
Pulled pork and sausage sandwich,,4.5,85.3,39162dc4a76f2c4cf93144916bb77bde,2025-09-18:5_left,São Paulo FC,BRA,2023,1120.7507605134574
Sausage bap,With onions,4.0,68.23,3920ac6c5182cb8e97ec1ff3b9a8bc4b,2026-03-22:1_left,AFC Sudbury,ENG,2024,1094.4552097043622
Double bacon beef burger,,8.0,85.59999999999998,392cf3f3a345c47ca57c48d5efc2159f,2025-04-27:9_left | 2025-08-30:4_right | 2025-08-30:6_right,Chippenham Town,ENG,2022,1091.3491660580405
Burger,With coke,5.25,37.09,393cdacd08ce44ec89820fac78855952,2026-02-23:8_right | 2026-03-04:9_right,IL Bjarg,NOR,2025,927.1181331935436
Chinese Box,,12.0,31.34,393d2015d2b82453b41151f5829ca6a6,2025-10-15:2_left | 2026-01-18:7_right,Reading City F.C.,ENG,2024,931.2154904100572
Gunner dog,,8.0,69.1,395859dd5f175df42ae1fbecdd93e8bd,2025-04-26:1_right | 2025-07-26:9_left | 2025-09-09:5_left | 2026-04-19:5_right,Arsenal F.C.,ENG,2023,942.200577559713
Ice cream,,3.5,60.2,3959e4ca7074b0ce01bf09974a1424b4,2025-06-21:0_left | 2025-07-30:1_left | 2026-01-24:7_right | 2026-01-25:3_right,FC Barcelona,ESP,2023,1024.2604162591576
Steak pie and mushy peas,,7.0,21.95,39621d7e18a0f461bcf42c0aa47cda3a,2025-10-15:0_left | 2025-12-24:0_left | 2026-01-07:8_left,Harrogate Town F.C.,ENG,2022,854.4126890787585
Pepperoni pizza twist,,2.5,67.735,39706b8f3d50af6451f0c02e3026e9b4,2025-11-01:3_left | 2026-01-12:8_left,Plymouth Argyle F.C.,ENG,2021,1051.4648706532366
Frozen strawberries with ice cream,,4.0,86.8,397a3cfb40616be4c3451785f4c9f5e4,2025-08-06:8_left | 2025-11-21:2_left,Veertien Mie Ladies,JPN,2023,1024.69175408427
Halloumi gyros,,9.0,73.2,398ddd1a873aa7a4754cdef219eaa9c7,2025-08-06:4_left | 2025-08-19:1_right | 2026-01-15:4_left | 2026-01-25:6_right,Birmingham City F.C.,ENG,2023,1026.7179876715122
Beef pie,,4.5,13.463999999999999,39b5fcf16a8f0129d2fc10b7753e5dea,2025-10-14:5_left | 2025-10-19:7_right | 2025-11-03:7_left | 2025-12-25:1_right | 2026-05-18:2_left,Manchester City F.C.,ENG,2021,811.6721566580491
Sweet chili and lime shredded chicken flatbread,,10.0,85.02,39f387b27bbd44457cd27f108f177759,2026-01-02:0_left | 2026-01-19:1_right | 2026-02-26:7_right,Solihull Moors,ENG,2025,1192.4421060416526
Burger,,4.2,15.9,3a12d1671efcdfa462c641e649222d32,2025-04-26:9_left | 2025-08-14:6_left | 2025-10-04:1_left | 2026-03-02:5_left,Rotherham United F.C.,ENG,2022,798.877306024842
Hot dog and chips,,10.0,59.88,3a253a52416068936a9ad0277d3c9a19,2026-03-18:7_right,Etihad Stadium,ENG,2025,1040.815223630253
Cheeseburger and chips,,6.5,41.53,3a41b307833c47cb151659c2abeac235,2026-01-07:4_right,Colwyn Bay F.C.,WAL,2024,1001.6542437481788
Jumbo laugen hot dog bonanza,,5.2,71.6,3a66880c53b9df737175f4f5b9c8e4ea,2025-08-01:5_left,University Clinic of Hamburg,GER,2023,989.747572815534
Salted pretzel,With cheese,3.8,33.803333333333335,3a7d9c3cbd088d9d20f840604155fc34,2025-12-14:9_left | 2025-12-19:7_left | 2026-01-16:0_left,University of Toledo,USA,2025,934.9324873586554
Cheeseburger,,5.0,18.264444444444447,3a956e4ce1abddf44a1c1434160af879,2025-10-04:6_left | 2025-10-06:5_right | 2025-10-10:9_right | 2025-10-29:5_left | 2025-11-16:1_left | 2026-01-06:4_right | 2026-02-17:9_left | 2026-02-26:3_left | 2026-05-09:9_left,Tranmere Rovers F.C.,ENG,2023,708.271681525689
Duck loaded fries,,6.0,90.2,3ab853de5b69cb166de1567a5467eef8,2025-08-04:1_right | 2025-09-18:3_right,Oxford City F.C.,ENG,2022,1199.9973397725337
Diced beef steak,,3.9,92.3,3ae33a972f4f79fda1e616941fd2225b,2026-04-04:7_left,Roasso Kumamoto,JPN,2024,1020.1360921379014
Sausage in a flat bread,,3.4,29.1025,3ae598e3427e551f681e9951c80067bb,2025-10-24:2_left | 2025-11-27:2_left | 2025-12-08:7_right | 2026-01-07:5_left,Norway Cup Final,NOR,2022,874.0669626091415
Chicken tikka and chips,With cheese and chilli sauce,4.0,81.9,3af8a390e6aac8dd2d0503ad14fdec64,2026-03-26:2_left,Hyde United F.C.,ENG,2022,1075.9108652632683
Chili cheese fries,,6.0,84.14,3afdf19ee46175a6e8e9d70b94663419,2025-10-28:2_right | 2026-01-29:5_right,Farnborough F.C.,ENG,2025,1231.731644803465
Wings and wedges,,3.45,56.24,3b02d7cef45ad89add8ced35e59a3171,2026-02-17:3_right | 2026-03-15:9_left,Lion City Sailors FC,SGP,2025,1018.8851086583904
Turkey schnitzel,In a bun,3.4,86.1,3b1bbae4386ae4d7dd662da180b887e4,2025-04-24:3_right | 2026-03-12:6_right,TSV Dachau,GER,2023,1089.6972768912424
Apple crumble and custard,,3.5,47.53,3b2ae828fc10a0c58ce9fb9b4d35c9f7,2025-11-21:6_right | 2026-02-25:1_right,Stoke City F.C.,ENG,2024,986.1755676176635
Chips,With skins on,3.0,27.26,3b2da0d775f04eee32b33c8e7a964669,2026-05-04:7_right,Leverstock Green Football Club,ENG,2025,879.8651849819088
Kibbeling,Fried cod bites with garlic sauce,4.0,78.9,3b662b686049f40ef235cf78b24159b5,2025-04-23:8_left | 2025-06-19:9_right | 2025-09-07:6_left | 2025-12-13:2_right,IJsselmeervogels,NED,2022,974.4613279810798
Canolli,With lemon cream filling,1.8,66.77000000000001,3b8b386d93546031f4110df4db7d2587,2025-11-05:1_right | 2026-03-26:8_left,Clube Atlético Juventus,BRA,2025,1068.5859543416395
Rib meat roll,,,47.82,3b95e248774b7e618490b2d9de02052a,2026-02-09:1_right | 2026-05-11:3_left,West Ham United F.C.,ENG,2024,996.092648114516
Double cheese burger with bacon,,6.0,85.4,3b9ca4b9ecbd78356448ec0e3265d5d4,2025-05-12:5_left | 2025-05-13:5_left | 2025-06-08:8_left | 2025-06-28:4_right | 2026-01-25:4_left,Badshot Lea F.C.,ENG,2022,1136.636798782807
Festive fries,,6.2,45.8,3bd074a8d15002a7606a5ae7f247c538,2025-04-29:1_left,Cardiff City F.C.,WAL,2023,875.5727979935349
A cold Hot Dog,,4.3,20.88,3be2fe844acd5163cb41ba0107d611d7,2026-01-04:2_right | 2026-05-03:9_right,Gibraltar vs Czech Republic,POR,2025,847.1474520791062
Serrano ham baguette,,4.2,82.4,3bf4d7dce6893422e733e02c6c04b69d,2025-05-25:4_left | 2025-08-23:0_right | 2026-03-05:9_right,Valencia CF,ESP,2024,1014.711174507118
Sharer box,,,71.63,3c164a1bf3fd76b26771c74ac5c8802f,2026-04-30:9_right,Brentford F.C.,ENG,2024,1098.1894876455372
Parmo covered chips,"Chicken, bechamel sauce, cheddar cheese on chips",5.95,43.74,3c417ede771843a18d19841191d488c1,2026-05-02:1_left,Hartlepool United F.C.,ENG,2024,973.9585926304856
Fried chicken and chips,With sticky buffalo sauce and jalapeno mayonnaise,9.0,91.7,3c4968d91789c7254a1bb846cb7365d0,2025-07-12:8_left,Tottenham Hotspur F.C.,ENG,2022,1132.270263825546
Cheese and onion pie,,4.5,11.735,3c5c950f1e5fea20cec9ba3211ba339f,2026-05-20:9_right | 2026-05-21:1_right,Anfield,ENG,2025,814.9318157723202
Zsiros kenyer,,1.0,15.323333333333332,3c5e531c75a98d7a6add50e97b154019,2025-11-28:4_right | 2025-11-29:5_left | 2026-02-01:2_right,MTK Budapest F.C.,HUN,2025,778.7588792018438
Chicken curry and chips,,7.5,83.5,3c66ae75c33079c41ad08d9d5d3d9e3c,2025-04-27:2_left | 2025-06-11:5_right | 2025-07-31:5_left,Birmingham City F.C.,ENG,2022,1032.1583310605265
Monster taco,,14.0,80.6,3c68086c3791a67edf3fef1b4e0acd1d,2025-04-26:3_left | 2025-06-22:2_right | 2025-07-23:7_right,Dallas FC,USA,2022,974.088885397112
Hot dog,With toppings,6.0,48.85,3c82e57f5a1cf1fe8ec47d374c946de2,2026-02-22:8_left,Fleetwood Town F.C.,ENG,2022,999.3363110886175
Caramel waffle espresso martini,,23.7,34.06,3c9666beeb7618e1ebbad969aa824dcf,2026-01-23:4_right | 2026-01-30:3_left,New York Yankees,USA,2025,908.4517577567776
Pie and roast potatoes,With peas and gravy,6.5,83.2,3c9b4b18a007cbab5a008aea6e4fd207,2025-06-07:5_left,Grimsby Town F.C.,ENG,2022,866.4938123980488
Cheesy chips,,,13.475000000000001,3c9bede4a47d5c64c0937866a50b2755,2025-10-09:8_left | 2025-10-14:9_left,Unknown Location,ENG,2024,774.2203877039781
Bacon roll,,6.0,13.27,3cb4013fa76661ba3c9e2a952a11e760,2026-04-16:3_left | 2026-05-18:6_left,Southampton F.C.,ENG,2026,744.3307269177782
Sausage and chips,,5.6,21.0475,3cf218d143f312224ff58e18be342b25,2025-10-24:1_right | 2025-11-09:3_right | 2025-11-20:0_right | 2025-12-10:5_right,Grenoble Foot 38,FRA,2025,784.5787449011157
"Pie, chips and gravy",,5.5,80.9,3d340620a7ccd92c5fa3fcaf61af76fc,2025-05-04:5_right | 2025-05-06:6_right | 2025-06-09:0_left | 2025-07-29:3_right | 2025-08-25:5_right | 2025-08-28:8_right | 2025-09-06:6_right | 2026-02-14:4_right | 2026-03-21:0_right,Accrington Stanley,ENG,2022,916.3249618893992
Jerk chicken and rice,,9.0,78.72666666666667,3d535c1395786e169305d86518b95f28,2025-10-12:8_left | 2025-11-29:3_left | 2026-01-09:2_right,Bristol Rovers F.C.,ENG,2022,1112.4670163695357
Pizza,,2.0,12.199999999999998,3d5912e356e677d59f4a61fd40956665,2025-05-13:1_right | 2025-06-20:6_right | 2025-08-29:1_left | 2025-12-20:2_right | 2026-01-13:2_right | 2026-04-16:6_right,Cruzeiro Esporte Clube,BRA,2023,739.6871821660565
I have never had food stolen or attacked by a seagull,,,73.0,3d5954f44cab6a31cf0add326a39985d,2026-05-01:9_right,YouGov polling data,ENG,2026,977.9347717009532
Cool skull,With chips and mushy peas,6.66,40.19,3d89a77c114656def5c5e24c282bc6c0,2025-10-31:0_right,The Crypt,ENG,2025,993.7209918261108
Cheeseburger,,5.3,13.0,3dad1e69b884a2021bf594229e5c03e0,2025-05-08:9_left | 2025-08-07:6_right | 2025-08-26:7_left | 2025-09-06:8_left | 2025-10-21:0_right | 2025-12-13:8_right | 2026-01-15:9_right,Walsall F.C.,ENG,2023,767.0195378159816
Cheeseburger loaded fries,"Smashed beef patty, crispy onions, cheese, sauce",6.0,80.08333333333333,3dd0b96bed4f28a16b3192ab229cce13,2025-12-01:5_right | 2026-01-10:6_right | 2026-05-06:9_left,Conwy Borough,WAL,2023,1165.5924910710426
Double cheeseburger,With chips,10.45,94.4,3dd202bc42861091ae485b1f83484ac5,2025-05-31:6_right,Folkestone Invicta F.C.,ENG,2023,1152.193694775565
Jalapeño cashews,Free for soldiers,0.0,54.24,3dd991bf21b9f7ff3da80de5a4681bff,2026-05-29:1_left,"Meal, Ready-to-Eat",USA,2026,1002.712283753745
Garlic fries,With standard fries and a beer,29.5,53.53,3df40b274a912c4f762b222fa8ffdd7c,2025-12-04:2_left,Seattle Sounders FC,USA,2025,945.6486417764352
Lamb meat and chips box,With barbecue sauce,10.35,60.49,3e1c969ee6daf325f0b0c73baa1c6684,2025-12-09:4_left,"Eden Park, Auckland",NZL,2025,1059.7474512242602
Pork and stuffing baguette,With apple sauce,8.0,42.63,3e2f7cf5b2a0a12ebc9a53da2d7d4d01,2026-03-08:3_right,Reading F.C.,ENG,2022,954.7274184183028
Hotdog,,5.0,48.22,3e3678dc02ee557c91af9d40eac12d98,2026-05-11:7_right,Eintracht Frankfurt,GER,2025,992.1513327454136
Steak and mushroom pie,,5.2,21.97,3e3ffb005d620def421c22450207431b,2026-04-27:8_right,Sunderland A.F.C.,ENG,2025,862.7345591078504
Hot dog,"German sausage, pickles, ketchup",6.5,33.62,3e42f9be5c27a56f0f262c1d325f4720,2026-04-25:3_left | 2026-05-08:0_right,Bulgarian National Stadium,BUL,2025,944.1351095426
The Sickener,Russula emetica,0.0,0.0,3e6e9e3ec743d3223f1087b7bb86f39a,2025-12-05:7_left,The Woods,ENG,2025,993.1246126396844
Spaghetti meatball fries,With parmesan,9.0,65.785,3e7f9e6ecd447d5fdce0d8df4ecafd4a,2025-10-14:2_right | 2025-12-03:4_right,Toronto FC,CAN,2022,1060.968829932409
Sausage water,,2.0,20.5,3ea19c23f96189b46671bed61b511c41,2025-05-13:6_left | 2025-05-21:0_left | 2025-06-06:2_left | 2025-06-20:6_left | 2025-11-09:6_left | 2025-12-18:0_left,Bodø/Glimt,NOR,2022,681.019924670613
Sausages wrapped in a giant Yorkshire pudding,With a gravy pot,5.0,92.5,3ea64afb5d342ba8f9fbb65228219d52,2026-03-04:4_right,Derby County F.C.,ENG,2025,967.714154989552
Buffalo chicken fries,,10.0,89.79666666666667,3ee971ccd440cd90114517dfc07442e9,2025-10-16:3_right | 2025-12-20:7_right | 2026-01-02:3_left,Real Monarchs,USA,2022,1182.0712649986006
Kürtőskalács,Transylvanian chimney cake,,22.46,3eed7d7e1fe41c5fceb79e9730f11f58,2026-05-09:5_right,Barking,ENG,2025,910.9587994542322
Grilled scallops,With some grilled duck pastrami,4.9,74.4,3f024023edeebae6b8c8a0db14bf1b95,2025-09-18:8_left,Blancdieu Hirosaki FC,JPN,2022,889.5122299372603
Shoyu chicken and kalua pork platter,,13.2,53.7,3f3f21b9ba53f5888e507f7950a464c1,2026-05-18:7_right,Moda Center,USA,2026,963.1954619336874
Spicy sausage on a stick,,0.1,40.730000000000004,3f421d9e831ebd1e28017faa0514fae8,2026-04-28:5_right | 2026-05-15:8_right,Samut Prakan F.C.,THA,2022,953.1587809381804
Rocks burger,With chips and masala sauce,3.0,76.3,3f5313ffbc826ede291f04fcc6702199,2025-05-31:5_left | 2025-07-12:8_right | 2025-07-21:7_right | 2026-01-28:6_right,Bognor Regis Town FC,ENG,2022,1100.3433429619358
Cheesy chips,,3.5,20.31,3f6b199557b88d8bd6754f7fdaa2fa0b,2026-01-15:7_left,Barnsley F.C.,ENG,2025,861.53013217858
Cubano sandwich,,,33.612500000000004,3f76b9e84412226fbff895094fd85c80,2025-11-30:5_left | 2025-12-30:2_right | 2026-01-13:0_right | 2026-03-23:7_right,Energizer Park,USA,2025,919.9013125344044
Hot dog,,5.6,23.2,3f8470a6813847b485044165383ea798,2025-05-11:9_left | 2025-06-04:8_left | 2025-06-05:4_right | 2025-07-06:2_left | 2025-09-03:9_right | 2025-09-05:2_right | 2025-09-28:9_right | 2026-02-08:2_left,Qatar World Cup,QAT,2022,791.440807822223
"Steak pie, mash and peas",With gravy,6.75,28.01,3f86c6f0308dc8e27dc780c4340fadad,2026-04-22:3_right,Manchester City W.F.C.,ENG,2025,899.345699397292
French hot dog,,3.3,46.3,3fb32edba37fcda69ada035d1433be4a,2025-06-06:9_left | 2025-07-26:4_left | 2025-08-16:9_left | 2025-08-28:2_right | 2026-02-07:5_right,F.C. Copenhagen,DEN,2022,837.2200717197047
Curry chips and sausages,,6.6,50.53,3fb7a9823d15717456c76a577873359c,2026-05-31:6_right,Dundalk F.C.,IRL,2022,1028.398680281553
Nachos,,5.0,24.472500000000004,3fcd66872a0887e5fd01e88a2d589393,2025-10-09:7_right | 2025-10-11:3_left | 2026-01-12:1_left | 2026-05-18:7_left,The Etihad,ENG,2022,801.5073086833042
Pizza,With a soft drink,11.3,50.59,3fd8ff505528ac5c5adcb55b69e73948,2026-03-25:0_left,Arsenal F.C.,ENG,2023,996.7998030950096
Mushroom pizza,,8.0,32.3,3fd9cb115eb66050619ee1ec1f2109a9,2025-05-23:1_left | 2025-05-26:6_left | 2025-06-28:0_left | 2025-09-28:6_left | 2026-01-05:1_right,Walthamstow FC,ENG,2022,851.9891246900543
Steak pie,,5.0,10.585,3ffd06b7ac48a48c020b0cd2a8b93332,2026-01-15:7_right | 2026-02-24:3_right | 2026-03-12:1_left | 2026-03-19:9_left,Dundee United F.C.,SCO,2025,746.269274018412
Salt and pepper chicken,And chips,8.0,93.8,40150ebf9ce18fd0a115bf4e43e7ac61,2025-06-23:1_right | 2026-04-09:2_right,Oldham Athletic A.F.C.,ENG,2024,1165.2609979849444
Steak bowls,,6.0,94.4,4033bb6f450e2f4c61f60f5db1c2c316,2025-05-13:7_right | 2025-05-25:6_right | 2026-01-11:0_right | 2026-03-22:2_right,Cerezo Osaka,JPN,2022,1247.5639595049956
Heinz Toast Toppers,Thick spread for grilling over toast,,55.52,403465f43c6981e57df7c37e3812de09,2026-02-20:3_left,Heinz,ENG,1998,1003.532080293914
Balti pie,,4.0,9.995000000000001,404271b53df64a1fd695fe70beb7f18d,2025-10-17:2_right | 2026-02-17:6_left,Sheffield United F.C.,ENG,2022,703.616021975958
Bacon roll,,3.5,34.625,40492e76150578b9c9dffe8bdedbd23f,2025-10-30:6_right | 2025-11-02:7_left,South Park FC,ENG,2024,905.716920715706
Smash burger deal,With a drink,11.0,88.3,404e6a32c6071b9ca31d8f2d7cb60eac,2025-05-05:4_left | 2025-07-28:0_left | 2025-08-24:8_left | 2026-03-25:5_left,IF Brommapojkarna,SWE,2022,1099.7119318917953
Battered sausage and chips,,6.3,83.7,405a435434530ef21f46be1afe9a4739,2025-09-27:1_right,Redhill F.C.,ENG,2024,1003.4872143633668
"Pie, peas, chips, gravy",With a pint of Pepsi,7.3,47.47,405ddddcbb6da366c44c47b76360aa67,2026-02-23:3_left,Barton Town F.C.,ENG,2024,925.2316931202212
Jacket potato,"With chicken curry (also available: chili and cheese, beans)",5.0,29.253333333333334,40793aada588890731587f4635d83ff3,2025-11-20:1_right | 2025-12-15:7_right | 2026-02-24:8_right,Dorch Town FC,ENG,2024,912.4627496653608
Coxinhas and beers,Shredded chicken in a fried batter,4.5,83.4,409a5cb49a74cb39b5c533a281a400a8,2025-05-24:6_right | 2025-07-06:3_left | 2025-09-08:1_left | 2026-04-03:1_left,Coritiba,BRA,2023,889.0879049830314
The Breakfast Stack,,5.0,74.47999999999999,40ba1ba0e5144a3e3b553d11e1d33fe7,2026-01-11:9_left | 2026-03-31:6_left,Chadderton F.C.,ENG,2025,1163.8057483324776
Cheesy chips,,3.0,7.22,40c9e4b376b8ded33d53275d38bc5353,2025-10-11:2_right | 2025-12-28:1_left,Cheltenham Town F.C.,ENG,2021,736.7363676644057
"Chicken, pork and halloumi souvlakis",Price for each,7.0,83.8,40e5e932bd82c89ab22c801e9a078098,2025-04-22:0_right | 2025-08-12:8_left | 2025-09-23:3_right,Dulwich Hamlet F.C.,ENG,2022,1243.0412297990256
Chicken wings,With chips,8.5,88.84,40e6ab6583799f228be78d0bc508283f,2026-01-27:1_right,Women's World Cup 2023,AUS,2023,1146.7117926775013
Chicken roast dinner,,5.75,61.39500000000001,40f016eab691f2863927e75e105f5281,2025-11-24:0_right | 2025-12-25:6_left | 2026-01-01:7_right | 2026-04-20:8_right,East Fife F.C.,ENG,2024,1065.1515573385682
Pizza speciale,With apple strudel and vanilla sauce,3.4,83.0,40fcc17da3f8a1eccc00e05b5f28006d,2025-08-01:7_left,Hochschule Reutlingen,GER,2023,1002.7961165048544
Chicken schnitzel,,3.3,91.90000000000002,41115610007bbf27843e0b9d8652ad44,2025-05-02:8_left | 2025-08-23:8_right | 2025-09-16:1_left | 2025-09-16:5_right | 2025-12-03:2_left | 2026-03-28:4_left,Borussia Dortmund,GER,2022,1088.608335251772
Currywurst,With fries,7.2,73.9,411a3336a092e226ca003d26c0ccd283,2026-03-28:4_right,FC Kaiserslautern,GER,2025,942.3194055488972
Nachos,,4.0,85.8,413664d914925039f206522760902ee0,2025-06-15:9_right | 2025-08-11:5_right | 2025-09-15:7_right | 2026-02-15:1_left,Barnsley F.C.,ENG,2022,1163.754508567592
Pizza,,7.0,58.62,4142c4437d6b8b834157fda9e19b89ee,2026-05-27:3_left,Leeds United F.C.,ENG,2022,1029.812027435751
Steak Pasty,,3.5,65.01,4164c5cd1ed03b671d5714a4609fc79b,2026-03-24:2_left,Launceston FC,ENG,2025,1082.1631513124617
"Pie with mash, peas, gravy",With a Madri,14.2,18.55,41770fe9c5cd56373522381ba2dc69c2,2026-05-10:8_right,Wigan Athletic F.C.,ENG,2025,777.6746863941211
Chicken panini,For Aberdeen fans,6.0,9.2775,417e37287b76916d73f1624700669254,2025-11-14:0_left | 2025-12-22:4_left | 2026-02-06:4_left | 2026-03-31:4_right,AEK Athens,GRE,2025,739.8926571025246
BBQ Chicken loaded fries,,10.0,92.09999999999998,4188ee66471b23bd137e6f9c9129406a,2025-06-10:2_right | 2025-06-29:2_left | 2025-08-26:2_left,Luton Town F.C.,ENG,2023,1144.6575264443693
Hotdog in a waffle,,2.5,34.54,41b4b17e7606cac2236a853c022e3b00,2025-12-31:0_right,Fredrikstad FK,NOR,2024,899.0074631257332
Salt and pepper chips,With a chicken sub,9.0,77.76,41c88d6c8afa895794823ba015bbfc47,2026-05-12:6_right,Tadcaster Albion A.F.C.,ENG,2025,1176.2552086626786
"Pie, chips, mushy peas and gravy",,4.5,42.5,41d0a1077613212593ab6995620a6ce5,2025-06-08:1_left | 2026-02-08:2_right,Farsley Celtic F.C.,ENG,2022,842.7781008195452
Pastel de carne,Meat pastry,1.5,35.865,41dfeb65c1ae1cc6e759a5a5c1c337db,2025-12-29:1_left | 2026-01-13:8_right,Figueirense FC,BRA,2022,900.4060361048023
Beef makunouchi bento,Beef lunch box with egg fried rice,4.8,83.9,41edcbe57c135e58042b83af192f4e7b,2026-02-13:2_right | 2026-03-07:7_left,Vegalta Sendai,JPN,2022,1174.3080315525835
Potato tornado,,2.0,87.0,41fa625813b0ee60e9fa2aee2f51daa4,2025-06-29:1_left | 2025-06-30:2_right | 2025-08-10:2_right | 2025-08-15:5_left | 2025-12-06:3_left | 2026-01-29:1_left,Pohang Steelers,KOR,2023,913.663801091436
Angus beef cheeseburger,,5.95,80.99,42193fc4043628fa477c5bd81ff5280f,2026-03-13:4_left,Amtrak Train Cafe,USA,2026,1019.8333236202576
Pão com Chouriço,Bread filled with chorizo,2.9,54.447500000000005,4248998db9a4765cf4b774f12b3f1078,2025-08-15:7_left | 2025-12-24:9_left | 2026-02-22:7_left | 2026-05-25:5_left,Sporting,POR,2022,895.1673011205369
Yakitori bowl,Skewered chicken with rice,4.8,95.6,4251c1bb2f2e3d40be1164e382b0482d,2025-06-22:5_left | 2025-06-24:7_right | 2025-09-08:1_right | 2025-09-12:0_right | 2025-09-14:4_right,Kashiwa Reysol,JPN,2023,1208.7204836794829
Chicken sandwich,,14.6,65.6,42558eb68d2b5905784c16ee6507d649,2025-06-08:6_right | 2025-07-28:7_right | 2026-02-18:8_right,San Jose Earthquakes,USA,2023,1082.572848536848
Rowan berries,Sorbus aucuparia,0.0,100.0,42839eea99aba4841479a303bfb58323,2026-03-06:0_left,Mother Nature,,2026,1005.2406596111248
"Pie, mash, peas and gravy",,,44.575,428a8e4d32370bae55d9377f89ba5f4c,2026-02-26:6_left | 2026-04-08:0_left,Oldham Athletic A.F.C.,ENG,2024,997.3849735331416
Double cheeseburger,,6.0,52.19,4290bf38fdf18f70df6133c50d05969b,2026-05-14:2_left,Penn & Tylers Green F.C.,ENG,2024,1028.220737015443
Italian sausage pizza,,8.7,87.7,42bd15c96b81c726ffbeb19d802d11f9,2025-05-28:2_right,Brisbane City FC,AUS,2023,1057.7795777547376
Pretzel,,4.7,38.175,42c0cca7139d26c4ec931748311b0534,2026-01-11:6_right | 2026-02-10:0_left,TST 7v7,USA,2023,970.605460333959
Runza,"Seasoned beef with cabbage and cheese, in bread",5.2,27.25,42c4550c4f3ef2d9245fb799df487be7,2026-03-07:0_right,"Lincoln, Nebraska",USA,2026,875.990266441603
"Sausage, chips and curry sauce","In a hollowed cob, with a drink",6.0,82.2,42c559a46651324fe722c21e1f6bcc1a,2025-05-09:2_right | 2025-06-27:8_left | 2025-11-26:0_right,Merthyr Town F.C.,WAL,2022,1012.3053044378336
Pulled pork bap,With crackling,5.0,44.86,42ed9d9702d91a3a12331e48a456a65d,2025-12-30:3_left,Cheltenham Town F.C.,ENG,2022,950.6224534436244
Burger with cheese,With a hard seltzer,24.85,32.215,42f1d38a58becee4ec610de79b0f6522,2026-05-03:2_right | 2026-05-12:0_right,Utah Jazz,USA,2026,884.5477701220412
Hot dog fries,"Shoe-string cut crispy hot dogs, chipotle ranch",15.0,45.6,431e0671e8bdae21325dabed3e7642f2,2026-05-23:3_right,Washington Nationals,USA,2026,965.7887756120016
Fried chicken and rice,,4.6,92.9,431fd229e46e2c0be2744bc47d49d311,2025-09-12:2_right,Kashiwa Reysol,JPN,2023,1169.8449092464632
Chorizo and truffle topped mac and cheese,,6.0,86.5,434db6f447dae92e6ec984593062df69,2025-07-03:2_right,Farnham Town F.C.,ENG,2023,1061.3465765339458
Loaded Fries,,4.0,67.16,435e1e42ec7ab4e8e553483558d08871,2025-11-02:8_right,Farnham Town F.C.,ENG,2024,1056.4177359264538
Hotdog and Burger,,24.25,36.61,437f9aa0abeaaf5756896e51cc514013,2026-03-29:5_right,Oracle Park,USA,2025,911.3209450303626
Margherita pizza with ham,3 slices,5.0,67.3,4398689d43ef0e857a8ea892731fb3e8,2025-06-24:2_right | 2025-07-09:0_right | 2025-07-28:9_right | 2026-02-07:0_left,Bolton Wanderers F.C.,ENG,2022,1081.5452064017406
Grilled cheese with chicken,,13.5,70.86500000000001,43a4d6f60b59819053e73735d303d387,2026-03-16:8_right | 2026-05-24:1_left,New York Red Bulls,USA,2023,1071.7608000134303
Kebab,,6.45,35.98,43ac5f0ce6322814860ef18edb3f0366,2026-05-23:0_left,LASK,GER,2025,938.8734844746548
Vegan hot dog,With vegan loaded fries,6.0,62.1,43c3faa5865dad6d48360b1411703139,2025-07-14:7_right | 2025-09-27:0_right | 2025-12-28:4_right,Folkestone Invicta,ENG,2022,973.3674133959618
"Pizza slice, cheese",Free for soldiers,0.0,44.0,43cf02ca89ace531e281902c784b8050,2026-05-29:5_left,"Mamma mia, Ready-to-Eat",USA,2026,996.1619408642912
Class Chips Mince and Onion Pie Peas and Gravy,,6.0,36.48,43dd221161a1b950a41be79dd570f136,2026-05-07:4_left,Clitheroe F.C.,ENG,2026,918.584833909834
Sausage and a pint,,4.0,41.4,444ce42a7eae8069b6b8ce24c62d4840,2026-01-25:5_left,KS Cracovia,POL,2025,917.1488653480666
Sweet Potato Fry Hot dog,,,32.13,449232d685337180c39eb19d27d22300,2026-03-13:5_left,Unknown Location,,2026,988.5650864868056
Chicken Balti pie,,4.0,15.1,4497118e02cd41c60514d218eabe86fc,2025-05-16:6_left | 2025-06-16:5_right | 2025-08-23:6_right,Leeds United F.C.,ENG,2022,759.5309287760696
Nutella donuts,,6.0,83.4,44a73d0a14fa98a34cff769990ecef68,2025-05-26:1_right | 2025-12-29:0_right | 2026-04-14:8_left | 2026-04-17:3_left,Chelmsford City F.C.,ENG,2022,1062.950691127861
Mashed potatoes,Free for ICU patients,0.0,22.74,44ab38764446aa681ae5f7d9d6c2dc16,2026-04-24:2_left,Unknown Hospital,GER,2026,982.5524526723146
Roast pork sandwich,,2.0,62.026666666666664,44d5919b2a0a0150c9fbbea590ce94d8,2025-12-17:2_left | 2026-01-04:4_right | 2026-02-03:6_right,Sport Club Internacional,BRA,2022,1120.305900932955
Brisket Nachos,"With queso, jalapenos and onions",12.5,84.1,44db534904d9c4918d28a3fd9abaf211,2025-05-28:7_right | 2026-02-11:7_left,One Knoxville SC,USA,2023,1116.888199731894
Oysters,Free for fans and players,0.0,23.802000000000003,44e75e0cb6b8380140f2106c21a4a7e4,2025-11-14:7_left | 2025-12-13:3_right | 2026-02-03:6_left | 2026-02-27:9_right | 2026-05-06:3_left,AS Velasca,ITA,2022,809.9288538034302
Pulled pork nachos,,3.5,68.14,44e84730f3d29c945c9b6822339b1aab,2025-12-21:9_right,Northleigh FC,ENG,2021,1128.425565860763
Wood fired pizza,,5.0,74.55,44f3704ddca238c2d3a6a70c0b7a6de0,2025-12-06:0_right,Hartpury University FC,ENG,2023,1148.9326622429148
The Avro Bomber Box,,10.0,94.6,44f3b6df901bddeb426029c4a86cb118,2025-05-13:7_left | 2025-06-15:7_left | 2025-08-24:4_right | 2025-09-13:7_left,Avro F.C.,ENG,2022,1140.2166716787806
Cheesy chips with burger sauce,Served by a young lady with a beautiful smile,3.0,52.974999999999994,44fcb4353b675ba2f9d236f1f265c8f3,2026-01-08:9_left | 2026-03-27:3_left,Hadley FC,ENG,2024,1001.2334887881194
Pulled pork baguette,,,42.68,45047ad01b6d8d47569044753987744f,2026-04-08:6_right,The Pig and Bean,ENG,2024,975.0862246161694
Hot dog,,5.0,63.8,456a817e6e1b5aa795b9398bb84983f9,2025-05-12:4_left | 2025-05-14:8_right | 2025-06-08:7_left | 2025-06-26:4_right | 2025-07-26:0_left | 2025-09-11:1_left | 2026-04-02:9_right,FC Barcelona,ESP,2022,988.5678768263203
Hot dog,,4.5,5.4,4570ca25396219d4db92180131b40b4a,2025-06-29:0_right | 2025-09-05:9_right | 2025-09-27:3_right | 2025-09-29:3_left | 2026-01-01:3_right,Northampton Town F.C.,ENG,2024,674.2882580264559
"Chips, beans and cheese",,1.0,55.4,4574a69076033bc0dc696a6020263eb3,2025-06-10:9_right | 2025-07-19:5_right | 2025-08-05:3_left | 2025-09-17:8_right | 2025-09-21:5_right | 2025-09-28:5_left | 2025-10-06:3_left,Morriston Town,ENG,2022,840.4683632047121
Waffle with Nutella,,2.5,57.0,45752e0531be0fd3ac42d1c7f0dc74bc,2025-05-27:7_left | 2025-08-13:3_right | 2025-08-19:4_right | 2026-01-22:8_left,St Etienne,FRA,2022,947.6508852437202
Cottage pie,,4.5,40.57,45762aef5419abe3521f5fe6bec9de9b,2026-04-06:7_left,F.C. Halifax Town,ENG,2022,992.8919943081642
Tropeiro,"Pork, rice, beans, egg and crackling",3.0,72.65,4591cc96c8f8eabbdda81733998ca5ff,2025-12-09:8_left | 2025-12-30:9_right,Cruzeiro Esporte Clube,BRA,2022,1127.1532425619544
Roast potatoes and beef gravy,,4.5,84.3,45a1d733888e8bb47ae5dfae6ddfa5a6,2025-05-10:4_right | 2025-08-18:3_left | 2025-08-30:9_right | 2025-09-17:5_right,Huddersfield Town A.F.C.,ENG,2023,950.1923198063204
Sharing box,"2 burgers, 2 pies, chicken strips, cheese bites, mozza sticks, 2 drinks and a program",20.0,81.205,45b75ff8142e3284c07cf58f013e8616,2025-11-30:0_right | 2026-04-06:4_left,Brentford F.C.,ENG,2024,1148.1632901810783
Chinese chicken curry pie,,2.5,24.47,45b8f733a50abdbb160ea7000f597dfc,2026-05-25:2_left,Forth Wanderers,SCO,2022,888.076554121386
Slider Box,"6 burgers, 4 mozzarella sticks, beer-battered onion rings, and tater tots",20.8,87.5,45d62ca985dd3cd18c2ae8c827715268,2025-08-16:4_left | 2025-09-21:5_left,Sporting Kansas City,USA,2024,1191.6145964119232
Fire dog,"Jalapeno cheddar sausage, cheddar sauce, charred tomato pepper relish, flamin' hot tortilla strips",8.05,59.55,45ec02fe0665e78cbeea95b90b4cb858,2025-10-16:7_left,Chicago Fire FC,USA,2025,1023.8818074108724
Burger with onions,With chips,5.5,39.36,4610875631148cf59bad48773b46a937,2026-05-17:7_left,Gosport Borough F.C.,ENG,2024,949.3513049218524
Mitraillette,"Burger, fried onions, fries and sauce on a roll",5.99,79.8,461c5cd8813c500f4c09c23d5b3ff990,2025-05-24:4_left | 2026-01-25:3_left,RSC Anderlecht,BEL,2024,979.8227103028696
Pizza slice,,4.0,29.63,4646dda67d8bfadddbd461f97e6bc819,2026-03-21:3_right | 2026-04-23:9_left,Queens Park Rangers F.C.,ENG,2022,864.2887328811461
Sausage Rolls,With a hot drink and a chocolate bar,5.0,55.67,46671fb6f9b257cecece0b9020f949d2,2026-02-04:3_left,AFC Newquay,ENG,2021,1038.4928737606351
Average of all Italian scran,,,43.57,46709d6e70e7cb262c35f91163a98b60,2026-05-22:5_right,,ITA,2026,1019.5214497455116
Purple Korean corn dog,"Hot dog and mozzarella in ube batter, fried in panko, dusted with ube, with sweet and spicy honey",,49.245000000000005,46b6bc5b1f7c394c40414580864a198c,2025-11-15:9_right | 2026-02-02:8_right,TCU Football,USA,2025,943.9543675280842
Hot dog and a pint,,4.0,63.11,46bb498d8b5f64874d252ce37b65eacb,2025-10-19:1_left,FK Dukla Praha,CZE,2022,1043.4228334551333
Pastel de carne,Meat pastry,2.0,74.9,46d1d01916e1816ab05bc5b7af0756a2,2025-07-15:7_left | 2025-09-15:9_right | 2025-09-16:1_right | 2025-11-22:8_left | 2026-03-11:6_left,Figueirense FC,BRA,2022,879.8432447822588
Veggie burger,,8.05,25.884999999999998,46d2e8a2c54e6531cf29429e53236356,2025-12-15:6_right | 2026-03-20:5_left,Vancouver FC,CAN,2025,889.551829991635
Double bacon cheeseburger,With chips,7.5,77.64,46de9fc38ac7477dae42503c79cbfc69,2025-11-10:2_right,Horsham F.C.,ENG,2024,1157.193799385327
I have tried almond milk,,,44.0,46ec60d91433509e0a2308b8b0d571ea,2026-05-01:1_right,YouGov polling data,ENG,2026,1007.533446930138
M&M's,,4.6,22.625,4729165d922bbd44e90ddf08a73bbce1,2025-12-19:1_left | 2026-04-09:1_left,San Francisco 49ers vs Arizona Cardinals,USA,2024,833.5388697324327
Four sausage hot dog,With cheese,3.75,50.08,4750e4baeacc33d10bc918d7a9a06c0f,2026-04-13:9_right,Sport Club Internacional,BRA,2022,1008.0629346479252
Fish and Chips,,15.0,54.03,4756675b4fb02610acf2a7df3a217ec5,2026-01-15:0_right,Sydney FC,AUS,2025,1009.3955735652517
Low-histamine diet,,0.0,21.5,475696b835e61292242bf48c1e66384e,2026-04-24:1_right,Unknown Psychiatric Hospital,GER,2026,981.7544149540432
Penne pasta,,2.9,53.68,476c9ebe3b83d53d57447d564f21e34c,2026-05-24:3_left,Perth SC,AUS,2024,1013.5444356718436
"Pie, chips and gravy",,5.5,77.3,477cc19ad75f88d2852db947537876db,2025-07-06:5_right | 2025-08-06:9_left,Bamber Bridge F.C.,ENG,2022,982.6543320421052
Cheese Burger,,7.0,43.27,4781981d535539e796f831d1ea4933a0,2026-05-13:5_right,"Roots Hall, Southend-on-Sea",ENG,2026,935.3421212694318
Chips and sausages with curry sauce,,5.8,78.8,47bb56a28b61033fd87741886ce4ca81,2025-07-08:0_right | 2025-09-15:8_left,Bohemians,IRL,2022,964.298276719114
"Tenders, mash, corn, gravy",Free before a colonoscopy,0.0,41.6,47f76d41cd86b2a133ac8810c3a4a0bf,2026-04-24:7_right,Unknown Hospital,USA,2026,994.6241968257456
Chips n black olives,,3.75,15.919999999999998,480caff56f3b6aef4db3f549f7bea5e2,2025-10-10:4_left | 2025-10-17:7_right,East Fife F.C.,SCO,2024,757.8281490517571
Cajun Chicken wrap,,5.0,40.21,4811f107a41f0339f678a3b94f5b719f,2025-11-27:9_right | 2026-03-25:8_left,Avro F.C.,ENG,2024,949.5048599637188
Hot dog and a beer,,2.0,41.76,48142fcfea1327e90e1a8eaa6208dec4,2026-05-04:6_right,Independiente Medellín,COL,2026,949.8314087878204
Fizzy Spangles,Fruit-flavoured boiled sweeties,,49.25,483a2d8d74c7622424d13b78a9f9a820,2026-02-20:7_right,Mars,ENG,1979,999.520280590598
Pulled pork burger and hot dog,Price for each,5.5,70.59,488dceabc1e9f181c11fd01f6cfd0a7e,2025-07-05:2_right | 2025-09-08:9_left | 2025-10-08:7_left | 2026-01-22:2_left | 2026-05-27:8_left,Hull City A.F.C.,ENG,2022,1067.7889410161608
Smash burger and fries,,10.4,79.18166666666667,48a5d27b5543bbbe9be19c0785206c1b,2025-04-28:7_right | 2025-05-25:3_left | 2025-08-31:6_right | 2026-01-18:0_right | 2026-02-16:4_left | 2026-05-24:8_right,Houston Dynamo FC,USA,2023,1032.2114766252787
Hot Dog,,4.0,35.49,48c52da61dd1cacb5b44059f0bb678f1,2025-11-20:0_left,Hertford Town F.C.,ENG,2025,851.1271564550633
Spicy sausage,With two pieces of bread,2.5,52.26,48c59f2bc56faab6548a7b84437bbe3a,2025-12-11:9_right,SK Slavia Prague,CZE,2022,940.7975213217848
Steak rag pudding,"With chips, mushy peas and gravy",5.0,53.905,48e028f635eb99a5cdfb4737b10ac568,2025-11-04:7_right | 2025-11-13:5_right,Hyde United F.C.,ENG,2023,920.3622398988924
Beef skewer,And a beer,3.0,86.0,48f7afea38b9d1972f772a9db2df8f46,2025-06-03:6_left | 2025-08-03:1_left | 2025-08-28:7_right,Figueirense FC,BRA,2022,954.6463505033691
What Up Corn Dog,Honey-battered corn dog coated in crushed Takis,,34.65,49007311cd578900e486be9f4a0888fa,2026-03-30:8_left,Seattle Mariners,USA,2025,931.0533140831976
Sausage roll,,4.0,6.599999999999999,4907951687de18beb8a1b5fc755a37fa,2025-05-16:1_right | 2025-06-13:0_left | 2025-06-16:4_left,West Bromwich Albion F.C.,ENG,2023,690.1816894538367
Fried pickles,,5.3,52.20000000000001,4911349d3b58e0b51f74e62a5e0849dc,2025-04-25:3_left | 2025-04-25:7_right | 2025-05-07:2_left | 2025-05-29:8_left | 2025-07-05:0_left | 2025-07-19:3_left,Charlotte FC,USA,2022,943.9729025421864
Roast potatoes,With beef gravy,3.5,14.39,4926ebab34d2bb59251b81538f87f511,2026-03-24:2_right,Huddersfield Town A.F.C.,ENG,2022,810.6658757781752
Bacon cheeseburger,,4.75,89.46,492ed4d52f1527c6796949e8e80673da,2025-11-29:1_left,Stowmarket Town,ENG,2023,1144.4001011088396
Beavertown battered haddock and chips,With mushy peas and tartar sauce,10.0,86.9,4930af50495f1c05e2f17c7788427f66,2026-04-10:6_right | 2026-04-18:1_left,Tottenham Hotspur F.C.,ENG,2022,996.234008162368
Chicken curry pie,,5.0,43.3,493e6a7b13c5fd96cc8be40cc8447abe,2026-05-05:4_right,Marine A.F.C.,ENG,2025,946.112158369291
Mushrooms and bread,With a pint,6.8,40.98,495d00edaa8d487a3d679a943a2e6845,2025-09-27:6_left | 2025-10-27:0_left,FSV Ochtrup,GER,2022,1004.2358511255236
"Pork, stuffing and gravy on chips",,5.0,83.9,49685a67b66f0aaa48b6bbd3c7e0d393,2026-03-25:4_right,Yate Town F.C.,ENG,2023,955.0507131083344
Buffalo chicken,With waffle fries,6.0,94.27666666666666,498423a82d9d53cd8e147ebd3e56ceb7,2025-11-03:4_right | 2026-01-02:9_left | 2026-05-11:5_left,Wellington Phoenix FC,NZL,2025,1371.739976642624
Currywurst,,5.5,84.0,49889bebc4755c4076421b3989952ec0,2025-05-03:4_right | 2025-07-01:8_left,FC Bayern Munich,GER,2022,1085.559956658002
Free hot dog,,0.0,29.236,498ac9af6094709ecd1e0e09b1ecf83a,2025-09-27:6_right | 2025-10-03:2_right | 2025-10-17:5_right | 2026-01-20:8_right | 2026-02-27:8_left,New York Mets,USA,2023,924.3699387668238
Jockey whopper burger,"3 burgers, 3 bacon, 3 sausage, 3 cheese",10.0,85.83999999999999,499f4ca4a11202e0385480431bc221eb,2026-01-02:0_right | 2026-02-05:4_left | 2026-02-16:3_left,Newmarket Town F.C.,ENG,2025,1214.5184773320257
Korean fried chicken,,4.5,96.6,49a9229a3371e0ab88b5a2267a18691e,2025-06-05:1_left | 2025-07-15:2_left | 2026-02-07:4_left | 2026-02-12:7_left,FC Seoul,KOR,2023,1220.1313222185097
Chicken burger,With waffle fries,9.5,82.745,49ab1ef10657c8c77791cda9e540fe97,2025-11-26:2_right | 2026-01-27:5_right | 2026-02-21:0_left | 2026-03-23:3_right,Melbourne Victory FC,ENG,2022,1209.8716913753226
Sausage and bread,,7.2,10.9,49b21512c19965e1a6cea5a97f76ca7b,2025-05-25:2_left | 2025-06-02:4_left | 2025-06-05:6_left | 2025-08-08:0_right | 2026-02-02:2_right,Servette FC,SUI,2023,719.7926775478383
Chicken and chips,,13.0,63.24,49cfa55998d0e16cdb99b1c8386b9d32,2025-11-05:1_left,Seattle Sounders FC,USA,2022,1060.6757195843377
Chicken curry and rice,,10.0,70.31,49d6e240c6039bb659db473b3af6ffe9,2025-10-19:8_right,Birmingham City F.C.,ENG,2021,1136.5528097657375
Buffalo tenders and chips,,9.5,88.7,4a1de53e3d47e297258da94d58ec4597,2025-05-08:4_right | 2025-08-10:1_left,Canada v Honduras,CAN,2023,1063.473725860432
Chicken leak gammon pie,,5.5,21.765,4a233502797303d73ab3bc8a4a294b50,2026-04-20:7_left | 2026-05-03:6_right,AFC Wimbledon,ENG,2025,848.9322254217931
Prawn tacos,,8.0,48.2,4a25dd27321acc4b41dfe59d0ee47603,2025-04-27:2_right | 2025-05-15:7_left,Melbourne City FC,AUS,2022,892.8478633931561
Meat skewer,With farofa and molho verde,2.1,36.97,4a4a0a8d715faca7e74bf9aa54ef4f85,2026-02-02:1_left | 2026-03-03:7_left | 2026-05-21:0_right,2024 Recife Pernambuco,BRA,2024,917.7188864491848
Sweet chili and lime shredded chicken flatbread,,10.0,92.3,4a4c38533102aed433e711f72532e1a8,2025-05-02:8_right | 2025-07-05:7_left | 2025-08-10:0_right | 2025-09-25:5_right | 2025-10-29:9_left | 2025-12-12:8_left | 2026-01-31:0_right,Solihull Moors,ENG,2023,1128.3921790801326
Cheesy chips,,6.5,9.719999999999999,4a5f9ac905c2d4b7cae89af1d82a05eb,2026-05-12:4_right | 2026-05-17:5_left,King's Lynn Town F.C.,ENG,2025,731.6467308804047
Quark,With potatoes,2.4,26.7,4a6e626ba5ae773b2cfff5bf258a2616,2025-07-11:7_right,Uni Göttingen,GER,2023,986.1132075471698
Chicken teriyaki skewer,,2.5,89.3,4a81ac2f99b64c1d93270a3c7f81bc47,2025-06-01:6_left | 2025-08-23:8_left | 2025-09-12:4_right,Chungnam Asan FC,KOR,2022,1095.353222276344
Pie mash and liquor,,5.5,18.25,4a853dda783fea56e461bcfc9e8f0ad1,2025-10-11:1_left,Queens Park Rangers F.C.,ENG,2024,792.5570993373684
Pie and mash with gravy,,9.0,31.53,4aa013612f773d8a27444f5dfd16444e,2026-05-28:6_right,AFC Wimbledon,ENG,2022,880.8898285639926
Burger,With gherkins,5.9,19.45,4ab463a76902fb50f80c296fcb01efc4,2025-11-27:6_left | 2026-01-22:3_left,Brighton & Hove Albion F.C.,ENG,2023,799.0971270994769
Gravy and cheesy chips,,4.0,39.99,4af8e6f0ac8f99704595aeeda3dc835b,2026-03-15:3_right,Dorchester Town,ENG,2021,953.2535720891284
Cheesy nachos,,4.7,71.46,4afa5ca7cbb0b2944916bbfd3ba7f9a8,2025-10-20:2_right | 2025-11-04:7_left | 2026-01-08:8_left,Blackburn Rovers F.C.,ENG,2022,1095.940536723022
Chicken tikka and mint yoghurt wrap,With chips,6.5,92.7,4b430f96c303ae84d87288deb1ab9a72,2025-07-10:3_left | 2025-09-09:8_right | 2026-01-28:2_right,Avro F.C.,ENG,2023,1186.0180728866785
Average of all Hungarian scran,,,23.48,4b5ea1a4172c0fdc04d10d4b76455762,2026-05-22:7_left,,HUN,2026,975.4400731930468
Chicken curry and chips,,5.0,50.4,4b95d5c461328a77c350d94d43cbe9a0,2026-05-24:2_left,Staveley Miners Welfare F.C.,ENG,2026,1018.1801450238016
Curry chips and cheesy dog,,,33.980000000000004,4b9c6c51385086466c497903c1661ea2,2026-03-03:1_right | 2026-04-29:8_left,Eamonn Deacy Park,IRL,2024,920.8256465132512
Loaded Nachos,,4.0,62.11666666666667,4b9f4b0caeff7c41f789e58c29dc4a4a,2025-10-03:5_right | 2025-11-02:2_right | 2026-03-15:5_right,Grimsby Town F.C.,ENG,2021,1028.5068241907982
Mega bap,"Sausage, bacon, hash browns, cheese, brown sauce",6.0,71.945,4bc1dcb5517f397bfb1b8ddfab9bef97,2025-09-23:9_right | 2026-05-30:2_right,Selsey Football Club,ENG,2025,1058.3168069428975
Hot dog,,5.55,37.23,4bd7ae44d4452c5f9fdca240d4bd18c1,2026-04-28:9_left,"Paycor Stadium, OH",USA,2025,916.2206425951542
Cheesy bacon hotdog,,4.65,70.6,4be9804f75e6d0d3a75ee28de225974e,2026-03-18:7_left,Newcastle NSW,AUS,2026,1138.7848346970102
Sausage roll and chips,,4.2,41.685,4c16a70e058e1e6c642bc0ac79ac8ccb,2025-10-09:5_right | 2025-10-21:9_left | 2026-03-08:5_right | 2026-03-23:9_left,The New Saints FC,WAL,2024,902.9487269905352
Double DamSpicy smashed burger,,8.0,81.82,4c4b614f84d06eb82b7f327389db8b53,2025-11-05:9_right,Sunderland A.F.C.,ENG,2025,1195.3265962109135
Rib roll and extras,"With ""Holy Fuck"" hot sauce",10.0,77.5,4c4c5cde6fa2341d76ade4194125c55a,2026-01-14:7_right | 2026-02-04:0_left | 2026-03-08:6_left,West Ham United F.C.,ENG,2022,1144.4505548235
Korean fried chicken,With waffle fries,12.5,83.16,4c700773daa1b0b1536cfdc6a3a89121,2026-01-25:1_right,Los Angeles F.C.,USA,2022,1139.3186759109851
Spanish Gold Sweet Tobacco,Coconut strands dusted in chocolate and sugar,,34.74,4c7314e31488e105ad6386c9cc384dd0,2026-02-20:5_left,Barratts,ENG,1975,990.236056494046
Fried chicken and chilli,,7.0,95.3,4c941aa96cf13d796ad1b26a3ef9bb99,2025-07-03:1_left | 2025-08-06:3_left | 2025-08-28:3_right | 2025-09-06:6_left,Crawley town,ENG,2024,1177.0592604136864
Fajita flatbread,Beer not included,6.0,81.135,4c956d806f5a51c3df1078059a25fe7b,2025-11-13:3_left | 2025-12-27:2_left,Rusthall FC,ENG,2025,1180.268942889939
Hot dog,,3.8,20.740000000000002,4cd2643e6e3f3e6e1f6f06d022fcedb1,2025-10-18:6_right | 2025-10-20:1_right | 2025-10-22:1_left | 2025-11-09:1_right | 2026-01-19:9_left,Carlisle United F.C.,ENG,2024,836.4913913633641
Average of all Czech scran,,,46.61,4ce4993d417484738e83d32d627702af,2026-05-22:6_right,,CZE,2026,989.051437645324
Cheeseburger and fries,,15.0,28.826666666666668,4cf075dba21e91ba8bd49618b189e171,2025-11-25:2_left | 2026-01-22:1_right | 2026-03-03:6_left,Olympics 2024,FRA,2024,864.9375644517821
Chips,With Piri Piri dusting,4.0,43.62,4d0581c72115f9324c84e061decf36e8,2026-05-03:0_right | 2026-05-03:1_right,Easter Road stadium,SCO,2025,967.7396630748904
Sausage in lompe,,3.5,50.2,4d0d11dad991ecbba580b96674990ecb,2025-04-21:2_left | 2025-05-19:9_right | 2025-08-15:9_right | 2025-11-20:7_left | 2025-12-28:5_right,Skeid,NOR,2022,838.9598259437869
Mixed barbecue,With a beer,13.4,48.17,4d666dc437fd7a0c1edae6c37eebeec3,2026-05-10:9_left,Athletico de Madrid,ESP,2024,988.4671435609506
Chorizo hot dog,,3.4,88.3,4d66c57eb9cdb3d714833eec5d1761b3,2025-04-21:8_right | 2025-05-18:0_left | 2025-06-28:2_right | 2025-08-10:1_right | 2025-09-20:7_right,AC Sparta Praha,CZE,2023,1054.4085706966837
Holly,Ilex aquifolium,0.0,0.0,4d800e311c6dd9e4e8164a5b190c336e,2026-03-06:8_right,Mother Nature,,2026,980.867421270873
Loaded fries,,,75.36,4d84155efb082a4ae34097cd945a2844,2025-12-22:8_left,Leeds United F.C.,ENG,2024,1112.1426222859343
Chicken tikka and rice naan,,6.5,91.7,4dc35241491156eaadc6ce780eca2aa0,2025-06-17:1_right | 2025-07-21:9_left,Grimsby Town F.C.,ENG,2023,1092.6327448604668
Salt beef bagel,With pickles,6.95,55.900000000000006,4dcc9ec4d4b7fbaad9b206715963fd8d,2026-01-11:1_left | 2026-02-16:9_left,West Ham United F.C.,ENG,2022,984.8291426973672
Bendicks Mingles,Trapezoidal chocolates with mint,,51.61,4dd8e632b03f3552f053e0e3d91461eb,2026-02-20:0_right,Bendicks,ENG,2001,1001.0278711207748
Cevapi roll,,3.4,57.13,4e1d7cbed6ef26f65da538077da087eb,2026-05-28:1_left,Adelaide United,AUS,2022,1036.531543881116
Pernil sandwich,Roast pork,3.9,88.6,4e2522555355864e5a279c71df59c484,2025-04-22:2_right | 2025-06-05:5_right | 2025-07-02:5_right | 2026-03-25:1_right,São Paulo FC,BRA,2023,1021.4089492114116
Currywurst with fries,,4.0,59.03,4e4d7f4dd7613249495a5c845ce946c4,2026-05-27:2_left,Borussia Dortmund,GER,2023,1055.6027353085888
Sziros kenyer,With a pint,2.8,57.2,4e761e5bbde5672550859635b2c92441,2025-06-26:3_right | 2025-06-30:1_left | 2025-07-24:0_right | 2025-07-30:2_right | 2025-11-28:0_left | 2026-01-11:4_right | 2026-04-12:9_right,Budafoki FC,HUN,2023,845.8591339482705
Hot dog,,5.0,18.91,4e888963cd807ac5166f2fb256a9e9a9,2025-10-17:3_right | 2025-10-18:9_left | 2025-12-17:0_right | 2026-01-13:1_left | 2026-01-30:7_right | 2026-05-17:6_left,Southampton F.C.,ENG,2023,833.2157939333708
Ice cream sandwich,,0.5,23.7,4e99fb17d727228480d321eb8a20192e,2026-03-05:2_left,Bali United FC,IDN,2024,870.1743624942264
Bhaji burger,,4.5,93.4,4ea5384d67bd7b2b2856b35e4ff25ebd,2025-09-25:3_right,Charlton Athletic F.C.,ENG,2022,1147.7414465328256
Cheese and veggie omelet,Free for soldiers,0.0,21.04,4eabcc5a5799ab5ac634c1f14f3dab8f,2026-05-29:8_right,"Meal, Ready-to-Eat",USA,2026,981.479884301867
Hot dog,"With bacon, cheese and a quail egg",2.4,79.5,4eb2183eef694bb1a95910de2cc56615,2025-06-09:2_left | 2025-08-24:9_left | 2025-09-08:8_left | 2026-03-18:6_left,Atlético Nacional,COL,2023,1029.355400973391
Chips avec gravy,,,21.21,4eb264ac273f132c54eddbfe18251aa3,2026-04-21:9_right,Garforth Town AFC,ENG,2024,819.3693031715504
Argentinian BBQ,,10.0,88.4,4ec05da7c6f17787ef4b8874d9bf576f,2025-05-20:6_left | 2025-09-08:2_left,Aston Villa F.C.,ENG,2023,1091.1366983951518
Meatball sandwich,With packet of crisps,7.0,12.9,4ec70865fd420f718fe9caa468574f7e,2025-06-06:4_left | 2025-06-08:2_right | 2025-06-09:6_left | 2025-08-29:4_left | 2025-10-23:1_right | 2025-12-11:5_right | 2026-03-07:9_left,PEC Zwolle,NED,2023,783.4674360949535
Chicken and beef burger combined,With peri salted fries,10.0,42.72,4ece3104947be442513e91d01cb83647,2026-05-06:3_right,Chadderton F.C.,ENG,2025,974.0516939010251
Katsu chicken with chips,,7.5,95.4,4ee215157a9882429325b7cb52939573,2025-07-19:6_left | 2025-08-03:4_right | 2025-08-18:0_left | 2025-11-19:9_right | 2026-01-22:9_right,Hull City A.F.C.,ENG,2023,1201.868257364163
Hot dog,,5.0,8.912,4ee8c065102eb8d1ebe014eac4706692,2026-01-20:3_left | 2026-02-25:4_right | 2026-04-13:9_left | 2026-04-28:0_right | 2026-04-28:4_left,Sunderland A.F.C.,ENG,2021,767.552418305242
Glystarkes and beer,Cinnamon-flavoured crusty bread rusk,6.0,35.24666666666666,4f0d2f18bf28f3e7b4f205070968692f,2025-12-18:8_right | 2026-01-16:6_right | 2026-05-16:2_left,Limassol Stadium,CYP,2025,930.8104171765352
The Duck Boot,With 67oz of craft beer,31.65,69.4,4f2ae221d85fb5c078fbb93fc72162b4,2025-12-20:3_right,Madison Mallards,USA,2023,940.3255261221738
Cheeseburger,,4.2,20.191666666666666,4f3c27c7cbcf55018fdbf1e5c33c1a02,2025-10-09:1_left | 2025-10-17:7_left | 2025-11-02:3_right | 2025-12-01:9_left | 2025-12-19:8_left | 2026-05-13:2_left,Peterborough United,ENG,2022,836.078595234979
Apple crumble,With custard,,37.6175,4f3d5bdea3c64790fe6525ce813cdf74,2025-11-21:7_left | 2025-12-06:8_right | 2026-01-30:1_right | 2026-04-30:5_right,Pride Park,ENG,2024,948.4289564579192
Street chick burger,,5.5,85.28,4f41c9ef79d203dc7d91be9671c92df0,2025-12-16:5_right,Tilbury F.C.,ENG,2021,1146.8219366937144
Chicken and chips,With spicy mayo,5.0,85.0,4f52863d84677768b0c13728dd280042,2025-05-14:0_right | 2025-08-09:7_left,Partick Thistle W.F.C.,SCO,2023,1137.7059062141684
Hot dog and chorizo roll,With a bottle of water,6.5,88.59999999999998,4f62d2d17dcc03a363a94b335aab7346,2025-05-03:7_right | 2025-09-04:7_right | 2025-09-11:3_right,Benfica,POR,2022,978.1987990131254
The breakfast stack,"Bacon, sausage, egg, hash brown and cheese",5.0,89.9,4f63d6bc5b2080d8d470b28c874299e1,2025-12-01:2_right | 2026-01-06:0_left,Chadderton FC,ENG,2025,1045.905249511026
Bacon water,,6.66,52.17,4f6837ed67ed590faf7aba4357f8d98a,2025-10-31:4_right,The Place Beyond,NOR,2025,1001.3873069621876
Apple with a friendly worm,,6.66,50.3,4f76604410bea1375aa1254e2e1ece7f,2025-10-31:1_left,Richard Scary's Busytown,USA,2025,1000.1951030678408
Hot dog,With mustard and ketchup,3.3,51.1,4f78e002be7111d3fc8fc3f09e0a193a,2026-05-08:8_right,Gazprom Arena,RUS,2025,965.9201358041664
Pollo a la brasa,Grilled chicken and rice,2.4,76.7,4f934a5d605f53a9938b668c47725013,2025-05-01:5_right | 2025-05-11:9_right | 2025-05-13:8_right | 2025-06-10:7_left | 2025-07-05:7_right | 2025-07-08:2_left,Barcelona S.C.,ESP,2022,1020.8593171189624
Cheesy chips,,3.0,7.295,4fcab1d2148a5e0be4402f543db132a2,2026-04-20:6_right | 2026-05-13:8_right,Southport F.C.,ENG,2024,757.5391150945361
Lechona,Roast pork and crackling,2.5,85.5,4ff2ca95563a104b7e57e51b6511e022,2025-07-07:4_right | 2025-09-03:0_left | 2025-09-06:0_left | 2026-02-26:9_right,Santa Fe,COL,2023,958.4997116297804
Chicken chasni pie,,4.0,37.34,502d3fb9b19bcab94d36f8b3c90d93ad,2026-05-09:0_right,Glasgow Clan,SCO,2026,921.3751858157146
Jerk chicken,With plantain and rice,10.0,84.25333333333333,503cd2bdb0933863ddd36407073edf05,2025-11-04:9_left | 2025-11-27:7_right | 2026-03-28:8_right,Tooting & Mitcham United F.C.,ENG,2025,1218.1022367116564
Hot dog and pretzel,With two 0.75 pint beers,14.85,69.785,5047db43574f5c61797bb466ea32eb89,2025-10-20:6_right | 2025-10-25:1_right | 2025-10-29:4_left | 2025-11-16:5_left,"Nats Park, Washington DC",USA,2025,1108.008994652752
Orange Peel Fungus,Aleuria aurantia,0.0,100.0,504aae01733951fdd7727577b0fd4880,2025-12-05:3_right,The Woods,ENG,2025,1020.3450295031756
Chicken strips with chips,And a drink,15.0,78.305,50520c82a7127b090395ed4b562cba8b,2025-10-23:6_right | 2025-11-11:1_left,New York Yankees,USA,2024,1126.4859396643535
Jerk chicken and rice,,,79.9,50853b0e293a516dda690f934f80851b,2026-01-09:6_left | 2026-02-25:0_left,Bishops Cleeve F.C.,ENG,2024,1150.327419309331
"Pie, crinkle chips, peas and gravy",,4.5,20.78,50861b185ee5138b2b85f69525f03426,2026-04-23:0_right,Farsley Celtic F.C.,ENG,2022,854.042481540402
Loaded fries,,7.95,76.225,50a775690730d8d6e958737e1d102f20,2025-10-28:2_left | 2025-11-09:7_left,Leeds United F.C.,ENG,2024,1165.802395694997
Bratwurst,,4.2,79.9,50a8c4cd992864df60bf5020545bc219,2025-04-24:8_left | 2025-08-03:3_left | 2025-09-30:8_right | 2026-01-17:9_right,Hertha BSC,GER,2024,869.7225076740332
Pepperoni pizza twist,,3.0,89.2,50af32916c934e4a503e0e51ed1f33a2,2025-06-21:3_right | 2025-06-22:5_right | 2025-07-31:8_right | 2025-09-04:4_left | 2025-09-09:4_right | 2025-09-10:9_right,Bradford City AFC,ENG,2022,1016.7490399770728
Steak pie and peas,With a burger and two drinks,19.5,24.572499999999998,50c0e17605199835e864c282f56b88a6,2025-10-12:4_left | 2025-10-17:5_left | 2026-01-13:5_right | 2026-02-17:9_right,Harrogate Town F.C.,ENG,2024,829.0779653421306
Chicken katsu curry box,,7.5,77.98,50d85149c9715202827d2d8038087dfa,2026-03-19:1_right | 2026-05-16:3_right,Hull City A.F.C.,ENG,2022,1177.698441375246
Cheeseburger,,7.8,27.42,50dfabc291a8248173e98d84983cf723,2026-04-29:4_left,"Accor Arena, Sydney",AUS,2026,853.3658232853832
Fruit pizza,,,15.610000000000001,50e132599b5bc0eb0738fc5f888a2f70,2025-10-10:6_right | 2026-04-01:0_right,Unknown Location,USA,2024,767.758378673451
The Skyrosa,Cheese coney on top of a pizza slice,9.5,37.2,50f5297cacc75cab3166bfe3ff2616b5,2025-05-14:0_left | 2025-07-04:9_right | 2025-08-29:6_right | 2026-03-18:4_left,FC Cincinnati,USA,2023,967.42549995466
Chicken and fries,With a can of Stella Artois,24.0,39.864999999999995,5102ffd6f9ade7beec89de1d53447abe,2026-02-01:5_left | 2026-03-11:7_left,New York Red Bulls,USA,2022,929.041708385624
The big dog,,4.5,53.86,511523ffe6ab55b263f793c6eb182ee5,2025-11-09:8_right | 2025-12-03:1_left,Kidderminster Harriers F.C.,ENG,2022,1060.723675662428
Chicken balti pie,,,71.62,514b5b9e713813cb3096fe4266c744ea,2025-12-04:6_right,Crewe Alexandra Women FC,ENG,2025,1011.1273709601036
Hot dog,With mayo,3.0,24.707500000000003,515a23e4b3a56f50ba778d8d037549cf,2026-02-24:6_left | 2026-04-18:9_left | 2026-05-08:0_left | 2026-05-14:7_left,Grêmio FBPA,BRA,2022,855.2639204741079
Fries,With ketchup and mustard,2.5,19.28,515a8e3c13d86acf6d807335e8bdc1ea,2026-01-12:3_right | 2026-02-13:1_left | 2026-02-17:8_left,FC Machida Zelvia,JPN,2025,882.3388835275756
Spicy pulled pork roll,,5.5,89.59999999999998,51a0123acda9556c37c2605e9a5d2835,2025-07-05:9_right | 2025-07-26:8_right | 2025-08-27:2_left,New Mills F.C.,ENG,2022,1064.448028582525
"Pie, chips, gravy and peas",,5.0,78.3,51b6432a5fbd143930cc10631a0a4d43,2025-06-19:2_right,Altrincham F.C.,ENG,2024,940.2403963469202
Hot dog,,5.5,75.0,51b9453af20d81e7121c11ba5bf8688e,2025-05-10:5_right | 2026-03-15:6_left,Hull City A.F.C.,ENG,2022,970.2915889237092
Hot dog,,,20.21,51c952e865db09c717463aaff4486801,2026-02-18:4_right | 2026-03-22:3_left,Manchester United F.C.,ENG,2024,794.4510477534509
Katsu chicken,Hunters chicken also available,8.75,81.24,51ddd10a5872892644983ab1fed4efa6,2025-10-29:7_right,Hull City A.F.C.,ENG,2025,1213.0153565411886
Morel,Morchella esculenta,0.0,100.0,5208eb0af09589afadebedfd444d2998,2025-12-05:9_right,The Woods,ENG,2025,1008.7819664268584
Pepperoni pizza,With alcoholic drink,15.0,17.9,521f79e4d55cbe8ffc36e23c62ac5cc2,2025-07-18:1_left | 2025-08-02:2_left,Crystal Palace F.C.,ENG,2022,987.7790720634996
Yakisoba,Stir fried noodles with beer,7.0,91.2,524ad58face0a84a814535ea2c9eb227,2025-04-23:0_left | 2025-07-03:3_right | 2025-08-02:0_left | 2025-09-12:4_left | 2025-11-19:0_right,Kyoto Sanga F.C.,JPN,2023,1007.7353382491574
Fish finger sandwich,,3.0,44.5,5290b76206c3e694a37165a15451751f,2025-06-17:2_left | 2025-07-12:1_right | 2025-07-20:9_right | 2025-07-26:1_right | 2025-08-08:3_left | 2025-09-14:3_left | 2026-04-11:1_right,Holyport F.C.,ENG,2022,787.1570212490194
Cheeseburger,With gherkins and crunchy onion too,5.0,38.62,52999107ce318ae6c567995f32fc7e04,2026-02-22:9_left,Long Melford FC,ENG,2024,962.9221079986962
Kebab and chips,,5.0,46.25,529e76cb243be0a9eb3610afb9cfc69c,2026-05-04:9_left,Campion FC,ENG,2024,1008.6756303082784
The gaffer burger,"6oz beef patty with lettuce, cheese, crispy chicken strips, bacon and crispy onions",9.0,92.09999999999998,52a78b2bf8fc442f2f8f6666d50ba8b1,2025-05-03:6_right | 2025-05-31:7_right | 2025-08-24:6_left | 2025-09-20:5_left | 2026-03-18:2_left | 2026-04-02:7_left,Tilbury F.C.,ENG,2024,1230.26549196099
Chicken dog,With pulled pork,6.95,89.90000000000002,52c4a7a4bdb34e7a123e4b5dcc25560b,2025-05-05:2_right | 2025-05-28:8_right | 2025-08-25:7_right,Barnsley F.C.,ENG,2024,1196.7732876128214
Full hog burger,"Patty, sausage, bacon and cheese",5.0,75.1,52d3ecb9e15f4d4bf1f11cb771efda4c,2025-06-30:2_left,Metropolitan Police F.C.,ENG,2022,1031.449148618383
Burger and a pint,,12.5,21.865000000000002,52e81542aa10dab01d00cbe547ce8499,2026-01-12:4_left | 2026-05-13:6_right,Arsenal F.C.,ENG,2022,843.8904615855147
"Chicken tikka, naan and masala fries",,6.0,86.6,530921bcbc206add0bdb8564cd50828d,2025-04-20:8_left,Wolverhampton Wanderers F.C.,ENG,2022,1095.7860904695406
Loaded fries,,2.0,40.35,530f82b5e352755ad90cd3f817e7fd05,2026-03-15:7_right,Bobby Moore Sports Hub,ENG,2024,969.6919660862447
Cherry laurel,Prunus laurocerasus,0.0,0.0,5317c43485c8c7c1d3bc80a9b0ec7a4e,2026-03-06:2_right,Mother Nature,,2026,1003.3559287112394
Shredded duck,With rice and spring onions,7.5,84.4,5319000aa633964dd8f0d540fb4579cd,2025-05-21:8_right,Wycombe Wanderers F.C.,ENG,2022,1087.9836991537616
Cheeseburger,With onion and brown sauce,5.0,39.427499999999995,531ef029fb8c1a9766fc3f740c24dbbb,2025-12-24:7_left | 2026-01-03:4_left | 2026-04-23:1_left | 2026-05-17:3_right,Walsall F.C.,ENG,2024,963.2371063187863
Toffee doughnut,,3.5,43.07,533db8e3291323f5d240022faee0f9a2,2025-11-23:7_left | 2026-04-17:4_right,Everton F.C.,ENG,2025,914.9809210794218
Seasoned chicken hearts on a stick,,3.0,36.7,5354024fb2033487e7afa0f67ca38e3f,2025-05-23:4_left | 2025-06-22:6_left | 2025-08-22:9_right,Club Athletico Paranaense,BRA,2022,769.922798249565
Vegetarian enchilada,With avocado cream and a red cabbage salad,2.2,57.1,5357196f802a192ed14f1e1bc85d0a37,2025-07-11:6_left,TU Braunschweig,GER,2023,1011.0545454545454
Bruschetta,"Toasted baguette with mozzarella, garlic, tomatoes, chives",5.6,75.38,5362287a7593daba4ae819aca25d9ef3,2026-04-05:6_right,RB Leipzig,GER,2025,1136.6125533020263
I would never eat dog meat,,,70.0,538d32f6aaeb6005ea26a24505291466,2026-05-01:4_right,YouGov polling data,ENG,2026,1021.2283829146892
Teriyaki chicken,With rice,8.5,63.35,538eee864b478c632a921cf607f72b93,2025-11-13:5_left | 2026-04-21:1_right,AFC Mobile,USA,2022,1073.943138989907
Chinese box,,,74.61500000000001,539c8c1a7692d35ef46b5d00dab53308,2025-11-09:5_left | 2025-11-25:4_left,Reading City F.C.,ENG,2021,1166.1258430602825
Pepperoni pizza,With a 4-pint jug,17.5,82.8,53ba43ba2eb35f0c7a23fe211a74cc22,2025-04-21:5_left | 2025-04-26:7_right | 2025-06-01:8_left | 2026-01-03:2_left,Skelmersdale United,ENG,2022,930.0228993899688
Chicken wings,,5.65,57.42666666666667,53d3f53a71e9337079ff17028d9fd92d,2025-10-14:6_left | 2025-10-15:7_right | 2025-12-13:0_left,RCDE Espanol,ESP,2025,1032.043299236304
Chicken burger,,4.5,7.5,53d9a8f26aeee208a093608e78376423,2025-05-16:0_left | 2025-06-13:2_left | 2025-10-04:0_right | 2025-11-10:5_right | 2025-11-22:4_left,Stoke City F.C.,ENG,2022,747.2587652263886
The Animal burger,"Beef patty, sausage, bacon, egg, cheese and onions",7.0,85.40000000000002,53f3319ee9c7c5231c941481c1a9073a,2025-05-09:3_right | 2025-07-05:5_right | 2025-09-04:3_left,Hashtag United F.C.,ENG,2023,1101.7597380994837
Double cheese burger,,5.5,94.94,540e8aff8a9d21d461dfa3f99703d7e8,2025-11-08:1_right,Hartley Wintney F.C.,ENG,2025,1176.0062997828352
Kiełbasa z bułką i ogórkiem konserwowym,Sausage with a roll and pickled cucumber,2.0,73.6,541c2a0052ca8527cb5f803422ba71d7,2025-06-24:7_left | 2025-07-05:3_left | 2025-07-09:5_right | 2025-07-24:5_right,Polonia Warszawa,POL,2022,1056.6766554166954
Fatlad's special,Double bacon cheeseburger with onions,5.0,52.5,542ff3861f376f2a8185bd4bd7f59b6e,2026-03-11:1_right,Flackwell Heath FC,ENG,2022,1024.9556013146969
Pork and stuffing bap,With roast potatoes,5.0,88.1,543cc0be291d37e3e357494044e78673,2025-05-13:2_left | 2025-06-29:8_left | 2025-07-05:6_left | 2025-07-17:6_left | 2025-07-21:5_right | 2025-09-15:9_left | 2026-02-02:2_left,Barnsley F.C.,ENG,2022,997.5393629365128
Salt and pepper calamari,With chips,8.0,44.74,5458943c9e022aac7ffa55c08d2d5878,2026-05-20:4_left,Adelaide United,AUS,2022,948.636877770174
Salt and chilli chicken pie,,4.5,84.6,54769467ee6054f62a7cc22d5c50350d,2025-09-03:3_right,St Mirren F.C.,SCO,2023,884.872800442256
Burger,,6.0,9.5975,5484f5f0996eea8abf016525b112a432,2025-10-25:7_right | 2026-01-13:3_right | 2026-03-08:0_left | 2026-04-07:3_right,Bromley F.C.,ENG,2024,742.894851535068
Chips and curry,,,43.12,54a6a7fb189844427ea6f2d27e0c051f,2026-04-29:0_right,Atherton Collieries AFC,ENG,2024,984.1549277888286
"Pie, mash and liquor",,,35.98333333333333,54aab5eb09b79482c0f38de407bf454b,2025-12-09:9_left | 2026-02-11:1_right | 2026-05-09:5_left,West Ham United F.C.,ENG,2025,903.7921769822594
Olde English Sausage,,10.5,66.21666666666668,54ba6e57448eb14ed168712370848ec7,2026-01-08:4_left | 2026-01-13:6_right | 2026-03-03:1_left,"Womens FA Cup Final, Wembley",ENG,2024,1107.4274165745512
"Butter pie, peas and gravy",,4.5,63.7,54c900231cbbdf05c8b72f0aab75dc75,2026-01-01:6_left | 2026-03-18:6_right,Preston North End F.C.,ENG,2022,851.7809893848597
Foot long hot dog,,9.3,17.29,551a82b7e8660e6932d921e4d0d02ac2,2026-03-31:2_right | 2026-05-08:1_right,Ole Miss Rebels,USA,2024,829.9186190046439
Churros with Nutella,,5.0,79.6,5523c4e7cf9a2de78d62f03b2b7d7b05,2025-05-15:4_left | 2025-06-23:7_left | 2025-06-24:8_right | 2025-10-07:5_right,Bristol Rovers F.C.,ENG,2023,1042.8007563531428
Salt 'n' pepper chips with steak,,5.0,86.1,553999e45e794f4ebc9d4324cd69913d,2025-05-04:4_left | 2025-07-30:7_left | 2025-09-11:6_right | 2025-09-17:9_right | 2025-11-22:9_right,Avro FC,ENG,2022,992.8573103299416
Doner kebabs,"Falafel or beef, price for one",8.55,59.81,553f2f5f291d0f22e92300ad92d2a49c,2026-05-09:0_left,"Eden Park, Auckland",NZL,2025,1041.6956956894142
Salt and pepper chips,,7.0,75.38,555edcc8c52b4b178bb0ffea13679828,2026-01-12:2_left,Newcastle United F.C.,ENG,2024,1104.1804775861158
Mars Delight,Chocolate and caramel fondant with wafer ripple in chocolate,,80.66,5574c6e18284a64e5d5df90a8b884d69,2026-02-20:8_right,Mars,ENG,2010,1019.6201854696478
Pie,,,23.95,5596909c40aef34257a6542c5a42a80b,2025-12-09:8_right,Wembley,ENG,2024,832.0309975309816
Two battered sausages,With chips and curry sauce,7.0,80.3,5596f01449ee44e88e800ef0b0e1c0fe,2025-05-13:6_right | 2025-06-12:6_right | 2025-08-31:9_right | 2025-09-08:5_left,Shamrock Rovers,IRL,2025,990.0543971247332
Chilli dog,"With cheese, jalapenos and nachos",6.5,87.9,55c277b8b370a5195cbeee5ee9243433,2025-09-23:4_right,Aberdeen F.C.,SCO,2023,1083.9732077182416
Chicken shawarma,,4.15,33.16,55ce08bfe88310860f4f00387373f508,2026-03-27:6_left,FIFA Arab Cup 2025,QAT,2025,919.46071472826
sandwich,,1.2,67.87,55cef035a72260cdfd392e07d40d1f38,2026-03-13:5_right,Selfoss,ISL,2026,1011.4349135131944
Cheesy chips and a sausage,,5.0,34.1125,55e79fbe789f059e2dcfd500a203528f,2025-12-07:8_left | 2025-12-17:0_left | 2026-02-17:5_left | 2026-03-29:8_right,Coalville Town F.C.,ENG,2022,936.5460713205327
"Pie, chips, peas and gravy",With a pint of Pepsi,7.3,32.75,55feb2b6d024b3ba34da72d4551ead82,2026-01-01:0_right,Barton Town F.C.,ENG,2025,921.6090786116988
Cheeseburger,With fries,4.85,60.9,56228d9fb2bd1836ac9796a53e47c0b5,2025-08-01:3_right,TU Darmstadt,GER,2023,1008.8888888888888
Pollo a la Brasa,Roast chicken with chips,14.5,72.2,562caa56d4ba5d73be8a71cff3b87236,2025-05-14:4_right | 2025-07-14:7_left | 2026-03-12:9_left | 2026-04-12:4_left,Los Angeles F.C.,USA,2022,1063.1296382609066
Pork sandwich,,2.5,83.4,563561d09fac0e249d1047cd3c4edebb,2025-06-01:1_right | 2025-06-19:6_right | 2025-07-02:1_left | 2025-07-12:1_left | 2025-08-07:6_left | 2025-11-29:0_left,Sport Club Corinthians Paulista,BRA,2022,930.0151955975762
Fried chicken,With mentaiko mayonnaise,4.2,90.7,567458eeb15f68246e686073a29db953,2025-05-17:4_left | 2025-05-22:9_left | 2025-06-09:1_right | 2025-06-12:6_left | 2026-03-01:5_right,Cerezo Osaka,JPN,2023,1153.7032631014713
Taco hotdog,With a coke,4.75,18.310000000000002,56a5fa358eb5cdbc4c858ffbf8663e68,2026-01-27:8_right | 2026-05-08:7_right,Vålerenga Fotball,NOR,2025,835.4877568220932
"Chips, peas and gravy with mint sauce",,3.0,14.145,56ab04c1fd04055f62efdc95e654ec97,2026-04-25:1_left | 2026-05-19:0_left,Basford United,ENG,2022,785.3594381831173
Chili and chips,,7.0,35.43,56f2c0fbfcb7e9483c6399cbadd3629a,2026-01-08:7_left,Village Manchester Football Club,ENG,2024,936.339407433085
Mixed meat,,1.0,44.1,5704f3b60924b6a38ff2a20149f78fe0,2025-05-15:5_right | 2025-06-20:8_right | 2025-10-01:0_right | 2025-10-05:6_left | 2025-12-28:7_right | 2026-01-17:5_left,Cambodia v Philippines,CAM,2022,804.7569456234727
Pepperoni and cheese rolls,With salsa dip,7.5,77.3,570743f6c052e3ee2d5bfe58b3d66455,2025-06-11:1_right | 2025-07-16:4_right | 2025-08-02:7_left | 2025-09-20:5_right | 2025-12-31:1_left,Austin FC,USA,2023,980.0574448479884
Eggs with onion and chili,On toast,0.4,40.300000000000004,57085dc74531b12c05149f681e515243,2025-12-16:6_left | 2026-04-09:7_left | 2026-04-25:4_left,Delhi FC,IND,2023,950.737180539991
Pigs in blankets hot dog,With cheese and fries,7.5,82.5,573b818280365c72289d02950ba90fd6,2025-09-29:6_right,Cambridge United F.C.,ENG,2023,986.4892294355728
Donuts,"With nutella, marshmallows and cream",5.5,74.4,5797f5988730f68de1bbc20ee4ca2469,2025-05-11:4_left | 2025-05-18:7_right | 2025-05-30:3_left | 2025-09-23:9_left | 2026-03-24:4_right | 2026-04-08:2_right | 2026-04-17:6_left,Kilmarnock F.C.,SCO,2025,1081.1873024171691
Pickle on a Stick,,0.85,36.86,57d87fddf864f447b45fef09e222bdf3,2026-01-28:8_left,"Elysburg, PA",USA,2025,897.1958147324113
Loaded hash browns,,5.0,83.5,57dd13069cc13d30dc45369ecc75987f,2025-04-26:3_right | 2025-05-01:6_right | 2025-08-16:7_left | 2025-11-12:3_right,Corinthian Casuals,ENG,2022,1077.536127311435
Strawberry waffle,,4.8,81.6,57fa4cde4afdfa0a98638754ced6532f,2025-05-14:7_left | 2025-06-22:8_right | 2025-07-27:0_left | 2025-08-25:9_right | 2025-09-12:7_left,Yokohama F·Marinos,JPN,2022,1095.4069961553148
Haggis pie,And Irn Bru,7.0,53.55,580a3fb32f2ac76e204de3ba20871a28,2025-11-19:7_left,Ross County,SCO,2025,956.2386210815696
Salt and pepper chicken balls,With chips,6.0,57.16,580d1ff93b037088dbddff05a850970e,2025-11-18:5_left | 2026-02-05:5_left | 2026-03-01:0_right,Avro F.C.,ENG,2022,1018.5665758837824
Cheesy chips,,5.1,37.435,58178e4fe23cdee952ceb6e070625756,2025-10-09:6_right | 2025-10-30:1_left,Morecambe,ENG,2024,961.1792030063576
Charcuterie board,,12.0,23.02,581f0530dff6592d3c3646369fe83bb4,2026-03-13:9_left,Unknown Location,EST,2026,982.732120608024
Minty peas in a cup,,1.5,20.959999999999997,58218427343d1a56c5eccbd8d3a3bee2,2025-11-24:1_left | 2026-04-22:8_right | 2026-05-13:9_left,Matlock Town F.C.,ENG,2021,822.5509583191091
"Duck burger, duck wrap and duck salad",Price for one,8.5,87.29,5860aae54e35be663507a293ba6461e6,2025-12-02:6_right,Cambridge United F.C.,ENG,2022,1151.467003295467
Burger,,5.0,18.6,5862db6240e32da453baeb591b15ab03,2025-04-24:6_right | 2025-05-15:0_right | 2025-08-15:6_left | 2025-08-29:1_right | 2025-11-19:4_left | 2026-02-23:9_left | 2026-03-16:0_right,Liverpool F.C.,ENG,2022,741.6540541476355
The Double Banger,"2 sausages, onions, sauerkraut",9.0,55.49,586c475386e1fb5ecd394ed62ab16592,2026-05-23:5_right,Wellington Regional Stadium,NZL,2025,1057.338016686174
Chicken curry and chips,,6.2,39.61571428571428,587398ad6fe5fa92eb930591c1b85970,2025-10-03:0_right | 2025-10-15:3_left | 2025-11-29:2_left | 2026-01-05:8_left | 2026-03-12:0_left | 2026-03-17:7_right | 2026-04-20:6_left,Dundalk F.C.,IRL,2022,903.1888994707906
Buffalo chicken and chips,,10.0,86.79,58a9e2be25079683171787c9b3ff2f3a,2025-10-25:6_left | 2025-12-16:7_right | 2026-05-20:2_right,Cobh Ramblers FC,ENG,2024,1217.3157456853185
Cheesy bacon fries,,3.0,92.6,58b2bbb280f6a989e32bbee8da0070f5,2025-05-03:1_left | 2025-05-04:1_right | 2025-08-22:1_left | 2026-03-12:9_right,São Paulo FC,BRA,2022,1080.14135709696
Curry cheese and chips,,4.0,75.5,58bf60c6bf2b27e75a13a9ce36602227,2026-01-20:9_left | 2026-04-06:8_left,Galway United,IRL,2022,954.3873352984072
Bacon roll,,5.0,47.06,58bf70940b6eebb6f9b97621030c99dc,2026-05-13:4_right,Sutton United,ENG,2025,988.5347586760232
Currywurst mit pommes,,5.7,89.2,58d7738f4a78bf6f54660d18c76d752f,2025-08-31:3_left,Bayer Leverkusen,GER,2023,1061.1134751713778
Caffeinated apple pie in tube,Free for soldiers,0.0,64.59,58e4f5f299a06b654eb2e741dd67b855,2026-05-29:2_right,"Meal, Ready-to-Suck",USA,2026,1009.3495624969448
Two steak tacos,,10.0,24.21,58ee88bea6ab2155f6f49f52ff03fcb7,2026-04-22:4_left,Charlotte FC,USA,2022,865.2258589280261
Chocolate brownie,With biscotti,6.25,53.73,592308ecbd151e1e4eae92044b315e04,2025-12-24:1_left | 2026-04-12:5_left | 2026-05-07:2_left,Hull City A.F.C.,ENG,2025,1052.7726456467735
Loaded sausage roll,,6.0,81.7,592789ca0e248f59e03e70e0625ca721,2026-01-01:9_left,Everton F.C.,ENG,2025,1167.2567593701192
Mini pizza,,2.3,65.5,595a20665725b16ebacb50c7c5b3f52e,2025-06-21:5_right | 2025-07-10:6_right | 2025-07-31:5_right | 2025-08-11:1_right | 2025-09-19:0_right | 2025-10-08:1_left | 2026-04-04:3_left,Botafogo de Futebol e Regatas,BRA,2022,905.296004185594
"Pie, peas and gravy",,5.5,32.5,598865f106f95ea9e0d06c79d5d3f468,2025-10-15:4_right | 2025-12-25:5_right,Matlock Town F.C.,ENG,2024,900.1402106071753
Medium rare steak roll,Cooked to preference,4.5,47.15,59959dccd2164e44893711a5fb30078b,2026-05-20:6_right,Auckland City,NZL,2022,982.3895879481844
Chicken gyros and chips,,10.0,79.005,59a332e42d4fe4f8f9de075b280e2960,2026-02-04:2_right | 2026-04-13:5_right,Slough Town F.C.,ENG,2024,1158.4266181352612
"Chips, peas and gravy",,2.5,31.683999999999997,59c10d9bf645a016e310f77fda2b5c0d,2025-10-11:5_left | 2025-10-22:1_right | 2025-11-03:9_left | 2025-11-06:4_left | 2025-11-18:4_right,Nantwich Town,ENG,2022,919.6593235105548
Sausage,,2.0,47.1,59c37da164e3f6320bb0e6f8ce56096f,2025-05-08:1_left | 2025-05-08:3_left | 2025-06-10:4_right | 2025-06-20:2_right | 2025-07-06:7_right | 2025-08-17:2_left | 2025-09-03:5_right | 2025-10-22:5_right,FC Utrecht,NED,2025,790.8155826558759
Dark Chocolate Bounty,Soft coconut filling enrobed in dark chocolate,,51.83,59c5104a45db0a38c2ed94319180df7a,2026-02-20:2_left,Mars,ENG,2006,1001.1693909422175
5 sugar doughnuts,,5.0,64.76833333333332,59d1a0beb3cc7708754feb4ccd9149bb,2025-10-03:9_left | 2025-10-15:6_left | 2025-11-17:6_right | 2025-11-20:8_left | 2026-04-17:4_left | 2026-05-20:0_right,Camberley Town,ENG,2022,985.9605606185298
"Pie, peas, chips and gravy",,5.5,24.2975,59e1ce022ce369196b7a8017bce470c7,2025-11-05:3_right | 2025-11-13:2_left | 2025-11-15:6_right | 2025-12-04:1_left,Farsley Celtic F.C.,ENG,2024,831.6087928591362
BBQ pit beef sandwich,With crab chips,16.3,53.87,59e48d2538d17b2503ea23d97d2cc3d7,2026-05-11:9_left,Unknown Location,USA,2026,1023.8205386248756
Chips and cheese,,1.5,24.768,59f828dd309ff9e2b4175a93a6df2a76,2025-11-15:1_right | 2025-11-17:1_left | 2025-11-24:1_right | 2026-01-27:4_right | 2026-02-12:9_left,Colwyn Bay F.C.,WAL,2022,803.4658297285708
Bread with onion and paprika,,0.85,29.2,5a1767b04cf3e19544df8ed89e1c8ec3,2025-09-25:8_left | 2025-10-11:9_right | 2025-11-28:2_left | 2026-01-24:4_left | 2026-02-18:1_right | 2026-03-26:9_right | 2026-04-08:8_right,MTK Budapest F.C.,HUN,2025,716.4582933947237
Buffalo popcorn chicken,With waffle fries underneath,10.95,89.3,5a2a653676dca9e117e29975326af3df,2025-10-01:2_left | 2026-01-12:5_left,Tottenham Hotspur F.C.,ENG,2025,1212.4217454198604
hotdog,,4.0,28.083333333333332,5a2c2bdfdfc8d0a61671a2e42f51935a,2026-01-21:4_right | 2026-03-26:5_right | 2026-05-14:8_left,East Preston,ENG,2024,859.868046633926
Sausage,Delivered to your seat,2.15,33.17,5a3809abb52111dfc06ff1f315dcc9e3,2026-05-19:0_right,FC Utrecht,NED,2024,914.861140917712
Zapiekanka,Bread with cheese and pepperoni,3.7,81.1,5a628c2c018fcc4ef38a3982a20198ce,2025-08-15:8_right,Stadion Józef Piłsudski,POL,2023,911.068045389991
Cheeseburger,Without burger,5.2,8.79,5a707d39a2edf34b44a6cd277bba8df3,2025-11-16:4_left | 2026-03-05:4_right | 2026-04-16:0_right,LOSC Lille,FRA,2024,735.972272091569
FC Seoul Beer,Price per can,2.0,50.97,5a7ac1df74cc62fd246b9a3732e5cd33,2026-01-23:9_right,FC Seoul,KOR,2022,1028.7173855609317
Chicken box,,6.0,95.2,5a7dcf0997abab42826334a9722d86e9,2025-05-27:9_right | 2025-08-28:1_left | 2025-09-02:8_right | 2025-09-12:0_left | 2025-10-05:3_right | 2026-03-18:1_right | 2026-04-01:3_left,Vissel Kobe vs Kyoto Sanga,JPN,2024,1271.1020560966426
Curry chips,,6.0,45.13,5a86433505a4dc37e96eea2925907418,2026-05-02:0_left,Villa Park,ENG,2024,967.258632678074
Smiths' Cheese-Flavoured Moments,Cereal snack with soft cheesy center,,75.08,5aaebb50a93abdb367947497f3f8846c,2026-02-20:1_left,Smiths',ENG,1995,1016.0531778902696
Sausage roll,,2.5,12.5,5ac87eb7efef71568eadacba445235ba,2025-05-12:7_right | 2025-05-30:0_right | 2025-08-04:8_left | 2025-09-11:0_right,Inverness Caledonian Thistle F.C.,SCO,2023,736.042541700819
Steak pie,With black sheep gravy and mash,,48.12,5ace524480746866e469608f6923a6b3,2026-05-11:4_right,Harrogate Town F.C.,ENG,2024,1021.0732784124572
Hot dog,,3.0,30.73,5ae52923963643cc3a7b8aef28143f61,2026-01-19:1_left,Seville FC,ESP,2022,891.0798191778057
Chicken and fries,With a pint,17.5,59.97,5b0c957137829371811e22979cc65ad9,2025-10-28:9_right | 2025-12-10:5_left,FC Lausanne Sport,SUI,2022,1003.786434541336
Chicken nuggets and chips,,5.0,67.6,5b1e5006a556dc3a4c647c64d08b1b89,2025-06-09:7_left | 2025-09-14:3_right | 2025-11-12:3_left,Cardiff City F.C.,WAL,2022,982.6971804174106
Cheese and ham panini,,7.0,25.107499999999998,5b3dd75b91801b70620627831e745fde,2026-01-18:4_right | 2026-02-05:8_left | 2026-02-19:4_right | 2026-05-16:9_left,Manchester United F.C.,ENG,2025,792.0710933438237
Beef burger and chips,,7.35,51.83,5b62ac7601cec0df43536618acce58e8,2026-05-23:6_right,Fraser Park,NZL,2025,993.6636382932584
Pretzel and hot dog,Bun not included,8.9,33.61,5b6360f61bd38253cd0342f98736f895,2026-04-27:0_right,"Nissan Stadium, Nashville",USA,2025,932.2290686991053
Dirty burger,"Beef, chicken, bacon, cheese and onions with chips",6.5,88.8,5b6fbb826fa096196c8343e3bcffdaf3,2025-05-06:8_left | 2025-06-15:5_left | 2025-07-16:5_right,Gloucester City A.F.C.,ENG,2023,1051.3167714154883
Common ivy,Hedera helix,0.0,0.0,5b7061b46c1372fcc52ae0b1fee9b418,2026-03-06:4_right,Mother Nature,,2026,1013.911433680446
Butter chicken tacos,,11.0,72.4,5b75ed4bca9561236f25ca1d1465adff,2025-05-17:5_left | 2025-08-13:7_left | 2025-12-24:2_left,Detroit City FC,USA,2024,1068.4227915276497
Pepperoni and cheese rolls,Price for 3,7.4,70.18,5b80b7f6e41b910ecbf8f55d985d886d,2026-02-22:9_right,Austin FC,USA,2023,1106.59495563138
Breakfast wrap,"Two sausages, two bacon, egg, hash brown and cheese",6.0,81.5,5ba4192f6a445782cb228bdf4fd31a7c,2025-05-13:0_right | 2025-06-30:8_right | 2026-05-31:8_right,Avro F.C.,ENG,2022,1128.5321445858635
Average of all Japanese scran,,,59.47,5bb188961455b59c601f1c452e73ca2e,2026-05-22:0_left,,JPN,2026,1006.7511471248656
The Hawky Porky,,,27.226666666666663,5bdee9c5b23703e60e83c4d3fc01def7,2025-10-09:6_left | 2025-10-29:2_right | 2025-11-22:3_left | 2025-12-23:2_left | 2026-02-23:1_right | 2026-03-08:9_left,Havant & Waterlooville F.C.,ENG,2024,928.0608288710192
Chili Cheese Fries,,8.9,32.15,5c0504c3255af069a402944b0cc4b5f8,2026-02-08:7_right,Dicks Sporting Goods Park,USA,2025,918.0940972433638
Homemade scone,With jam and cream,1.0,56.93,5c0513dcdc850b9e7f7bba69526436d3,2026-01-19:5_right | 2026-05-24:0_right,Gala Fairydean Rovers F.C.,SCO,2024,1002.1458408564404
Bacon cheeseburger,With a pint,7.5,85.4,5c202bdfbda0de5d35ffe2d2971088af,2025-05-09:0_right | 2025-07-19:7_right | 2025-08-27:8_right | 2025-12-17:3_right | 2026-03-04:4_left,Hampton & Richmond Borough FC,ENG,2022,1136.507151901542
Loaded Fries,"Chips, cheese, bacon & chili sauce",6.0,65.73666666666666,5c5de7a12ecc8ab604b64b855948e8a7,2025-11-23:7_right | 2026-04-20:7_right | 2026-05-14:3_left,Larkfield & New Hythe Wanderers F.C.,ENG,2024,1135.1157194233133
Choripan Argentino,"Argentine chorizo sausage in a baguette, with chimichurri and onions",5.05,66.61,5c614150152fe673b204223491a6c848,2025-12-27:7_left,Atlético Baleares,SPA,2024,1089.4430663013134
Sausage and bread,,,15.41,5c9d84498cb16de1f17c59970cb18374,2026-03-12:1_right,Eintracht Frankfurt,GER,2024,794.9574230051952
Brazilian BBQ,,11.5,68.66,5cb0ce75bce6bf43ba0437ba1633ae21,2026-03-01:0_left | 2026-03-21:1_left,Western United FC,AUS,2024,1099.3067549621928
Blackcurrant,Ribes nigrum,0.0,100.0,5cc5c26195b837acca9421bc5fd3626a,2026-03-06:1_left,Mother Nature,,2026,1008.7488324873096
Italian beff sandwich,With peppers and au jus on the side,10.4,32.24,5cdafbe4c697d4360c720397c3349154,2026-05-31:5_left,"Wrigley Field, Chicago",USA,2025,910.1215456876912
Ham and cheese panini,,4.0,12.74,5ce0b678ccda6898e428d74bba9043c9,2026-02-06:7_right | 2026-03-29:1_right,Manchester United F.C.,ENG,2022,794.8155869103321
Chicken curry chip butty,,3.0,52.06,5cf8e89449643bdc78cc75db7a40da75,2026-01-31:3_right | 2026-02-10:3_right | 2026-05-05:6_right,Redcar Town F.C.,ENG,2024,988.0848387096972
"Pie, chips and gravy",,5.5,85.0,5cff087f3abd3a9dac1570ca351a3469,2025-05-20:3_left | 2025-09-06:5_right,Matlock Town F.C.,ENG,2023,958.5502375369206
Zsiros kenyer,"Bread, lard, paprika and raw onion",1.0,22.036666666666665,5d037d0539c98b72a528486e870a341d,2025-11-14:6_right | 2025-11-28:6_left | 2025-12-30:9_left,MTK Budapest F.C.,HUN,2022,796.9620593945674
Salt and pepper chicken,With chips,,49.17,5d7c13cad20d72cf1865c45f9a340368,2026-01-27:7_right,Avro F.C.,ENG,2025,1019.1981972247024
Vegan turkey and pancetta christmas pie,With a tea,9.0,19.62,5d823fe01cb10a0fa64aab9ae814c82b,2026-03-20:9_left,Forest Green Rovers F.C.,ENG,2026,815.1506030296234
Mushy peas in a cup with added Creature,,6.66,25.94,5da0ed41f124f27fcb9835875de9b158,2025-10-31:6_left,Notts County FC,ENG,2025,984.6045679402168
Chicken burger and dirty fries,Price for each,5.5,88.4,5dafa667c9ee658f708e29e7116d9594,2025-04-22:8_right | 2025-05-22:9_right | 2025-05-29:0_left | 2025-06-08:4_left | 2025-07-22:2_left,Tilbury F.C.,ENG,2022,1057.2658457271252
Chicken Corner Kick Fries,Free for season ticket holders,0.0,66.81,5dbade3341b40a7e49f22fba315f1c32,2026-02-27:2_left | 2026-03-24:9_left,Colorado Rapids,USA,2024,1101.196805045843
Veggie dog,,6.0,27.545,5dc3dea7424d4ecce64ee517f36ce397,2026-03-20:8_right | 2026-03-21:2_left,Vancouver Rise FC,CAN,2025,849.8986895514971
Tomahawk steak,,105.65,39.8,5dcfbe1e12c468a5b410fe479778c68b,2026-04-28:7_right,Wrestlemania Vegas,USA,2026,943.1891634628151
Doner kebab,,,57.269999999999996,5dd6ce15ab6caa1dae71c1cc6fe41a77,2026-03-07:0_left | 2026-05-04:0_left,Blundell Park,ENG,2025,1048.666811496193
Loaded chicken nachos,,13.8,68.72,5ddf5f57ce25878d9303d9483025956e,2025-11-17:4_right,Los Angeles F.C.,USA,2022,1130.4820319190892
Chicken and chips,With purple slaw and garlic mayo,10.0,89.4,5e0c44926808d3f443e68558b662cd3d,2025-12-07:3_left | 2026-03-26:0_right,Salisbury FC,ENG,2024,1227.0751342947517
Pie and mash,,9.5,17.1975,5e40eca33d737b16974cb60b61ce7d76,2026-01-13:1_right | 2026-03-21:8_right | 2026-04-07:1_right | 2026-04-16:0_left,Stockport County F.C.,ENG,2024,833.2043418267449
Cob on the Tyne,"Sausages, chips and gravy in a hollowed bread",3.0,78.1,5e5e5e45d2618a7f400b164e5224d2b9,2025-04-27:5_left | 2025-05-15:5_left | 2025-06-27:8_right | 2025-07-12:0_right,South Shields,ENG,2022,1000.0
"Pie, chips and gravy",,7.5,20.955,5e686ab99eb93458336cabadb783d767,2026-02-06:7_left | 2026-03-01:2_left,Buxton F.C.,ENG,2025,850.867509077531
Nacho sharer,,20.0,34.8,5e7d6dd6aa06238659c0375135db8af5,2025-05-16:5_right | 2025-05-20:2_left | 2025-06-01:2_right | 2025-09-21:8_right | 2025-10-14:1_right | 2025-11-26:4_right | 2026-01-18:5_left | 2026-03-12:4_left,Arsenal F.C.,ENG,2023,1012.5636212870744
Currywurst,With pommes,4.35,72.875,5e8b247fa6916647458488155e402238,2026-04-04:1_left | 2026-04-19:4_left,Euro 2024,GER,2024,1083.148262872137
Lollies loaded bubble waffle,,6.0,74.545,5eac06f5f0c11d03d40ae7d7deb31d06,2025-12-01:6_right | 2026-05-17:0_left,Haverfordwest County A.F.C.,WAL,2025,1140.715882061784
Cheeseburger,,6.9,36.1,5ebd54f2e3c5dfec003216b74f9caadc,2025-12-02:8_right,Olympics 2024,FRA,2024,854.6532303703474
Cremosinn,Yogurt ice cream,0.35,72.5,5edc6a716d885b687a4fc043368477c8,2025-08-22:4_left,Botafogo de Futebol e Regatas,BRA,2022,951.7827743701852
Spring rolls and bean sprouts,,0.5,81.1,5edcfc407e72f6f292a7625b45dd36be,2025-07-24:7_left | 2026-02-04:6_left,GBT Stadium,IDN,2023,1001.5403420716092
Chili and macaroni,Free for soldiers,0.0,77.8,5ee34c459293613881b3a89981b67dfa,2026-05-29:7_right,"Meal, Ready-to-Eat",USA,2026,1017.792
Cheeseburger,With beans,4.35,30.256,5ee75692d88f4e56b0dc2a7369ea109d,2025-12-22:4_right | 2025-12-26:2_right | 2025-12-29:8_right | 2026-01-05:5_left | 2026-01-30:8_right,Malta v England,MLT,2023,881.0201789037674
Ham and salami pizza,,9.4,84.7,5f4feac0f0cb178192c79a6280c86210,2025-05-19:0_right | 2025-08-04:3_left | 2025-12-22:2_right,RB Leipzig,GER,2024,1060.2607235749265
Yakiniku,,9.0,86.4,5f89b8b436715e1efc82d1a08a0a5fcd,2025-09-12:5_right,FC Machida Zelvia,JPN,2023,981.5453806441324
"Steak, chips and chimichurri",,10.0,74.93,5f8dd2b361a6b3cc195d4ffca97fe33e,2025-10-11:4_right | 2025-10-27:9_left,Cambridge United F.C.,ENG,2024,1220.9774929869905
"Meatballs, chips, peas and gravy",,4.5,44.8,5fc2c0ec28f8d2cdfaccf61b6bad2206,2025-04-21:4_left | 2025-06-12:1_left | 2025-07-25:7_left | 2025-08-11:2_left | 2025-10-02:9_right | 2025-11-01:5_right | 2025-11-12:8_left,Stourbridge F.C.,ENG,2022,969.4784807751396
Salt and pepper munch box,"Chicken, chips, spring rolls, curry sauce, egg fried rice",8.0,63.84,5fe3cf4d0f8472f94c5c9421f9a9ce73,2026-04-23:5_left,Hyde United F.C.,ENG,2022,1091.6517922630717
The Wrap a Mac,"Beef patties, fries, gherkins and burger sauce on flatbread",6.5,76.7,5fee011f4b4ef36def193a1042be93f8,2025-06-03:9_right | 2025-09-13:5_right,Grimsby Town F.C.,ENG,2022,925.9452759804204
Doughnuts,Price for each,5.0,70.9,60092d121843235a18f485f33ddde16a,2025-05-12:1_left | 2025-09-30:4_right | 2026-04-17:0_right,England v USA Women,ENG,2022,1083.7488720538026
Butter chicken,With chips and rice,10.0,91.2,60250c9d38c4f0a6ae9de0b7e01f50cd,2025-08-06:1_right | 2025-08-07:4_left | 2025-09-29:6_left | 2026-02-15:5_left,Birmingham City F.C.,ENG,2022,1060.477923950618
Camden Town Stout,Stout,7.95,32.5975,602670a34e9275701b9bdce0e798e94c,2025-10-15:8_right | 2025-11-01:2_right | 2025-11-14:3_left | 2026-01-23:6_left,Camden Town,ENG,2024,891.9794039697961
Chili chicken wrap,With chips,8.0,60.82,60299f916e473393fe2b4dfb8ef0f8e5,2025-10-14:7_right,Bolton Wanderers F.C.,ENG,2024,1028.8371394137523
Whole mackerel in herb marinade,"With horseradish, buttered potatoes, fresh herbs",5.25,60.2,60339d25a7fb48269460caddf5ca25ab,2025-07-11:1_right,Universität Mannheim,GER,2023,1019.6129032258063
I consider croissants/pastries to be bread,,,48.0,60366212c42a81ed94ece944ea395d32,2026-05-01:6_left,YouGov polling data,ENG,2026,1016.790346549367
Taco in a bag,"Corn chips, beef chili, salsa, sour cream",4.3,42.17,6038683aa2e508bcb7528fb55b315ef1,2026-04-22:9_left,"New Hartland Barn, New Brunswick",CAN,2025,965.367576061625
Cheese pizza,,9.5,38.85,6040ddbc35ae091ec406b281b60cf750,2026-05-02:2_left,DC United,USA,2023,928.6495173806704
Beef short rib tacos,,9.0,93.5,6054713cef3d00004bdc1ea6f9a31612,2025-04-23:8_right | 2025-06-07:7_right | 2025-06-09:0_right,Workington A.F.C.,ENG,2024,1209.1871137977926
The Wyrley Wynder,Cumberland sausage link in a bagel with cheese,3.5,90.09999999999998,606e54b11fd8f40baec3142c1b04ee14,2025-05-07:7_right | 2025-08-13:8_right | 2025-09-10:4_right,Wyrley United,ENG,2022,1063.940203564314
Chakundari chicken gyro,With fries,14.0,49.17,60712037dce9c32979ff77effc9b10de,2026-05-16:3_left,Oakland Roots,ENG,2022,996.2712091235256
Poutine,,8.0,65.06,60724f2c798ea7cf7f3e657641d45d53,2026-04-16:8_right,Belfast Giants,NIR,2024,1082.8736041370182
Chilli cheese chips,,3.0,84.1,60ad37ae8b1f9562a1d1f4d7a84b9cb6,2025-08-02:8_right | 2025-08-05:8_right | 2025-08-31:4_left | 2025-12-17:6_left,Banbury United,ENG,2023,1006.3460238312272
Spindle,Euonymus europaeus,0.0,0.0,60b10e8af70c017c0d1caa12c26b86ee,2026-03-06:5_right,Mother Nature,,2026,976.2736606905356
BBQ pulled pork,With cheesy chips,4.5,88.1,60becc6efa267395ad007921b815d5a8,2025-05-06:4_right | 2025-07-15:9_left,Hull City A.F.C.,ENG,2022,1078.7896629513475
Biscoff doughnut,,2.95,83.9,60bf77158d6831b5308b81edc64136a6,2025-05-10:8_right | 2025-06-01:6_right | 2025-07-20:9_left | 2025-09-17:4_left | 2025-10-05:1_right | 2026-04-17:0_left,Tottenham Hotspur F.C.,ENG,2023,1028.663019080229
The hawk burger,"Chicken, beef patty, hash browns, sausages, onion rings and cheese",8.0,53.38,60d9559723c6250bddc05f0b73b48d59,2026-05-26:7_left,Whitehawk F.C.,ENG,2024,1045.153913114533
Korean chicken and chips,,6.5,93.3,60dca11256dd26166f13583152f43f81,2025-05-27:3_right | 2025-06-24:3_left | 2025-08-12:7_left | 2026-04-01:5_right,Farsley Celtic F.C.,ENG,2024,1158.1787492655994
Churro and ice cream dog,,10.8,50.21,60ebb44a46b5a241772c5b243216baf4,2026-03-23:0_left,Arizona Diamondbacks,USA,2024,1008.8689206427188
Buttermilk chicken,With waffle fries,8.4,86.2,60f81fb99134b0f4716de9cd68f7040e,2025-09-04:2_left,Melbourne City FC,AUS,2022,1132.1901555742577
Jerk chicken,With rice and peas and coleslaw,11.0,87.95,611c90a92744fbbdd1a043b3dc3a784d,2025-12-25:2_right | 2026-01-09:2_left | 2026-03-04:0_left,AFC Wimbledon,ENG,2025,1201.132457916073
Cottage pie,,4.2,56.47,612cc035d974b678001c9f423c8aa288,2026-05-25:0_left,Manchester United F.C.,ENG,2021,1037.7481302142246
64 pints of Grolsch,,279.0,58.28333333333334,6132be3bdde63959076a16bf2efa9ee9,2025-12-18:2_left | 2026-01-23:2_right | 2026-02-10:8_right,FC Twente,NED,2025,1024.5176072698405
Toad in the hole,,8.5,61.76,61379d0c35126537afdbf7cf563651aa,2026-04-09:5_right,Hull City A.F.C.,ENG,2024,1054.6453171785734
Vegan range,,4.0,60.9,6137cb59c70afdccca90fd74dc38c761,2026-01-17:9_left | 2026-02-11:7_right | 2026-03-20:2_left,Forest Green Rovers F.C.,ENG,2022,863.5969791615355
Chicken goujons,"With chips, salad and a lashing of sweet chilli sauce",6.0,67.69,614f4ce60d376acb76fa3c9bd3bda392,2025-12-20:9_left,Gloucester City A.F.C.,ENG,2025,1188.1417118305844
The jockey whopper,"3 burgers, 3 bacon, 3 cheese and 2 sausages",9.0,67.27333333333333,6162d7afada39ed2b320787c35ba5638,2025-07-13:9_left | 2026-03-02:6_right | 2026-05-31:1_left,Newmarket Town F.C.,ENG,2025,1059.1609993176696
Salt and pepper chicken,,9.5,65.4675,61732acbac32a5e43bb21f0f0a973363,2025-10-11:3_right | 2025-10-15:2_right | 2025-11-04:8_left | 2026-04-27:4_right,Everton F.C.,ENG,2025,1076.0093580781215
Churro filled with caramel,,1.2,88.3,61aece55ae3fb9ed68c72ab94dfc4d30,2025-05-06:5_left | 2025-08-22:8_left | 2026-03-11:6_right,União Mogi,BRA,2024,1105.7587717234835
Chicken mayo onigiri,,0.9,37.53,61b0832059a02ec907d1c19fd62b1acc,2026-03-10:2_right | 2026-03-30:7_left,"Indomilk Arena, Tangerang",IDN,2026,929.7522583848822
Sausage roll with a pie,,11.6,39.53333333333333,61b10bef2ca59c999d90239f8c83e64a,2025-10-16:8_right | 2025-11-12:4_left | 2025-12-01:4_right,Coventry City F.C.,ENG,2024,977.1338385188486
"Sausage, chips and stuffing",With gravy,5.0,72.4,61b854afdf8176845c24e6a5d13c698c,2025-04-23:5_left | 2025-04-30:7_left | 2025-06-05:3_right | 2025-06-14:2_left | 2025-06-15:0_right | 2025-07-10:5_left | 2026-04-01:1_left,Derby County F.C.,ENG,2023,955.6961547165772
Roast potatoes,With beef brisket gravy,4.5,68.74,61c5309f151c6f2d1a312eb145d34d1e,2026-01-14:8_right | 2026-02-19:8_right | 2026-03-31:4_left | 2026-04-20:2_left,Huddersfield Town A.F.C.,ENG,2025,1105.8263685592508
Chicken sandwich,,10.0,75.1,61d303f22d24bb2274ff78dd41559558,2025-04-28:1_left,Columbus Crew,USA,2022,1156.8917012865331
Fish bites and chips,,7.0,53.565,61e4ac8367505ef678e3eb32ece961c1,2025-12-04:1_right | 2025-12-10:9_left,Wellington Phoenix FC,AUS,2022,1078.3672266770086
A red-necked phalarope,"Free, from the air",0.0,37.715,6209e7f82c72295fa9c1d2c9befeb887,2025-11-25:3_right | 2025-12-26:8_left | 2026-02-13:0_right | 2026-02-18:0_left | 2026-02-27:6_left | 2026-05-15:7_right,Zozo Marine Stadium,JPN,2025,923.413481540687
"Pie, mushy peas and gravy",,3.5,26.41,621d203146b39c465a0f32cd01a61196,2026-02-22:4_right,Chorley F.C.,ENG,2022,926.1465603541473
Hotdog,,6.5,31.125,62257319eaa5fbe29f3143223522d1a0,2026-01-20:4_right | 2026-05-08:9_right,Everton F.C.,ENG,2024,936.3014662801836
Hot dog,,2.5,9.79,623a83a94d31c438f33abf0cada78e6b,2025-11-25:7_right | 2025-11-30:3_left,King's Lynn Town F.C.,ENG,2022,780.7945885437915
"Gammon, bread and a pint",,3.2,58.2,62466745070843ee38b5fbdd8e93eb6a,2025-07-08:2_right | 2025-09-07:4_left | 2026-01-04:8_left | 2026-01-25:9_left,Bohemians 1905,CZE,2023,787.0346148831995
Cheeseburger,With air fried fries,6.0,48.06,624b7edc15b243b8e1752ab6ade3ffd7,2025-11-02:3_left,Tooting & Mitcham United F.C.,ENG,2024,980.2207543206654
Crispy Korean chicken,On a bed of skin-on fries,9.6,91.9,625e852457d2a955ecfef63ee7279095,2025-05-31:4_left,Vancouver Whitecaps,CAN,2023,1228.367099476932
Chicken wings,,21.0,72.285,6269a2bd02d39c7f6d276807f84e6fea,2026-03-19:8_left | 2026-03-25:9_right,Tottenham Hotspur F.C.,ENG,2024,1143.8742731909515
Fish cake,Thrown in anger at VAR system,0.0,12.09,62a5589691f7de3d105c1ed0b8805c63,2026-05-27:4_left,Rosenborg v Lillestrom,NOR,2024,746.8621091517815
Pizza slice,,5.6,49.75666666666667,62abd9f9b3c579d46a6fa55bbe81d2b5,2025-10-20:3_left | 2025-12-25:4_right | 2026-04-09:8_right,Nashville SC,USA,2022,1054.1364027448706
Souvlaki,With pork shoulder and halloumi,8.0,85.0,62e0e089cf47727703fe9160c8bc7a2d,2025-05-21:9_right,Dulwich Hamlet F.C.,ENG,2023,1029.0961314283304
Chicken tenders and fries,,7.5,91.4,62e85331e485f6966ef16c7b67c81f6c,2025-05-02:0_right | 2025-07-13:5_right,Mercedes-Benz Stadium,USA,2023,1135.3692606390475
Two herrings,,5.15,11.756,62f2780da6fa64878e194b9438786f20,2025-10-10:3_left | 2025-10-17:8_left | 2025-10-24:5_left | 2025-11-14:0_right | 2025-11-24:3_left,SVV Scheveningen v Kozakken Boys,NED,2025,763.6214784803487
Double cheeseburger and chips,,10.0,89.72,62f80226286b85b463a56cd4275b6904,2026-02-01:8_left,Folkestone Invicta F.C.,ENG,2025,1243.4405218279137
Tacos,,11.0,73.565,62feb6620b650f8d0e4b1a8298198a05,2025-11-04:9_right | 2026-01-03:5_right,New York Red Bulls,USA,2024,1134.2524328803763
Roast potatoes with beef gravy,,3.5,34.99,630b4c84b38b06292240e3eb584141a6,2026-04-25:4_right,Huddersfield Town A.F.C.,ENG,2024,927.7079866015752
Pizza bread,,3.0,80.0,6337a6f25dd3f9e9eb171d4cb2202a1c,2025-05-06:7_left | 2025-05-28:9_left | 2025-07-24:7_right | 2026-03-04:3_right,Baltyk Gdynia,POL,2022,892.0888840205736
Pulled pork and chips,,2.5,79.70333333333333,634753bda0dd3271529de75d55679df3,2025-11-01:2_left | 2026-03-26:1_right | 2026-05-18:9_right,Darlington,ENG,2022,1160.3706783529378
Sausage roll,With a fosters,9.0,36.77,634b4fab7bd4f95fa53ecea38a113389,2026-05-06:8_right,Sheffield United F.C.,ENG,2022,945.1818666252684
Chicken burrito,,8.0,78.1,63652a2a5f282533ae824364c00fa5b4,2025-07-17:3_left | 2025-09-25:0_right | 2026-01-07:6_right,Reading F.C.,ENG,2022,1078.4945127012284
Chicken burger,,5.0,17.1,6367f95d4e406be8b48d0f5ab26d0609,2025-05-08:9_right | 2025-05-31:6_left | 2025-08-15:3_left | 2025-08-29:0_left | 2025-09-16:9_left | 2025-11-13:7_right | 2026-02-26:5_right,Leeds United F.C.,ENG,2023,796.3254801925177
Jerk chicken,With rice,9.5,72.37,636e9fe5f68a99897974cee3b386863a,2026-01-21:1_left,Arsenal F.C.,ENG,2022,1147.14838593926
Onion bhajis and chips,With mint yoghurt,3.0,86.2,6378304641ab96b3a598fbd35d1fd506,2025-08-02:3_left | 2025-08-26:1_left,South Shields F.C.,ENG,2022,1040.8117531127175
Meat (Unknown) sandwich,,0.67,24.4,638119e0708564f3edc3a4ba73679bb4,2025-04-23:1_left | 2025-05-14:2_left | 2025-06-06:7_right | 2025-06-12:5_left | 2025-06-20:5_right | 2025-06-21:4_left | 2025-07-03:1_right | 2025-09-01:7_right | 2025-09-27:9_right | 2025-10-06:6_left | 2025-11-16:8_right | 2025-12-28:5_left | 2026-03-05:1_left,Haiphong FC,VIE,2023,646.290149866389
"Chicken, plantain and sausage skewer",With fries,2.4,85.9,63b665dc7c825f89457e2777aca2bcad,2025-07-06:4_left,Barcelona S.C.,ESP,2022,1057.1454662207475
Fried rice,,,32.27,63cfcc1122388b00c904b72aeecd60ce,2026-04-21:7_right,"Target Field, MN",USA,2026,873.2150936080566
Asada fries,,12.0,82.3,63e19dc6db51d1a4ece54697007813d3,2025-06-08:6_left | 2025-09-04:0_left | 2026-03-16:9_right,Los Angeles F.C.,USA,2023,1186.6787331848338
Chicken box,,5.0,73.89,641cc850e972cb3b74e806eb9941112e,2025-12-17:2_right,Avro F.C.,ENG,2022,1142.6920940842106
Topped Nachos,,6.75,82.0,643850a42a989d9677df14f6bf4e1bf4,2025-05-09:2_left | 2025-06-08:0_left | 2025-09-13:6_left | 2026-01-11:7_left | 2026-02-21:8_right,Queens Park Rangers F.C.,ENG,2023,1077.482056166491
Tacos,,,73.34,645eed347fd3679ec89bcbc7e330ef1f,2025-12-29:9_right,Orlando City SC,USA,2024,1132.062442297544
Chicken satay sticks,With peanut satay sauce and chips,8.9,91.0,64665f1a4f8fd22ddea83a23f857a381,2025-11-13:6_left | 2026-01-18:8_right,Mandurah City,AUS,2024,1126.296238116544
Beef roll,,1.95,41.7,646a1a7e45d8a2dbd596114246b5c0a8,2026-01-04:3_left,Ashgabat Stadium,TKM,2024,1013.4085864850914
Double bacon cheeseburger,,5.5,88.5,6473ee6ebaf68f2e40cb3ba29b88fb63,2025-07-09:1_left | 2025-08-05:2_right | 2025-10-02:8_right | 2026-01-10:4_right | 2026-01-31:1_right,Whitstable Town,ENG,2022,1123.3481330133668
A pint of Guinness,,,44.663333333333334,648758c3e445904476a9fc44db9fcc42,2025-11-16:4_right | 2026-01-10:8_right | 2026-01-23:1_left,Unknown Location,ENG,2024,964.079920169774
Average of all French scran,,,34.67,649f2055509aec7070b7835f7bebd2fa,2026-05-22:5_left,,FRA,2026,980.4785502544884
Cheesy nachos,,3.0,84.5,64a02fd47d913158ad6ab92394dd4350,2025-05-31:9_left | 2026-04-18:4_left,Eastleigh FC,ENG,2022,958.6454848726272
Beef kafta,,12.0,17.3,64a91b9332d42ccab44f0df23e5befe9,2025-04-25:6_right | 2025-07-04:7_left | 2025-07-30:4_left | 2025-08-08:4_right | 2025-09-25:1_left | 2025-10-30:2_right,USA v Honduras,USA,2022,850.4698440450937
Chicken schnitzel burger,With chips,10.8,48.669999999999995,64be7dfa7efe0fe8d50b7121f09fa5d4,2025-11-10:3_left | 2025-11-20:3_right | 2026-01-18:3_left,Sydney FC,AUS,2024,980.9808205989063
Chicken quesadilla,,13.6,37.89,64d743302b30d8619b17b9cfc3b59b17,2025-11-09:7_right | 2025-12-16:4_right,Sporting Kansas City,USA,2024,937.3216711747816
Nachos and dips,,5.0,32.9,64df6af53712bd693568d79debc6910e,2025-07-18:2_right | 2025-08-31:1_left | 2025-09-02:4_right | 2025-09-20:8_left | 2025-09-30:9_left,FC Barcelona,ESP,2022,856.1897695164063
Sausage,,5.0,86.5,64ef845b36f9be77de6cc374cbc89b2e,2025-04-28:6_right | 2025-05-26:8_right | 2025-07-14:6_left | 2025-10-02:9_left | 2026-01-07:0_left | 2026-02-07:5_left | 2026-02-28:4_left,Eintracht Frankfurt,GER,2024,910.9699945911444
Fish and chips,Included in hospitality ticket,0.0,80.49000000000001,64fd5a4f49fd5531d1fc1fb3d5dab85b,2025-12-21:8_right | 2026-04-10:4_right,Grimsby Town F.C.,ENG,2025,1095.0857337076966
Fried chicken in a cone,,10.0,43.7,650b5d486ab4ddd94a2c970389ee6177,2025-07-18:5_right | 2025-08-21:2_right | 2025-11-09:9_left | 2026-03-26:6_right,Minnesota United,USA,2022,913.1908313167988
Hot dog,,4.25,43.05,652fa395cd1d6aa8a61d9311d279ce4f,2026-05-07:7_right,Orlando Storm vs St. Louis Battlehawks,USA,2026,975.56893875259
Peruvian Rotisserie half chicken,With fries and Hucaiana cheese sauce,14.0,78.2,653ae74f7b7a90129a2f7a79839443c4,2025-10-16:6_right,Los Angeles F.C.,USA,2024,1213.210280188429
Four Cheese Pizza,"Large tiger bread style dough, topped with san marzano tomato sauce, mozzarella, cheddar, monterey jack and emmental cheese, with basil, olive oil and salt",18.0,19.17,6544b762444f6631203fc6c00babadf0,2026-02-19:0_right,Wembley,ENG,2025,842.6583131563316
"Turkey, bacon and stuffing bap","With gravy, cranberry sauce and pigs in blankets",6.5,41.91,65620fe3b246fb236b03eff6c1da9a86,2026-04-28:3_left,West Bromwich Albion F.C.,ENG,2024,933.4135010671996
Two tacos,With a beer,24.0,59.355000000000004,6574fe58af7bc557472fa8ace3e15178,2025-11-12:2_right | 2026-04-03:5_right,"Allegiant Stadium, Las Vegas",USA,2022,1003.667429840553
Corned beef and potato pie,,3.0,55.10333333333333,6590ce59cf485a1776982318e5cdd168,2025-11-08:2_right | 2025-11-22:2_left | 2026-01-05:0_right,Birtley Town FC,ENG,2025,976.199662511049
Double cheeseburger with chips on a roll,,5.0,51.9,659e5e0fbad944b72239f255c33ab43d,2025-07-18:9_left,Napoli,ITA,2022,869.6175838306303
The chippy tea butty,"Fishcake on a bed of chips, topped with mushy peas and tartar sauce",8.0,70.515,659ff1765e02b40e20b3f4b68dc41afa,2026-02-24:3_left | 2026-03-22:6_right,Doncaster Rovers F.C.,ENG,2025,1090.1348512931097
Avro spitfire chicken burger,With S&P chips,10.0,88.92333333333333,65a04da303e685321742c2e94f6fc308,2025-11-01:1_right | 2025-11-30:1_left | 2026-01-28:9_left,Avro F.C.,ENG,2025,1228.25512802645
Chilli cheese fries,,12.6,70.25999999999999,65a1131df95778a218a9541f957cf736,2026-01-04:1_right | 2026-04-27:7_left,Arsenal F.C.,ENG,2022,1127.513214933642
Sanduíche de Costela,(Rib meat),2.5,93.6,65a4c76eed5c0c5c76a9be523f09727e,2025-04-20:4_left | 2025-04-26:2_left | 2025-06-10:1_right | 2025-07-28:5_right | 2025-09-15:5_left,Clube Atletico Paranaense,BRA,2024,1106.9100424961289
Hot dog,,6.5,6.2,65a72728a864bb4a740bc711061d0409,2025-05-18:5_left | 2025-06-13:4_right | 2025-09-05:9_left | 2025-09-20:2_right | 2025-09-23:0_left | 2025-10-04:1_right | 2025-10-13:5_right | 2025-11-24:7_left | 2026-02-01:0_right,Wycombe Wanderers F.C.,ENG,2023,673.1773460302735
The German trio,"Currywurst, bratwurst, pretzel",9.5,89.40000000000002,65b49335740c780274533e4dc9a42a71,2025-06-01:4_right | 2025-06-28:4_left | 2025-09-16:6_left,Arminia Bielefeld,GER,2023,1024.1714875753737
Tikka naan,,6.0,79.4,65b6257b09be8da5029753330e8acaff,2025-05-12:6_right | 2025-08-20:1_left | 2025-09-08:7_left | 2025-09-18:9_right | 2025-12-17:5_right | 2026-01-26:4_left | 2026-04-08:2_left,Wolverhampton Wanderers F.C.,ENG,2022,1067.1388279505063
Cheesy chips,,3.5,13.800000000000002,65c1c788ad5b4fea45303bf41f194968,2025-06-13:1_right | 2025-06-24:9_left | 2025-07-06:8_right | 2025-08-08:7_left | 2025-09-26:8_right | 2026-02-02:5_left,Cambridge United F.C.,ENG,2022,775.9692360887345
Spicy chicken bucket,,3.0,95.3,65cafb2e4fdc847ee1eea7a57f203ae9,2025-09-03:0_right | 2025-10-01:9_right | 2026-03-21:6_right,FC Seoul,KOR,2022,1192.1237273929935
Salt and pepper chicken loaded fries,,7.5,95.7,65d0b9b1e1555b9420b52340323785f6,2025-05-22:3_right | 2025-07-29:1_right | 2025-11-29:0_right | 2026-02-04:0_right,Notts County F.C.,ENG,2023,1223.1504376743055
Tropeiro,"Beans, egg, pork belly, torresmos (scratchings), farofa and rice",2.3,61.77,65f0619a60e13debf6d97f62f2ed9166,2026-04-18:9_right,Clube Atlético Mineiro,BRA,2022,1078.6410420835662
Loaded buttermilk chicken,With waffle fries,11.9,89.735,660ae5330b22676a6dca86a160bd214a,2025-12-27:8_right | 2026-01-02:4_right,Tottenham Hotspur F.C.,ENG,2024,1256.4199539161389
Two hotdogs and two drinks,,10.25,51.385,6610382cbd84b79d2b8257a86752adc1,2026-01-05:2_left | 2026-04-11:4_right,Polsat Plus Arena,POL,2025,1014.2948579944714
"Pie, chips and gravy",,5.5,81.6,661ad4eb6c97563391d83d1ffe7be43d,2026-01-17:1_right,Bamber Bridge F.C.,ENG,2022,896.5569527075708
Flat breads,Mixed tandoori chicken and spiced lamb,8.5,92.59999999999998,6623d8527a82451e31059f3e7b8ec33c,2025-04-26:0_right | 2025-05-04:8_right | 2025-07-27:9_left,Birmingham City,ENG,2022,1014.1333604889744
A single forgotten french fry,Free for scavengers,0.0,16.44,66412a9d1010912daf5364dcbab584bd,2026-05-27:9_left,"The Gorge Amphitheater, WA",USA,2026,787.6664693539315
Vegan tacos,,8.0,37.202000000000005,6650d980cd19397d2db07a62b9264819,2025-12-16:6_right | 2025-12-26:5_left | 2026-03-10:5_left | 2026-03-20:1_left | 2026-04-20:0_left,Bristol Rovers F.C.,ENG,2022,978.6240672700658
Zsiros kenyér,,0.8,33.8,666bd5964682ffaebcb9367910797369,2025-05-19:6_right | 2025-05-23:7_right | 2025-06-20:0_right | 2025-07-08:0_left | 2025-07-31:1_left | 2025-11-08:7_left | 2025-11-28:0_right,MTK Budapest F.C.,HUN,2023,769.2608085407121
Cheeseburger,,4.4,18.9825,6671ab02de7759dfb05956855ab847e8,2025-10-11:0_right | 2025-11-06:5_left | 2026-01-12:7_left | 2026-04-11:4_left,Rotherham United F.C.,ENG,2023,838.6394160545126
Double bacon smash burger,With cheesy chips,10.0,62.96666666666667,667f447b7bc6aa47acaad254e77341e1,2026-01-08:1_right | 2026-01-13:5_left | 2026-02-19:7_left,Hampton & Richmond FC,ENG,2024,1094.6387755968997
Bury burger,,5.8,95.0,669327e80256b5ea70538af7a427bd13,2026-01-03:2_right,St Margaretsbury FC,ENG,2023,1132.0486323652792
Nutritious energy bar,Free for soldiers,0.0,28.03,669a8641a5fda7956413263c13231a8e,2026-05-29:6_right,"Meal, Ready-to-Eat",USA,2026,985.9438642962662
Hot pork pie,With mushy peas and mint sauce,4.5,31.99,66ac237966e21b27ab06e010d8ed8e0b,2025-11-09:3_left | 2025-12-30:4_right | 2026-01-12:4_right,Guiseley A.F.C.,ENG,2024,917.4165052489922
Common barberry,Berberis vulgaris,0.0,100.0,66b15fe566b544e6b11f85e9ff052919,2026-03-06:7_right,Mother Nature,,2026,1000.1455332972388
Breakfast special,"Sausage, egg and cheese",7.0,84.7,66bf566e9624be32636a111a61359dde,2025-06-08:7_right | 2026-01-08:3_right | 2026-02-19:9_left,Brighton & Hove Albion F.C.,ENG,2024,987.8951855477408
Cotton candy fries,Topped with blue mayo and cotton candy,6.75,19.9,66f803f7d447a126af12ba11ff3b23c6,2026-05-05:1_right,Toronto Blue Jays,CAN,2026,803.8365474875814
Chicken tenders and waffle chips,,7.8,90.9,66fe6d795fe01c063e70ba8e23ecef33,2025-05-20:4_right | 2025-07-05:4_right | 2025-08-07:0_right | 2025-08-25:5_left | 2026-03-03:8_right,Melbourne Victory FC,AUS,2022,1149.294597733337
Tequeño,,1.5,84.0,674b7f1230c35661505d6489d8215713,2025-06-16:7_left | 2025-07-24:5_left | 2025-12-20:6_left,Deportivo Tachira,VEN,2022,883.0784468000105
Double bacon and pulled pork cheeseburger,,4.5,73.3,67560032b6f842259e1abe4189146a37,2025-05-01:5_left | 2025-07-03:6_right | 2025-07-08:4_right | 2025-08-20:2_left | 2025-08-20:9_left | 2025-09-01:3_right | 2025-09-22:5_right,Walnut Tree FC,ENG,2022,1045.4786291030584
"Pie, chips, peas and gravy",,4.0,31.2425,6796d00d79b7b614dacb2921e86ca389,2025-12-04:7_left | 2025-12-20:4_right | 2026-02-18:4_left | 2026-03-05:5_right,Matlock Town F.C.,ENG,2022,902.4821690127516
Hot Honey Chicken & Chip,,,73.458,679f959382c0694c3669cf3a0d48102c,2025-11-25:2_right | 2025-11-25:7_left | 2026-02-25:7_right | 2026-04-16:2_left | 2026-05-07:5_right,Kenilworth Road,ENG,2024,1095.6580114958028
"Pie, peas and gravy",,5.0,13.47,67a029a0f3f41e2d382076e097288300,2026-05-31:3_right,Maghull,ENG,2026,761.5560502388934
Veggie pizza,With chips and two mojitos,19.8,60.575,67c6f9bb73fb9fa10df2a7ac4e361e5c,2026-01-16:5_left | 2026-03-20:6_right,"Medical College Country Club, Santiago",CHI,2025,1046.6828973712595
Spicy wings,Price for five,2.5,71.28,67dfb09caffdc8cb73f43450cf5ae44f,2026-01-08:4_right,Whitehawk F.C.,ENG,2022,1118.0130019784135
Cheese bread and sausage,With a beer,1.6,92.0,67e1b73e82015d48ba91c029b0ccc20d,2025-05-09:9_right | 2025-05-15:6_left | 2025-06-07:8_left | 2025-08-22:5_right | 2026-01-14:2_right,Clube Atlético Mineiro,BRA,2023,1055.6728764892844
Fish burger,,5.2,68.765,67f77ae6faffdf8148cd42339b09d20f,2025-10-28:4_left | 2026-03-29:8_left,Borussia Mönchengladbach,GER,2024,1096.4545619744256
Gyros,,8.65,68.66,680a74e79ccfa9d10d47fb4c348c0bcf,2026-02-26:1_right,South Melbourne Hellas,AUS,2024,1014.118822342612
Carolina Pulled Chicken Nachos,,8.6,54.95,680f2cd792c9df9da01421b0cc48ed73,2025-12-16:4_left | 2026-04-28:8_left,Charlotte FC,USA,2024,1040.3335981222872
Pulled pork sandwich,,12.0,20.7,6823ea19b115113a6784ef84f40f8048,2025-05-28:7_left | 2025-07-04:8_left | 2025-11-18:9_right | 2025-12-02:7_right,Seattle Sounders FC,USA,2022,869.2985668422327
Chicken gyros,,7.0,92.09999999999998,684623b7625481fdd3b3c171c39c0316,2025-06-21:7_right | 2025-09-07:8_left | 2026-04-18:7_left,Dulwich Hamlet F.C.,ENG,2022,1111.589116357898
Paella,With a pint,8.5,83.1,686de3bc45a1546c4d03f9213d882564,2025-06-11:3_left | 2025-09-18:6_left,Girona FC,ESP,2023,1104.784573506688
Kebab roll and romanian sausage,With toast and dips,1.2,94.9,68994a70eec6617402e98003c6f6a561,2025-07-24:8_right,CS UZU Dărmănești,ROU,2023,1110.10078923758
"Pork shank, sausage and cheese sandwich",,4.8,87.8,68a8400d1d73d5189c00b05030658046,2025-06-16:3_right | 2025-08-17:1_right | 2026-01-24:2_right | 2026-03-10:3_right,Sport Club Corinthians Paulista,BRA,2023,991.0275493305504
Shredded chicken loaded fries,,,57.51,68b9b98ae9b1436543c2b61b72f23d95,2026-01-25:2_left,Bristol Rovers F.C.,ENG,2024,1083.6305174386664
Beer and a burger,,18.0,66.42,68cbbe3a1446abf6bd491317755e4d74,2025-12-24:3_right,Cambridge v Wigan,ENG,2024,1042.9096671341451
Steak and ale pie,"With mash, gravy and peas",10.0,51.46,690b8cfd4d0f12842d0872ac7fe279a7,2026-01-14:1_right,AFC Wimbledon,ENG,2024,994.3931590026656
One dollar hotdogs,,0.75,35.82,69271575eaf18da9d019d8b8b62e03d7,2026-01-01:1_left | 2026-02-12:9_right | 2026-05-30:3_right,Cleveland Guardians,USA,2024,921.5651637230724
Chanterelle,Cantharellus cibarius,0.0,100.0,6931435e834a4aab9ba12b25a9e2806b,2025-12-05:6_left,The Woods,ENG,2025,1015.0046065794984
Chicken curry burger,,6.9,65.47,69600d80dcedd05f14883810b27b0688,2026-03-08:1_right,Bertha HSC,GER,2024,1098.6518898057864
Burger,With chips,,14.799999999999999,697aaad47641365451172c923c4150a7,2025-10-18:1_right | 2025-11-24:9_left,Cheltenham Town F.C.,ENG,2024,777.5229444948427
Chips and curry sauce,With a Samosa,3.5,47.65,697e6602cc19200053483cf1c555843b,2026-02-08:7_left,Halesowen Town,ENG,2021,999.2585916006558
Hamburger,,5.2,29.87,6981ae173cb52298ce7f0f21a5856ae5,2026-04-22:2_right,S.S. Lazio,ITA,2026,885.4653206572634
Crab's Nail,Wheat flour dough filled with crab meat and a crab claw,,16.2425,6985bac8cbbace5e7ace195c48cbab8f,2025-11-07:4_left | 2025-11-14:8_right | 2026-01-29:9_left | 2026-02-09:2_left,Bragantino Diogão Bragança Pará,BRA,2024,791.0105217465475
Chicken and chips,,10.75,65.8,6999220bce7a4a04efb183aa2a91b153,2025-06-02:3_left | 2025-06-10:8_left | 2025-06-16:6_right | 2025-07-01:3_left | 2025-07-22:7_right | 2025-08-03:8_right | 2025-12-18:5_left,Wembley Stadium,ENG,2022,1033.9570488165575
Pork crackling,,3.16,35.68,699a7344ee84db91b9aa48f569a0d5b0,2026-05-23:2_left,C.F. Monterrey,MEX,2025,920.8966886407115
Pompey pie,,,25.98,69a33ce1822ad08dd4c6276c2184092d,2026-04-29:8_right,Portsmouth F.C.,ENG,2024,863.1814665233397
Entrevero,"Beef, pork, chicken, onions",3.0,65.45,69c692afa34ad96b4e171e7bb69b6b10,2025-12-06:2_left,Grêmio FBPA,BRA,2022,979.7450005775382
Cheese Burger flavour pie,Limited release,2.0,22.56,69ca73afe5f6348c02dfc8bb71cbe3c4,2025-11-17:3_left | 2025-11-25:1_right,Nationwide,AUS,2025,871.415278280568
Brisket peppercorn burger,16 hour slow smoked,13.5,86.7,69d44e9acad13e5df045b8a7cb6dfda7,2025-06-03:2_left,Blackburn Rovers F.C.,ENG,2023,1122.6855902322914
Half a tiger loaf,"Filled with pork, stuffing and gravy",10.0,88.09999999999998,69dba8b1f1f5667318dbe29036ba6746,2025-05-15:6_right | 2025-07-20:5_left | 2025-08-28:6_right,Birmingham City F.C.,ENG,2023,996.4945774067552
Hot dog,,3.75,35.48,69fd8cc613e49af62b6027af3bb25fdb,2026-04-25:6_left,New York Mets,USA,2025,894.2566879019797
Cheesy chips,,6.0,59.57,69febb307765acff42c7409dd4decb5f,2026-02-11:8_right,Wycombe FC,ENG,2025,969.2025873171058
The Breakfast Box,,8.0,91.7,6a0c0d99bf3567bd4b51ce491e8f437c,2026-03-04:1_left,Chadderton F.C.,ENG,2025,1161.4361429819712
Sloppy joe burger,"2 beef patties, cheese, onions, jalapenos and chilli beef bites",9.0,75.0,6a15a90d9227e5283d15e255facfda01,2025-05-31:2_right | 2025-07-22:5_right | 2026-03-21:9_right,Folkestone Invicta F.C.,ENG,2022,1074.311140016007
Pulled pork loaded chips,,4.75,85.8,6a26125106f192a0a8ed0af6f8d95bbc,2025-07-23:4_left | 2025-09-01:9_left | 2025-09-03:6_right | 2025-12-10:4_right | 2026-03-15:2_left,Hull City A.F.C.,ENG,2022,1076.5215666313093
Jollof rice,With chicken,12.0,47.76,6a49f026662a5848ea9a0d5f58cd76d9,2026-05-28:8_right,One Knoxville Sporting Club,USA,2023,1004.4402554828512
Chicken on a stick,,8.65,48.71,6a6ffbe83db6632ca23ade36642ab54b,2026-05-31:7_right,Scranton Jazz Fest,USA,2026,988.545898260651
"Steak pie, chips and gravy",,5.0,89.90000000000002,6a7dc180150d1dcd51ec96e6e4394826,2025-05-02:1_left | 2025-05-06:3_right | 2025-06-12:0_right | 2025-08-05:5_left | 2025-09-07:6_right | 2025-12-28:8_left,Ashton United F.C.,ENG,2024,897.95875285462
Loaded fries,Chilli con carne and cheese,7.0,92.8,6a86d78297b9da408efb101c935287f7,2025-06-18:2_left | 2025-09-08:2_right | 2025-12-12:8_right | 2026-03-24:4_left,Brighton & Hove Albion F.C.,ENG,2024,1178.4734004785114
Cheeseburger and cheesy chips,,10.0,55.1,6a8a25b1b1bf0043658387d4039ceef8,2025-11-09:5_right,Bishop's Stortford F.C.,ENG,2022,1046.2556426874137
Bacon cheeseburger,,5.0,52.83,6abaa3c0ea0b058ab7f80a44ff0fb131,2026-05-28:0_left,Gornal Athletic F.C.,ENG,2023,991.4234726091292
Roti chicken curry,,3.0,57.32,6ad569256dda40afddc8ea6a48705e6c,2026-03-13:6_right,Suriname,SUR,2026,1004.6845989050228
Ham and cheese panini,With two beers,13.1,32.305,6b0707054879cf802a159c629a3df99e,2025-11-14:8_left | 2025-11-24:6_left | 2025-12-02:3_left | 2026-03-02:4_right,AS Roma,ITA,2025,908.5163652634208
Pot Casserole,Instant casserole in cup noodle form factor; just add boiling water,,44.48,6b18fa76367d6f7341101ccf73823001,2026-02-20:3_right,Golden Wonder,ENG,1982,996.467919706086
Cheese and ham panini,,4.0,42.275,6b1b77e30a43ef069a0828b7771bf9a1,2025-12-25:3_right | 2026-04-26:5_right,AS Roma,ITA,2022,981.2819218407682
Cheesy chips,,4.5,35.97,6b3ecf137981e842468e48dd19837d89,2025-12-01:9_right | 2026-04-23:0_left,Cambridge United F.C.,ENG,2025,948.9875635643984
Cheeseburger,With waffle fries,7.0,95.15,6b42fd3c942dd44d07ffc60a003e4246,2026-01-02:8_right,Brentford F.C.,ENG,2024,1246.0969426080096
"Pie, mash and liquor",,5.5,43.0,6b927beb89f746e048cffabe15a6cd82,2025-06-26:0_right | 2025-08-29:2_left,Leyton Orient F.C.,ENG,2023,764.7317000854404
Victoria sponge,,1.0,77.2,6bc38a92853a3083858c6648815589ec,2025-05-05:8_left | 2025-07-31:6_left,Fareham Town,ENG,2022,955.7684468290718
Tantuni Kebab,Free to first 100 customers,0.0,94.2,6bdb7fb2c6c14b922e1a689570943cb4,2025-05-29:6_left | 2025-06-26:7_left | 2026-02-03:0_right | 2026-04-12:6_right,St Louis City SC,USA,2022,1112.6597642858276
Rotisserie chicken,"With garlic bread, mac n cheese and coleslaw",14.0,70.1,6bdd33dd4e214f420ead8cbfdb52aaac,2026-02-08:0_right,Los Angeles F.C.,USA,2025,1165.8087767792715
Oreo doughnut,,2.95,58.705,6c028049150f2ebb0b0bf88b2210ad29,2026-03-16:4_left | 2026-04-17:2_right,Tottenham Hotspur F.C.,ENG,2022,1034.9225312581982
Din Tai Fung,Spicy wontons,12.0,44.57600000000001,6c1628a0ff9a86f8183bb1c298fdf6af,2025-10-20:5_left | 2025-11-23:2_left | 2025-12-15:7_left | 2026-05-07:9_right | 2026-05-10:6_right,Seattle Sounders FC,USA,2022,1027.77574155312
Pizza,,4.2,73.29,6c2d6d412a4f19ecd170384a706b6ed5,2026-03-30:4_right,S.S. Lazio,ITA,2024,1105.009380257535
Triple cheeseburger,,10.0,49.23,6c7b3d00c3d9ced298f2f2b4adcdf777,2025-12-23:6_right,Southport F.C.,ENG,2023,1014.0834074354852
Chips with Pork and Stuffing and Gravy,,5.0,42.17,6cbe578c90b74d02c4c9c8d49eb8cb99,2026-04-30:3_left,Stafford Rangers F.C.,ENG,2022,904.1783178953892
Chicken bites and chips,,10.0,57.565,6cc2d48388501b1afb3def1d7f112111,2025-11-16:0_right | 2025-12-01:3_right,Watford F.C.,ENG,2021,1060.79321299316
Hawaiian loaded fries,,9.0,58.61,6ccd170c9c03202516598fe7c41248e6,2026-04-28:2_left,Charlotte FC,USA,2022,1068.6211925951072
Angus beef cheeseburger,With waffle fries,10.0,91.6,6d1f88561625a1b0b9b523978c3974fe,2025-04-21:0_left | 2025-08-17:7_right | 2026-01-22:4_left | 2026-03-28:1_right,Melbourne City FC,AUS,2022,1213.4728664235674
Steak and chips,,10.0,72.73,6d3ef7b816d7d9edd28c9dca4f95782e,2025-12-02:8_left | 2026-03-07:3_left | 2026-04-01:7_right,Port Vale F.C.,ENG,2024,1118.0318778826656
Smoked turkey leg,,7.6,32.635,6d532c1b711fdbe3c52d72b9d78ea9c0,2026-01-16:7_right | 2026-04-02:8_right,"Climate Pledge Arena, Seattle",USA,2025,903.524823565235
"Chips, pork and stuffing",With onions and gravy,6.0,55.95,6d5e804be9438e4c4ea45e7f25d5e467,2026-04-12:2_left,Sunderland A.F.C.,ENG,2022,1038.046056005163
Evil pie,,6.66,23.13,6d5eb0d9247afeb0fc310877653acbaf,2025-10-31:2_left,My Eyes Are In Here FC,ENG,2025,982.8006329113924
Churro,In the number and shirt-colour of a favourite player,3.2,38.89,6d6b2f0546c9b8be67cace094481bcc9,2026-04-29:5_right,Fukuoka FC,JPN,2025,942.2601834913736
Parmo in a bun,,4.2,37.74,6d6e952eac250439375abc5a908a0577,2026-05-02:3_right,Middlesbrough F.C.,ENG,2022,906.0755854320876
"Onion bhajis, chips and mint yoghurt",,3.0,48.73,6d787d5c25788f53d57fb4264b355518,2026-05-30:4_left,South Shields F.C.,ENG,2022,1023.5868107711852
Pack of mint aeros,,3.0,20.37,6d844ca13aefb2374ad3ad0e7e5d099a,2025-11-07:8_left | 2025-11-14:3_right | 2025-12-04:4_right,Barnsley F.C.,ENG,2022,838.1046077998465
Pizza with olives,,3.45,15.9,6d8c16ecb7f37326ecbe0d3b3044f5c5,2025-05-10:3_right | 2025-09-14:8_left | 2025-09-15:1_left | 2025-09-19:8_right | 2025-10-12:3_right,Olympique de Marseille,FRA,2023,764.6245795810548
Salmon and Noodles,"With a pint, included in hospitality ticket",0.0,43.34,6d8c8da6bfdaddc3f42825b7875efab1,2026-01-12:9_left | 2026-03-03:5_right,Tottenham Hotspur F.C.,ENG,2022,964.6975792570043
Chicken burger,With bacon and a hash brown,8.0,95.7,6d9d2943deafacfc93819fdae483e582,2025-08-14:3_left | 2025-09-09:5_right | 2026-04-04:2_right,St Albans City F.C.,ENG,2023,1158.548571865652
Chicken coxinha,,1.3,83.7,6dab229330c6a83d7c391f96506a43ef,2025-05-24:2_left | 2025-07-09:7_right | 2025-07-27:2_right | 2025-08-08:1_right | 2026-02-14:5_right | 2026-04-11:0_right | 2026-04-18:7_right,Ulrico Mursa Stadium,BRA,2024,883.1675023263845
Double cheese smash burger,,6.0,55.6,6dc7afe180517804bf13aa70c44ce06a,2025-05-20:7_left | 2025-05-21:1_left,Lincoln City,ENG,2022,1226.4979511394977
Mixed doner kebab,With a pint,13.4,70.2,6def5ce5ffac07bafdcf6aff48318cc9,2025-06-07:9_right | 2025-11-15:5_left | 2026-02-28:4_right,Stade Lausanne Ouchy,SUI,2023,1061.4622072781058
Katsu curry,With cajun fries,8.5,88.90000000000002,6dff4a139744c8eb713d84437af1dd2d,2025-05-03:9_left | 2025-05-26:7_left | 2025-06-19:1_right | 2025-06-22:1_left | 2025-09-04:8_right | 2026-02-18:2_right,Woking FC,ENG,2024,1094.51243044845
Meat in a bun,,2.3,71.63,6e073d07e507be084052b8f438c61788,2025-10-27:6_right | 2025-12-14:4_right,Viktoria Žižkov,CZE,2024,1108.5290938078988
"Pie, mash and liquor",,9.0,29.11,6e1822b29144571e20cc3784cff47810,2026-01-20:6_right,West Ham United F.C.,ENG,2024,837.5625442813774
Teriyaki chicken BBQ bowl,,14.0,57.665,6e25d27c213f2ab192b32358f5e94807,2026-03-26:4_left | 2026-04-09:4_left,Real Madrid v AC Milan,USA,2023,1058.4662334165712
Bacon and cheese fries,With a cheese steak,6.0,92.9,6e41506ea464965051480e812b4f6971,2025-06-30:9_left | 2025-07-03:5_left,Manchester City F.C.,ENG,2022,1211.894716120269
"Pork, mash, peas and gravy",In a giant Yorkshire pudding,14.0,44.455,6e50a767be52a3c4e71a7607a0303c8d,2025-11-08:0_right | 2026-01-11:3_right,West Ham United F.C.,ENG,2022,930.9661155685922
5 Zsíros kenyér,With 5 pints,18.0,16.563333333333333,6e5d26045e3e914d3fa5baac374de6b7,2025-10-11:5_right | 2025-10-13:2_right | 2025-10-17:0_right | 2025-10-24:4_right | 2025-11-20:3_left | 2025-11-28:7_right | 2025-12-22:8_right | 2026-03-18:8_left | 2026-04-18:0_right,MTK Budapest F.C.,HUN,2025,761.3116027065313
Fish n chip butty,,,52.51,6e80ac4b4d55cd891d9faf61fd27a666,2026-05-19:6_right,Aston Villa F.C.,ENG,2025,1037.29865547738
Cheeseburger,,4.2,21.1,6e8fe1682fa416b2eec7bc3266228ae5,2025-05-18:1_left | 2025-06-06:8_right | 2025-08-07:0_left | 2025-10-16:0_left | 2026-02-07:8_left,Leeds United F.C.,ENG,2022,754.6430152624088
Average of all Australian scran,,,57.89,6eb52aedd8b316bd10f4e482bb6c9ceb,2026-05-22:9_left,,AUS,2026,1009.7689393939394
Scouse pie,,3.6,10.61,6ebe22d698bebb14414ec1211654d109,2026-05-05:0_right | 2026-05-11:7_left,Everton F.C.,ENG,2022,791.9241033994804
Pizza and beer,,18.0,23.31142857142857,6ec42e2daac1536af2d6d135bc34aab5,2025-07-04:5_right | 2025-09-09:8_left | 2025-09-19:6_right | 2025-10-21:7_right | 2026-02-12:6_right | 2026-05-26:5_right | 2026-05-26:6_left,Chicago Red Stars,USA,2023,832.0827830089626
Burger,With chips,9.0,17.985,6efe2cef85f66eaf345547889482826d,2025-12-06:1_right | 2026-03-10:0_left,Wembley,ENG,2025,848.6366536777923
Charlie's way meal,"Fried chicken on brioche, with cheese, gherkins and chilli, with waffle fries",14.0,83.9,6f1af9c4fcd30b6095c20d372244f9f7,2026-04-09:3_right,Birmingham City F.C.,ENG,2025,1178.2636902482836
Chicken curry and chips,,4.0,83.5,6f3fa934d5d7f5738eb329e5288e70d9,2025-05-11:0_right | 2025-05-12:9_right,Keynsham Town,ENG,2022,928.7537784621508
Bratwurst with mustard,,3.5,36.73,6f4a29ce93ab52cbf4bef24c4716fdcf,2026-04-29:7_right,Holstein Kiel,GER,2026,921.5177915257324
Butter chicken naan,,7.95,80.1,6f572545d819a1b9d16085bbd97bda7e,2025-04-22:0_left | 2025-05-04:9_left | 2025-10-27:7_left,Leicester City F.C.,ENG,2024,1096.235916507598
False Morel,Gyromitra esculenta,0.0,0.0,6f5fb8fcb54f4a90d359ecd8c209bc60,2025-12-05:6_right,The Woods,ENG,2025,984.9953934205016
Pizza dog,,8.0,70.194,6f78a57675e933087b0cee2a788da1ce,2025-10-08:3_left | 2025-11-17:5_left | 2025-12-03:9_left | 2025-12-20:9_right | 2026-05-28:0_right,Nottingham Forest F.C.,ENG,2025,1098.9642392347582
Bolo Do Caco,Garlic bread filled with chorizo,2.6,87.1,6f7a7cea2d27ad7fd86f56a0bed5d897,2025-07-27:5_right | 2025-08-31:5_right,CD Nacional,POR,2023,942.1437112073576
Seoul Bowl,Contents of Seoul Bowl unknown,10.4,74.3,6f9d10955ce63301d2f10a27eda11b7e,2026-03-15:5_left,BMO Stadium,USA,2024,1140.830258790786
Chicken gyros,,8.0,80.78,6fc3e88086a784e206bf94bfa06047ae,2025-12-23:6_left | 2026-03-19:4_left,Sheffield United F.C.,ENG,2025,1142.278566283086
"Pie, hot dog and 3 cocktails",,50.0,17.075,6fd4aed69f7ba548d83fdeb6b38da6d0,2025-11-26:8_left | 2026-03-16:4_right,"Champions League final, Wembley",ENG,2024,848.7754307662185
Katsu chicken and rice,,6.8,94.8,6fdf24a2e8ac64cb3baa21ac10796556,2025-05-09:5_left | 2025-06-26:6_left | 2025-09-15:5_right | 2026-03-11:8_left,Womens World Cup 2023,AUS,2023,1245.9143554228788
Battered sausage and chips,,6.3,40.01,6ffac79c96b3d0caaf6961bd816fd354,2025-12-29:5_left,Redhill F.C.,ENG,2024,981.1083309536592
Chicken balti pie,,3.75,80.2,705aaf482d97b588483039094349ae9c,2025-04-23:4_left | 2026-04-06:2_right,Wolverhampton Wanderers F.C.,ENG,2022,950.9922064541404
Pit Master Box,"Pork, sausage, turkey, sides",15.5,73.5,705f36b99937c8826a6b9f36152a1a94,2025-06-28:2_left | 2025-07-21:3_left,Sporting Kansas City,USA,2024,1000.0
Flatbreads,With mixed tandoori chicken and spiced lamb,8.5,85.82,706763d00f886f3c28569900bfc47985,2026-01-02:2_left | 2026-03-07:1_right,Birmingham City F.C.,ENG,2024,1231.9745747427917
Jockey whopper burger,"3 burgers, 3 bacon, 3 sausage, 3 cheese",0.0,81.79,709ea992d0e9f5854e631ebe828e53b7,2025-12-27:0_left,Newmarket Town F.C.,ENG,2024,1153.2179860299773
Bag of fried insects,,0.45,31.3,70ad53ddde450545c06ee756636244ac,2025-05-05:4_right | 2025-05-16:6_right | 2025-06-16:0_left | 2025-06-20:0_left | 2025-11-17:2_right | 2025-12-15:0_right,Sukhothai F.C.,THA,2023,676.6147877911435
Sausage and bread,,1.2,35.115,70b3bd39431d911a4722fcbb6d2021af,2025-12-11:1_right | 2026-05-28:9_right,Wisla Krakow,CZE,2024,892.1455683168235
Loaded fries,,7.0,90.0,70ca31c0d1781a4d424634eb0220944c,2025-07-06:1_right | 2025-07-20:6_right | 2026-02-14:6_left,Chester F.C.,ENG,2022,1175.8458997787095
FrankenFeast hot dog,,7.0,66.94800000000001,70d214b7090f67a76000ee5352ad3fe0,2025-10-23:8_left | 2025-10-29:7_left | 2025-11-11:3_left | 2026-01-05:2_right | 2026-01-26:9_right,Harrogate Town F.C.,ENG,2023,1107.308609155633
Pie and peas,,4.5,42.14,70ff65a08717b3c7ddd93da016147490,2026-01-07:5_right,Maghull FC,ENG,2025,963.3896483166874
Cheeseburger,,6.35,77.65,714630bf2e6815e9792e1efe9c6dad96,2026-03-16:5_left | 2026-03-29:9_left,Sam Kerr Football Center,AUS,2025,1159.4510185774725
Garbage plate,,,53.31,714dfde3b29b11278b13743076bb30b6,2026-05-23:8_right,Portland Thorns FC,USA,2024,1015.4337012146724
Jerk chicken and chips,,12.5,82.09,7156ab298c80705fde796fb10e20769d,2025-10-13:3_left | 2025-12-21:6_left | 2026-01-09:1_right | 2026-02-23:6_left,Tooting & Mitcham United F.C.,ENG,2025,1091.657648136174
Cheeseburger,,6.0,24.605,716dbb97efb2d2a3e26848749521127e,2025-11-01:6_right | 2025-11-10:6_right,Enfield Town,ENG,2023,887.9122335913119
Toast Hawaii,With a fruit yoghurt,3.4,25.2,717799acc462ba2474294ed79f3757d4,2025-07-11:9_left,Goethe-Universität Frankfurt am Main,GER,2023,987.2
Hot dog,,9.0,58.0,718fbbfab51eb961de387ad1749dcec1,2025-09-05:0_left | 2026-01-07:6_left,Wembley Stadium,ENG,2023,876.5410157985195
Fiesta Chilli Loaded Fries,,7.0,67.86,71998019cd4176ffaab99d50fc3fb052,2026-02-10:7_left,Harlow Town F.C.,ENG,2025,1076.974972039211
压缩口粮棒,免费供士兵使用,0.0,35.41,719f4ba7f1ada81cb367c3b7f8ce4a65,2026-05-29:2_left,"Meal, Ready-to-Eat",CHN,2026,990.6504375030552
Pizza,,8.0,72.8,71a1e59a18192878a5dde3d7068b7061,2025-12-28:2_left,Wrexham A.F.C.,WAL,2025,1093.825986783262
Chicken Special Souvlaki,,9.0,69.63,71a6dfe0d521208d66070a3d1f6d7a59,2025-12-01:5_left | 2026-04-06:4_right,London Senior Cup,ENG,2024,1072.6304597878022
Rib meat roll,With hot sauce,8.0,80.9,71aa0335d1824e3c011fc97630dc6ffb,2025-04-30:0_left | 2025-12-12:1_right,West Ham United F.C.,ENG,2022,1104.9603021859202
Chicken parmo loaded chips,"Fried breaded chicken topped with bechamel and cheese, with chips",5.5,93.1,71bd8feda7472075729a6f653db44084,2025-04-30:5_left | 2025-05-09:4_right | 2025-07-26:1_left | 2026-02-11:0_left,Hartlepool United F.C.,ENG,2023,982.2987599262804
Cornish pasty,With a pint,,46.34,71c64534bfd1102a667ea5ef336a5a52,2026-01-27:2_left,Truro City FC,ENG,2024,1005.9307636469664
Rotisserie chicken,"With garlic bread, mac and cheese and coleslaw",15.0,77.5,71dd0238818648d8edfc4896914dcb0d,2025-07-22:3_right | 2026-02-02:6_right,Los Angeles F.C.,USA,2023,1141.9981457705262
Double cheeseburger,With cheesy chips,5.5,92.40000000000002,71e85daf34815706ee012058aacdbffd,2025-06-15:2_right | 2025-09-30:8_left | 2026-03-19:3_left,Airbus UK,ENG,2022,1033.9307606940204
Improved burger,,7.8,9.83,71f75e01fb42635239be9f859f1488f6,2025-11-10:9_left | 2026-02-03:2_right,Southampton F.C.,ENG,2024,767.0423735562675
The snoop dog,,7.5,47.87,72044e6f646e7c02434b55249c20da6b,2026-05-20:0_left,Swansea City A.F.C.,WAL,2026,996.3193046624724
Jerk chicken,,10.0,80.355,7208e2491692fc8f05c91375cfa62d57,2025-06-04:3_left | 2025-06-05:0_left | 2025-06-25:5_left | 2026-01-09:7_left | 2026-01-09:5_left | 2026-04-29:1_right,Croydon FC,ENG,2024,1022.0609070634728
Burger and fries,With a drink,10.0,55.82,721c28e4a71a96d07c4efca810e0d566,2025-11-04:1_right | 2026-03-14:6_right,Chadderton F.C.,ENG,2025,1038.2653336653625
Scrambled eggs,"With potatoes, spinach and a chocolate pudding",2.0,36.9,7259d87e338926aa23646ab603691f8f,2025-08-01:9_right,FH Dortmund,GER,2023,1000.9896907216496
18 inch sausage roll,,11.0,45.82,726cd049c899ca66170a753cde24867d,2026-05-05:9_left,Portsmouth F.C.,ENG,2024,963.99501829849
Pizza,,4.8,94.9,7291251b5fb485c0709af8c08edee40a,2025-07-02:7_left | 2025-09-12:1_right | 2026-01-15:8_right | 2026-03-14:1_right,FC Seoul,KOR,2023,1014.9571730300864
"Pie, mash and liquor",,4.5,40.7,72bbd8190239899d2a282631925548e0,2025-04-25:9_left | 2025-06-06:0_right | 2025-07-21:6_left | 2025-07-29:8_right | 2025-08-30:3_left | 2025-08-30:6_left,Leyton Orient F.C.,ENG,2022,789.9370630472738
Hot dog,,,22.65,73226c5ba9eadf1361c3c84570aa776f,2025-10-27:2_right | 2026-03-15:7_left,Anfield,ENG,2025,854.8165306022057
Chipa,Cheesy bread,0.25,90.8,732d0012a5bb82a9e1fb94e0f9803855,2025-05-21:4_right | 2025-06-14:5_left | 2025-06-27:7_right | 2025-07-02:2_right | 2025-08-07:7_right | 2025-09-04:9_left | 2026-03-01:1_left,Club Olimpia,PAR,2022,982.705570430516
Steak pie with gravy,,3.0,86.59999999999998,732f11b5fbbf5e75441d11c8322e1f2f,2025-06-04:7_right | 2025-07-31:7_left | 2025-09-06:2_right,Leek Town,ENG,2022,975.7970983505052
Chicken and halloumi wrap,With salt and pepper chips,9.0,85.3,73378c28ddedd028e08a56df9a45ba6f,2025-06-19:3_right | 2025-06-19:6_left | 2025-08-12:3_right,Avro F.C.,ENG,2022,1063.0391170699236
Spicy sausage,,3.0,84.405,7356a10a74ad48375845bdc70a9f42f5,2025-12-26:1_left | 2026-01-18:1_left,AC Sparta Praha,CZE,2024,1178.1582087772322
Hähnchenschnitzel,Fried chicken breast,3.5,91.59999999999998,7365665ac7ed251fa878715a23b41fe8,2025-06-01:5_right | 2025-08-23:5_left | 2025-08-25:6_right,SC Preußen Münster,GER,2023,1085.8820245579393
Katsu dirty fries,"Fries, sausage, katsu curry, cheese and fried onions",5.0,69.8,7371c11c6c0119097538f5c9ae0047f8,2026-01-25:4_right,AFC Sudbury,ENG,2022,1022.1115130126838
Carne asada loaded nachos,In a football bowl,16.5,60.60333333333333,7371c2104820d30933eb29946566a96c,2025-11-03:4_left | 2025-11-04:8_right | 2026-03-03:3_left,Los Angeles F.C.,USA,2022,1083.0671109661369
"Kick off"" vegan kebab",,4.0,68.85,73aa8832f6ba183244ae8b5badde9890,2025-10-12:1_right,Newark & Sherwood United,ENG,2023,1048.3967126998723
Suckling pig sandwich,,7.5,9.899999999999999,73cee287d2e39da0dd32dc0518b8e2fd,2026-03-16:7_left | 2026-04-29:6_right,Sporting Lisbon,POR,2025,805.4493797388317
Crabble burger and chips,,6.5,67.5,73cef15459c828590a5b30b8d8e6268a,2025-06-05:6_right | 2025-08-11:7_left | 2025-08-17:7_left,Dover Athletic,ENG,2022,1031.6216016626229
Double bacon cheeseburger,With chips,6.0,95.9,73d721d985e346594e39ffde3254d688,2025-12-22:7_left | 2026-01-02:9_right,Helston Athletic F.C.,ENG,2022,1254.7082240999655
Toad in the hole,,8.75,61.14,73df982a1d206bf1bbf8da22279b6dea,2026-03-23:4_right | 2026-05-26:8_right,Hull City A.F.C.,ENG,2024,1065.2939579947947
Chili and cheese loaded nachos,,5.5,82.6,7406e2816e64c1959e2e4fcd6fe4cba6,2025-07-07:2_right | 2025-09-02:6_left | 2026-01-05:1_left,Leyton Orient F.C.,ENG,2022,1078.584763634763
Pulled turkey sandwich,With curry mayo,4.8,81.0,741a871eb8323be0efcffc5adfdad912,2025-07-01:8_right | 2025-07-22:9_left | 2026-03-15:4_right,AFC Ajax,NED,2023,978.2127479418484
Chicken and chips,With piri piri mayo,11.0,83.1,742c10c83dbcdf4365e4440c7f97633b,2025-05-04:3_left | 2025-06-24:5_right | 2025-06-25:3_left | 2025-09-24:4_left | 2025-11-24:7_right,Wembley Stadium,ENG,2022,1139.4320450401349
Masala potatoes,,7.5,45.7,743ce33e97e818cd1ecfad4858413b70,2025-04-28:4_left | 2025-06-11:8_left | 2025-06-24:4_left | 2025-07-28:5_left | 2025-10-02:2_right | 2025-11-09:6_right | 2026-01-13:2_left | 2026-03-25:4_left,Chelsea F.C.,ENG,2024,901.6782826158296
Chicken with caramelized onions,,5.9,16.97,744d97d35cea776283984699f2b65f42,2025-10-24:8_left | 2026-01-10:7_left,FC Barcelona,ESP,2024,848.4764819622615
Bearded Milkcap,Lactarius pubescens,0.0,0.0,7465b9843c4e1eb94c1987e32f80f6e9,2025-12-05:8_left,The Woods,ENG,2025,1002.4137506510724
"Chicken curry, rice, samosa, chips, yoghurt, mint",Bought from food van during Blackburn boycott,15.0,39.92,74789e31cb2de6802bb3e4dd9a542703,2026-04-26:0_right,Ewood Park,ENG,2026,943.4818512719914
"Naan, chips and butter chicken",,10.0,81.92,74907405b9192a5d291ade3219ba33b2,2025-12-10:0_left,Villa Park,ENG,2025,1121.6487892875864
New York loaded fries,"Pastrami, mustard, crispy onions and pickles",10.0,84.1,749eb07bea18f3bc669a6f0abd3c2dfe,2025-06-24:5_left | 2025-08-02:4_left | 2025-12-14:2_left | 2026-01-14:7_left,Barnsley F.C.,ENG,2023,1129.5321004704706
Sausage gravy and biscuit,Free for soldiers,0.0,39.11,74c51ae5e26c42eced05383ef26b9100,2026-05-29:4_left,"Meal, Ready-to-Eat",USA,2026,993.0447298715578
Double bacon cheeseburger,,6.5,96.7,75067aea82c7364719943fd73bb87fce,2025-05-25:2_right | 2025-06-02:5_left,Ashton Town FC,ENG,2023,1000.0
Steak and peppercorn sauce,"In crusty bread with chips, free for volunteers",0.0,68.86,75353482bcf060d1dff8053e87514a2b,2025-11-13:8_right | 2026-02-27:3_left | 2026-04-27:0_left,Bracknell Town F.C.,ENG,2024,1126.5873001620844
Wigan kebab,Pie in a roll,2.5,48.81111111111111,753e53fb7b910fb23b44676af406ff7a,2025-05-30:5_right | 2025-06-04:4_right | 2025-06-07:8_right | 2025-06-27:4_right | 2025-07-22:7_left | 2025-08-24:8_right | 2025-11-27:1_left | 2026-01-20:7_right | 2026-05-20:8_right,Nairn County F.C.,SCO,2022,713.5994819026346
Superfood bowl,,7.7,52.59,754e76323b93735e908eb3742653143b,2026-05-25:8_left,Sydney FC,AUS,2024,1029.12120918644
Bulpit beast,With chips,8.5,73.55,75a164e2699ee20e5c8609373385cd18,2026-03-11:5_right,Hungerford Town F.C.,ENG,2022,1104.9619876263134
Hot dog,,5.7,24.52,75ac479f97fadd2659ef21327c9493ae,2026-04-23:4_right | 2026-04-23:6_right,FIFA World Cup,QAT,2022,829.556379946273
Steak and chips,With chimichurri,10.0,84.6,75b33da6b6a7d00b3f250b64efb95ab4,2025-04-26:5_left | 2025-05-07:2_right | 2025-06-05:7_right | 2025-07-26:6_left,Cambridge United F.C.,ENG,2025,1057.6785536731606
Chicken nachos,,16.5,49.70000000000001,75b9e32c1008fece7d41879da14535e3,2025-06-28:1_right | 2025-08-29:4_right | 2025-10-08:0_left,KC Current Women,USA,2022,1002.9120469936267
Spicy chicken burger,,6.0,56.43,75bbf533b19ac8e60271af4f0b9e3e92,2026-04-19:2_left,Netherlands v Wales,NED,2022,1047.78410202466
Beet marinated chicken gyro,With fries,13.5,49.46,75c89d4c60c46f26ad716ca45500f227,2026-04-28:9_right | 2026-05-16:1_left,Oakland Roots,USA,2023,1018.6722761564322
Nachos,,5.0,44.49,75d8ba28380ff575b74247bab1fd3a44,2026-05-05:1_left,Gosport Borough F.C.,ENG,2024,972.104916888592
Steak and gravy pie,,3.5,88.40000000000002,75e00c8aff854e9770b212c9cb0ed2a0,2026-01-22:7_left | 2026-02-03:0_left | 2026-02-26:8_left,Troon F.C.,SCO,2025,996.9818799510562
Chicken tenders,"With waffle fries, hot sauce and ranch",7.5,94.09999999999998,75e418ba14914367f26f59bbe5be0d49,2025-05-08:6_right | 2025-05-12:4_right | 2025-05-25:6_left | 2025-09-16:8_right | 2025-09-20:6_left | 2026-04-02:0_left,Oldham Athletic A.F.C.,ENG,2024,1243.3351695301542
Sausage in batter,,,52.595,75f0d23f176f2a5c3864f4d5b5817066,2025-12-04:3_right | 2026-01-11:6_left,Tottenham Hotspur F.C.,ENG,2024,973.3500580678846
Potatoes,"Free, from the grave of King Frederick II",0.0,38.64,76026b9cc5b10bdb419c5a7416b600c6,2026-04-29:2_left,Potsdam,GER,2026,926.7456917353812
Breakfast muffin,With tater tots,10.0,81.28,76069f0745924dcdb385754b648f47a2,2025-12-03:4_left,Burton Albion F.C.,ENG,2025,1160.026489428779
Double Monterey Jack cheeseburger,With chips,6.5,92.0,760b15bd04c4934b06da932b38b753f4,2025-08-23:4_right,Hungerford Town F.C.,ENG,2022,1154.5254627788702
Chicken tikka and chips,Mint sauce available,8.0,92.9,763e046563447997798c23bbfb123646,2026-01-07:1_left,Aston Villa F.C.,ENG,2022,1195.9975661499354
Cheese pizza,,23.5,17.473333333333333,764cb1a4f3d254f955a99ba5ff7046d6,2025-10-18:8_right | 2025-10-30:3_left | 2026-02-11:1_left,DC United,USA,2025,974.8442655266342
Zsiros kenyer,,,22.55571428571428,765e5a47871b74caffc23eb833161e36,2025-11-05:4_right | 2025-11-06:3_right | 2025-11-14:1_right | 2025-11-28:1_right | 2026-01-18:3_right | 2026-02-04:4_left | 2026-02-16:8_right,MTK Budapest F.C.,HUN,2025,757.2200788391234
Halo burger,,7.8,22.61,766f653c9d7d60ef421ca287aad13904,2026-05-14:5_right,St Marys,ENG,2024,861.8771668707665
Popcorn chicken and curly fries,With 4 dips,17.0,88.2,767343dbd47bbc1e1f28d4c592a5b7cd,2025-05-22:1_right | 2025-08-23:3_left,Sporting Kansas City,USA,2023,1104.8809566422492
Nackensteak im brötchen,Steak in a bun,3.3,85.6,76747d38962eb25b097880fd6cee4c2e,2025-04-20:5_right,Meiendorfer SV,GER,2022,1093.8376967545591
Chicken burger and chips,,9.49,86.2,768cda3edcdf1928de448e90e851c447,2025-05-25:9_left | 2025-09-10:0_right | 2025-09-17:6_right | 2025-09-25:5_left,Tottenham Hotspur F.C.,ENG,2023,1143.1165349380155
Cheesy Chips,,3.5,10.595,769225cbd54c26d2002f1fbf44c3431d,2025-11-06:0_right | 2026-01-06:9_left,Eastbourne Borough F.C.,ENG,2024,799.3858198867932
Hot dog,,13.5,8.015,76a4ce64f40e5a6b918876f086feabe3,2025-10-17:2_left | 2025-10-26:3_right | 2025-11-19:5_right | 2025-11-24:4_right | 2025-12-22:9_left | 2026-05-15:3_right,Wembley,ENG,2025,720.1009254824321
Doner kebab,,7.0,67.76666666666667,76a9d918188f7d85b2112a5d91f34a17,2025-11-20:4_left | 2025-11-25:9_right | 2025-12-21:1_left,Grimsby Town F.C.,ENG,2022,1131.734467527877
Acarajé,"Fried bean dumpling with shrimp, vatapa and peppers",2.4,70.3,76cf2adfa7d86fbea382f67fd5b2b537,2025-05-18:4_left | 2025-05-22:5_left | 2025-06-15:1_left | 2025-07-05:8_left | 2025-11-19:8_right | 2026-03-14:5_left,Esporte Clube Bahia,BRA,2023,891.0030450498585
Mac and cheese,"Made with penne, not macaroni",7.5,33.24,76d4e4d844f417b27142dae363266ec4,2026-04-22:5_left,Seattle Mariners,USA,2025,911.8165640963804
Meatballs and pasta,,2.0,71.92166666666667,76ee3cbdd65b26bd60045f04b868c124,2025-10-16:5_right | 2025-10-19:0_right | 2025-10-26:1_left | 2025-10-27:3_left | 2025-11-08:6_left | 2026-02-16:3_right,AFC Newquay,ENG,2022,1092.5344120417874
Chicken kebab,,8.75,63.620000000000005,76f3fdcdb7a4c8f32adebb4eaa36fd23,2025-11-22:0_left | 2026-01-28:9_right,Manchester City F.C.,ENG,2025,1047.3667285032698
Prime,,4.5,17.972,7721e35e5e7d0d894869e58859a0aaba,2025-10-03:1_right | 2025-10-17:6_right | 2025-10-25:7_left | 2025-11-20:5_left | 2025-11-23:6_left,West Ham United F.C.,ENG,2022,827.2532745112807
"Chicken, chips and cheese baguette",,4.2,64.01,77258e1b0e8ebe2beb7b685eb0a0ebc3,2025-11-19:1_right,Napoli,ITA,2022,1070.306286989679
"Bread with lard, onions and paprika",,0.8,19.950000000000003,772fa783f40cdc39ff987d3776ee9a33,2026-04-23:3_right | 2026-05-15:5_right,MTK Budapest F.C.,HUN,2026,702.5077405076594
Can of Stella,Price does not include tip,11.9,21.52,775bc56cca7267f0934e286e32cea72d,2025-12-27:6_right | 2026-01-23:8_left,Madison Square Gardens,USA,2022,863.1279809079404
Le sandwich lyonnais,"Sausage, onions and Saint Marcellin sauce",5.8,73.4,775dd0d2489a57cc85476c6689345f9f,2025-07-26:7_right | 2025-07-26:8_left | 2025-08-13:4_left | 2025-09-06:1_right | 2025-09-24:0_right | 2026-01-17:5_right,Olympique Lyonnais,FRA,2022,1029.5729239196503
Peppered steak pie,With chips and gravy,6.0,85.3,7765fc86d15c2e49583969e1b8212418,2026-01-22:4_right,Bamber Bridge F.C.,ENG,2024,969.9254263333596
Full English breakfast box,,7.0,43.02,77701152cb14892ff2c5c7e515752960,2026-04-05:0_right,Tilbury F.C.,ENG,2025,949.2189758329288
Chicken katsu box,,8.75,74.55,777d47b2a82140bee8b6e70e3506c88a,2026-04-14:1_right,Hull City A.F.C.,ENG,2024,1210.69828915029
Loaded fries,With salt and pepper chicken,6.95,96.6,779d7fffc98fd6689fc8013e7fb71cd7,2025-07-19:5_left | 2025-07-26:7_left,Barnsley F.C.,ENG,2023,1173.13025594443
Sausage and bread,,4.2,29.03,77a199aed436ec71538bd831ffb4e230,2026-01-06:3_right | 2026-02-10:2_left,ŠK Slovan Bratislava,SVK,2023,896.7352234587211
Burger,,7.0,52.61,77aaf6d33571740404e491a32942c243,2026-05-03:1_left,Grimsby Town F.C.,ENG,2022,1026.7679371315749
Currywurst mit pommes,,6.0,86.9,77c9a9abee663890d975c077284dc585,2025-06-05:8_right | 2025-06-12:1_right,Altona 93,GER,2023,1055.0890816343383
Hamyaki,Ham steak,1.9,58.89333333333334,77db5b285aacd62da1961ed9d38a824d,2025-06-30:3_left | 2025-09-21:4_right | 2026-05-15:1_left,Kashima Antlers,JPN,2022,960.4138996345928
Bowl of popcorn,With a beer,22.5,26.665,77dbbe255e66b4f7579aeee28a853fd6,2025-11-26:3_left | 2026-03-22:3_right,Los Angeles F.C.,USA,2025,855.9687938285551
Chicken curry and chips,,4.5,80.0,77de8f8df7a0ca1834df1226119e05ed,2025-05-22:7_right | 2025-07-24:2_left | 2026-03-02:7_left,Coleshill Town F.C.,ENG,2023,1031.617653485129
Meat and potato pie,"With chips, mushy peas and gravy",3.8,33.71,77df0011d38e704d96488dc8d05c7939,2026-02-11:6_left,Mossley AFC,ENG,2022,888.8382828644029
The Blusher,Amanita rubescens,0.0,100.0,77dfab3c85d1a0e278dec06777c496d9,2025-12-05:4_left,The Woods,ENG,2025,998.1030551755586
"Chicken, mushroom and spinach pie",With mushy peas and chips,8.0,35.535,77e0f4d45d817e8c536910d51e3e153c,2025-10-01:3_right | 2026-02-22:8_right,Unknown Location,ENG,2024,984.7335423531752
Jalapeño cheese sausage,With salsa verde,9.0,25.525,77e7cc08201b127e2b0c7efc759cdb1e,2025-12-25:4_left | 2026-05-07:3_left,Unknown Location,USA,2025,891.6799796222931
Cheeseburger,,6.0,14.195,7800c79e4780561b1e766a307d603d81,2025-12-22:1_right | 2026-05-20:1_right,Portsmouth F.C.,ENG,2024,750.4620906462684
Double cheeseburger and chips,,10.0,94.8,780a70b4a82c0f3ed6bad006963cb88d,2025-04-29:9_left | 2025-05-21:0_right | 2025-08-21:8_right,Folkestone Invicta F.C.,ENG,2023,1197.9083287564915
Chili cheese tots,With a screw,3.4,35.6875,781a5087eb31039e1afaffc7118acd03,2025-12-03:6_right | 2025-12-07:5_left | 2026-02-08:8_left | 2026-04-26:2_left,Sonic,USA,2025,902.7704240194668
Sausage stromboli,,10.0,89.8,781e6850f608a3db349a0f21a21892b7,2025-05-19:9_left | 2025-05-24:5_right | 2025-06-05:2_right | 2025-08-11:6_right | 2025-08-20:8_right | 2025-09-03:6_left,Atlanta United FC,USA,2022,1055.344128018749
Japanese Scran,,8.5,62.524,782614c82c5d70d67f9ffae5509c08e1,2025-10-19:6_right | 2025-10-27:5_right | 2025-10-27:9_right | 2026-02-16:2_left | 2026-05-06:7_left,Kyoto Sanga F.C.,JPN,2025,1075.19961560392
Bacon Double Cheese Burger,With crispy onions,5.5,86.1,7826823f2aa9eb6381eed925a3fb5d46,2025-08-20:3_left | 2025-08-26:5_right,Blackfen United,ENG,2022,1168.8416431956791
Chicken loaded fries,,6.0,91.8,785283051b0b1dee7dd0c5edfa79e13b,2025-05-14:9_left | 2025-08-17:0_left | 2025-12-08:5_left | 2026-01-20:2_left,Partick Thistle W.F.C.,SCO,2023,1181.0486576207377
Beef brisket and potato pie,In all butter pastry,4.0,47.7,786bbafc3455a1eb2e69c4464b17c71e,2026-05-10:4_right,Stockport County F.C.,ENG,2021,997.4432886925996
A can of Broken Heels,,14.9,23.509999999999998,78b7f78d272512185af93ffc794de65d,2026-01-23:1_right | 2026-04-07:0_right,"Lincoln Financial, PA",USA,2025,835.8521637882656
Zsíros kenyér,"Bread with lard, paprika and onions",0.85,37.045,78bd12614e60c1d1969c67c07be74ac7,2025-05-23:0_left | 2025-06-20:4_left | 2025-06-21:3_left | 2025-07-30:5_right | 2025-11-11:4_right | 2025-11-28:2_right | 2026-01-21:3_left | 2026-05-21:2_right,PTE-PEAC,HUN,2023,754.8845428561613
Gourmet Cheese Burger,,3.45,90.8,78c56eaaca2d8f9c877f028a03ea5154,2025-07-02:3_left | 2025-08-14:3_right | 2026-02-18:5_left,Johor Darul Ta'zim,MAS,2022,1123.7174251152323
Hot chocolate brownie,Covered in Biscoff,6.25,80.35,78ea2ee007bc33130ae56173f041144f,2025-10-15:7_left | 2026-05-19:4_right,Hull City A.F.C.,ENG,2025,1145.1670736229096
Tacos,,11.15,44.66,78ed0d94fb9ff8d513513dcd4dd4f36a,2026-05-06:9_right | 2026-05-30:1_right,Chicago,USA,2025,958.045299303026
Hot dog,,3.5,30.72,78f401e2f0b5800080b5d440b85cdb32,2025-12-18:6_left | 2026-04-02:2_left,Australia v Ecuador,AUS,2023,920.6055644906938
Bovril ice lolly,One-off handouts,0.0,27.4,78fe125956b3fb3e50a38081080d96b5,2025-06-06:2_right | 2025-06-17:9_left | 2025-09-21:2_right | 2025-10-09:9_right | 2025-11-18:6_right,Wembley,ENG,2022,744.7484246952083
Pork katsu with rice,,3.8,94.40000000000002,7932ef65eb7ead8cc2830be00c05bdbe,2025-05-22:5_right | 2025-09-03:1_right | 2026-02-14:9_right,Omiya Ardija,JPN,2023,1186.519957757216
Sausage and bread,,2.9,51.7,793a1a6de86bca2403394a57dec3868d,2025-05-05:0_left | 2026-02-07:3_left,SK Slavia Prague,CZE,2022,822.4217451045406
"Chips, cheese and curry sauce",,2.5,50.1,795b5b2ed8396723b00bb394f8a8fe78,2025-07-18:7_right | 2026-01-31:6_right,Barwell FC,ENG,2022,859.1570731592717
Full hog burger,"Beef patty, bacon, sausages and cheese",6.0,80.58,796682ef8a40142e6f1755fe4842917b,2026-04-06:0_left,Metropolitan Police F.C.,ENG,2025,1164.167595811223
Hot dog,,4.5,19.11,797036950a1a1ee8d6cdbe33be36b828,2026-04-09:6_right,Isle of Man,IOM,2024,783.0271156411743
Cheesy Corn Brisketachos,"Cheesy corn, baked beans, brisket, chips, served in a helmet",14.75,15.885,7975bff58da46a3773b3594de23f6a84,2026-02-06:1_right | 2026-05-27:7_left,Kauffman Stadium,USA,2025,836.2805016746164
Fish and chips,With mushy peas,10.0,78.1,797b708bc34375ea3385ef591761790d,2025-04-24:1_left | 2026-04-10:1_left,Wycombe Wanderers F.C.,ENG,2023,969.837768448228
Tray of fries,,4.52,24.875000000000004,798865a65650f695902c00f96b3badd8,2025-11-20:1_left | 2025-12-16:9_left | 2026-02-09:4_left | 2026-05-26:5_left,Hockey Arena,CAN,2024,887.1578705387149
Vegetable lumpia,crispy fried spring rolls,0.25,57.95,79923d8a5acde76f6ec6b69907b0f575,2025-12-25:3_left,Gelora Bangkalan Stadium,IDN,2025,960.1588385626264
Chicken biryani,,5.0,35.705,799c22be4202fab0c5ab443507b3f484,2026-02-02:4_right | 2026-05-17:9_right,Blackpool,ENG,2023,914.1736573433644
Smokey burger,With pommes frites,8.0,89.40000000000002,79a5431669cdb818326cbbbd2439ed2f,2025-06-22:0_right | 2025-08-19:9_left | 2026-04-15:8_left,IF Elfsborg,SWE,2022,1168.712845357623
"Lemon water, sausage and a sandwich",,6.65,57.65,79a6409a538a26926f1f5baa6823227e,2026-01-16:5_right,Dong'an Lake Sports Park,CHN,2025,1035.452972171731
Sausage and black pudding roll,With brown sauce,4.5,11.24,79c6f759d7a2cff8b9b2fbf8e441b1a7,2025-11-29:9_right | 2026-05-16:9_right,Rangers F.C.,SCO,2022,779.4549368691366
Korean corn dog,Stuffed with mozzarella and breaded with panko bread crumbs,9.0,86.5,79f06defceb459210116b0cfcca024b2,2025-07-15:4_right | 2026-03-22:2_left,FC Cincinnati,USA,2024,1173.8668705191658
Wolfie's plant based tenders,With fries,12.0,60.81,7a00255627212ed86f0ff68b0773bae4,2026-03-16:1_right | 2026-04-23:4_left,Angel City FC,USA,2023,1060.0073740207474
Deep fried spaghetti and meatball fries,,8.4,69.715,7a1b08d6eddc615f822b35c6de976bf4,2025-11-04:6_left | 2026-01-20:1_left | 2026-02-16:9_right | 2026-02-24:0_right,Toronto FC,CAN,2022,1094.226649135643
Cheese and ham panini,,4.7,27.94666666666667,7a3292ef0859a9d38d6d68e6cc930829,2026-02-03:3_left | 2026-02-06:5_right | 2026-02-19:6_left,Manchester United F.C.,ENG,2021,801.7503392926372
Duck wrap,,9.5,32.79333333333333,7a43a2887386a146e1e9d172104f4e82,2025-10-16:9_right | 2025-10-18:7_left | 2026-05-07:7_left,Slough Town F.C.,ENG,2025,862.5173519950516
Korean BBQ chicken waffle cone,,6.0,85.0,7a682236703aac7e91bc743dc5342550,2025-06-11:0_right | 2025-07-10:1_left | 2025-07-26:5_left | 2025-08-07:2_right,Preston North End F.C.,ENG,2024,1119.616703972668
Nackensteak,Pork in a bun (ran out of buns),3.0,15.455,7a9644f7ad522be9479e9e98b6351072,2025-10-30:9_right | 2026-01-13:7_right,1. FC Union Berlin,GER,2022,784.8233922163239
Double cheeseburger and chips,,11.95,83.1,7aa6843fb5dc6da574b740dc737eee57,2025-06-30:9_right | 2025-08-06:1_left | 2026-03-21:7_left | 2026-03-26:3_left,Tottenham Hotspur F.C.,ENG,2022,1165.3570088061915
BBQ chicken wings,,7.5,79.6,7accfa66cd939cfebab17b2447225a80,2025-05-21:6_right | 2026-04-15:2_right,Eden Park,NZL,2023,1073.3195006806377
Fried chicken and seasoned fries,,11.0,89.1,7ad87d36a212f544f1d189b2f2dda008,2025-12-18:5_right,Aston Villa F.C.,ENG,2023,1059.7152287447177
Battered sausage and chips,With cheese and curry sauce,5.5,34.2,7ada4cc0e4eefd2bcac85a4e62fceef2,2025-12-01:7_right | 2026-04-25:9_left,Derry City,NIR,2022,915.8673118787832
Double bacon cheeseburger,,5.5,78.2,7af974f471db6b5edf9d67483fe607f5,2025-06-29:3_right,Hertford Town F.C.,ENG,2024,1035.399090791189
Sausage roll,(blooming big one),3.0,37.15,7afb67ee608a592a1d7f6aebcb1731de,2026-01-19:0_right,London Colney F.C.,ENG,2024,996.066934885638
Nuggets and chips,,3.5,71.8,7b00f9e29985861600fe2b74172b3a08,2025-05-14:6_left | 2025-08-02:8_left | 2025-09-15:3_left,Derby County F.C.,ENG,2023,923.88551181273
Pit Master Box,"Pork, sausage, and turkey with baked beans, mac n cheese, coleslaw pickles, two buns, and barbecue sauce",15.5,62.040000000000006,7b362f1bf2940746233473c723eee779,2025-10-30:4_right | 2025-11-04:0_right,Sporting Kansas City,USA,2025,1091.370611628297
Gyros platter box,,10.5,90.59999999999998,7b39d326026b7d760861646f1312486c,2025-06-28:8_right | 2025-09-01:4_left | 2026-04-19:5_left,Northcote City FC,AUS,2023,1126.9906163926778
Potato pierogis,"With sour cream, price per pierogi",1.35,54.68,7b3b7c588b7b6b3ca6ed534d187b4c3f,2026-03-15:0_right,DCFC Hamtramck,USA,2025,1029.94916484981
Chicken kebab meat in a roll,,6.0,88.59999999999998,7b3f00638fa6e9350acec0cfc5706e3c,2025-06-28:3_left | 2025-06-30:0_left | 2025-11-26:5_right,Malvern City,AUS,2022,1100.8017902148144
Retro day bargain,"Salt and vinegar discos, tea and a curly wurly",2.7,35.2,7b4d90b3cce46a8312c9d32a90acb1eb,2026-04-30:7_right,Aston Villa F.C.,ENG,2026,870.4199650204129
Chicken burger,With chips,11.25,34.09,7b5e44e8bd34c0d3531c104b346fed15,2025-12-06:4_right | 2025-12-19:9_right,Bohemian FC,IRL,2025,945.7291132131264
Hot dog,"With pulled pork, chillies and cheese",8.0,85.8,7b6aa5603953570c263c68e44b4859aa,2025-06-09:8_right | 2025-07-06:4_right | 2025-07-20:1_right,Arsenal F.C.,ENG,2023,1090.4673245339727
Chicken tenders and chips,With a garlic and parmesan sauce,10.0,89.0,7b8e6b472fadf6522048647aa95b96d2,2025-05-17:7_left | 2025-06-29:3_left | 2025-09-25:0_left | 2025-09-28:4_left,St Albans City F.C.,ENG,2024,1102.2164567818672
Cheeseburger,,4.1,21.953333333333333,7bb0c30fd3213ae5e39bfa028f85265a,2025-12-15:5_left | 2026-01-12:9_right | 2026-03-15:8_left,Luton Town F.C.,ENG,2021,733.291485911771
Hot dog,,6.8,85.9,7bb61bdd035fbfc039287042bdc78391,2025-04-27:3_right | 2025-11-09:2_right | 2026-02-12:0_left | 2026-04-01:3_right | 2026-04-02:6_right,RWDM Brussels,BEL,2023,902.7878883949132
"Pie, mash and gravy",,7.0,32.0,7bc8cccb15da4ddda23e58cf9431236f,2025-10-12:6_left | 2025-10-21:6_right | 2025-11-27:8_left,Liverpool F.C.,ENG,2022,937.5360019944628
Monterey Jack cheese burger,With chips,6.5,68.945,7bd2cd3e7e9a13c1c185eeeaf8fd110f,2025-10-09:3_right | 2026-03-12:3_left,Hartlepool United F.C.,ENG,2021,1095.0978350104713
Sausage roll,,3.0,47.39,7bd350c5295a9327c54f4366e1df5a59,2026-01-01:9_right,Chesham United F.C.,ENG,2024,967.145700837523
Cheesy chips,,5.0,32.59,7bd6f436a6bd3699e45c7f339d77a270,2026-05-02:6_left,Sutton United,ENG,2025,895.2021612930373
City chicken stack,With chips,7.5,67.565,7c07509d58266a2dbfedd9c05d2966c2,2025-10-20:0_left | 2025-10-21:5_left,Gloucester City A.F.C.,ENG,2024,1100.8112620875809
Two slices of stuffed crust pizza,,4.5,59.13,7c1014c4a26cc3174aec8013e0a71a0b,2025-10-03:3_left | 2025-10-25:3_right | 2025-11-06:6_right,York City F.C.,ENG,2022,1040.2577531454706
Zsíros kenyér,,0.85,22.1,7c19ae6bb7df79024fba9075b9227991,2025-06-06:1_left | 2025-06-19:4_left | 2025-06-20:9_left | 2025-09-07:9_right | 2025-09-23:5_left | 2025-10-21:0_left | 2025-10-26:2_right | 2025-11-28:5_left,Ferencvárosi TC,HUN,2023,680.0539038655966
Double cheeseburger,,7.0,26.75,7c4a5f4c9add39c1370839db1e5a970b,2025-10-16:1_left | 2026-04-12:1_right,Brighton & Hove Albion F.C.,ENG,2024,987.7227625045708
Fleet Street burger,"6oz patty, crispy bacon, cheese, onions and lettuce",6.0,88.4,7c4f117405bddfb592061d171ba0735a,2025-05-26:8_left | 2025-06-10:3_left,Ebbsfleet United F.C.,ENG,2022,1217.402776301496
Cheese Burger,,,29.38,7c790fa7996d95682812d7fc9220a77b,2026-05-19:6_left,Bradford City AFC,ENG,2024,903.311700841817
Matjes roll,"Salt cured herring, lettuce, onion",2.5,17.490000000000002,7c99bf51646b8abb81ec40bd65d9f257,2026-04-25:8_right | 2026-05-25:1_right,FC Hansa Rostock,GER,2026,791.3446191040015
The traditional bacon double cheeseburger,,7.5,51.44,7ca8a93ff55cb50b5934ba2898c4989a,2025-11-18:5_right,Arundel FC,ENG,2024,1029.8402492057744
"Pie, mash, peas and gravy",,9.0,37.2,7cc17199c17d81b0c6f4c93fe7e1368c,2026-03-10:6_right | 2026-03-23:0_right,AFC Wimbledon,ENG,2022,904.9057232824556
Chips with Nutella,,3.3,26.41,7cee36a48255dc544da70260cc940894,2025-11-15:4_right | 2026-03-10:0_right,SV Weidenham,GER,2024,855.0003417284878
Double cheese and chilli chips,,5.0,89.8,7d1992d1e7ba61bca065e2cc71029686,2026-02-21:2_right,Beverley Town F.C.,ENG,2023,1103.0421583175068
Hot dog,,6.9,26.685000000000002,7d1efcd99e7494591be3834656325e9a,2025-11-06:8_left | 2025-12-09:5_right,Chelsea F.C.,ENG,2025,862.5950314291867
Yorkshire pudding wrap,,7.95,78.2,7d27c8fd31f3ebb95828d398d2c94ad3,2025-07-23:1_left | 2025-08-05:9_left | 2025-08-14:4_left | 2026-02-18:3_left,Portsmouth F.C.,ENG,2023,899.5678186946445
Spicy Pep pizza,"Pepperoni, hot honey and chilli flakes",13.0,93.8,7d314098df7da0192bc56bdda5ba65d0,2025-05-14:9_right | 2025-06-11:7_left | 2025-06-19:2_left | 2025-07-27:5_left | 2026-03-04:6_left,Blackburn Rovers F.C.,ENG,2025,1190.3785378599034
Christmas dinner in a cup,,,21.133333333333336,7d331157f4ff81943bb1d6c0e59813d1,2025-11-15:1_left | 2026-02-26:3_right | 2026-04-11:6_right,Stockport County F.C.,ENG,2024,819.6271579512613
Hot dog,,5.9,10.821428571428571,7d438c4513c8114eab5cbd7e5e50e25c,2025-11-06:5_right | 2025-11-18:3_left | 2025-11-29:7_right | 2026-03-09:8_left | 2026-03-30:0_left | 2026-04-14:2_left | 2026-05-11:1_left,Chelsea F.C.,ENG,2022,724.7801119120542
Tikkabab,"Open tortilla wrap, tikka chicken, salad, raita and hot chilli sauce",8.0,91.8,7d4f6978ba3fb9384519b4ddb0bf23fa,2025-09-15:8_right | 2025-09-18:2_right | 2025-09-21:7_right,Kidderminster Harriers F.C.,ENG,2023,1195.9941037341175
Burnt end nachos,,9.0,82.1,7d74b5369e1d7a224cdde038afbba243,2026-02-03:9_right,Atlanta United FC,USA,2023,1056.4939587158149
Margherita pizza,,4.3,53.6,7d755a75baf2ae6d7710a8f4d4bd42f3,2025-09-19:1_left | 2026-02-23:5_right,AC Milan,ITA,2023,940.2445204030524
Cheeseburger,With chips,6.5,33.02,7d8e907bd8036e6af1cc541ad65675a0,2025-12-28:1_right,Clay Cross Town F.C.,ENG,2024,1012.4221929322404
Chicken tikka wrap and chips,,6.0,87.8,7da533ab991e773c2fba0029a1a2b1f1,2025-05-07:9_left | 2025-07-14:2_left | 2025-08-19:7_left | 2025-09-13:2_right | 2025-09-29:7_left | 2025-10-05:3_left,Villa Park,ENG,2022,1167.184415782361
"Sausages, chips and curry sauce",In a hollowed cob,4.5,87.5,7dd2ae3f561b1d1c1e85b330c23cd366,2025-09-21:1_left,Merthyr Town F.C.,WAL,2025,1008.429949508357
Chicken tenders and fries,In a Washington State Ferry Boat Souvenir,,75.28,7dde4b22153b6d018adec4149e3e07e6,2026-03-27:0_left,T-Mobile Park,USA,2026,1173.6445932715344
Pizza dog,,7.0,34.47,7de27f228bdd27d64635a57bedda88a1,2026-02-04:4_right,Nottingham Forest F.C.,ENG,2024,988.6610164505472
Devon Steak Pasty,,5.0,56.3525,7de9bc1f67e29f585e9733953d68e36a,2025-10-28:7_left | 2025-11-02:8_left | 2026-02-01:8_right | 2026-03-09:9_right,Plymouth Argyle F.C.,ENG,2024,1015.115080576239
Loaded roasties,With beef,5.5,54.47,7e0189bccd4282590d2242facab2e9d3,2026-05-21:4_left,South Shields F.C.,ENG,2024,1044.434418300165
Steak and chips,,,64.41,7e093c217b3ae52487ba8c373365faa3,2026-03-16:8_left,Avro F.C.,ENG,2021,1078.2912546518455
I have never used an air fryer,,,40.0,7e1714cd3fa78d64f5ed6a938fcc2e2b,2026-05-01:5_right,YouGov polling data,ENG,2026,988.9607151258527
Specialty nachos,,9.5,76.95,7e35c9b694ffd3135710b20412401b4f,2026-04-11:5_right,Pittsburgh Riverhounds SC,USA,2023,1176.766242628701
Kuro Burger,,7.0,50.20000000000001,7e37df42677fda253ec75e71a43ccf38,2025-07-18:8_left | 2025-10-07:5_left | 2025-11-26:1_left,Club World Cup,UAE,2022,881.0133906457612
Katsu curry fries,,6.0,66.69500000000001,7e41442febbda86a9dcd1cf2a1a328be,2026-01-15:6_left | 2026-03-17:2_right,AVIVA Stadium,IRL,2024,1086.1284145711593
Cod and chips,"With mushy peas, halloumi and chaat masala",9.0,71.8025,7e41b89564a15e9f0fa8e7322754fccf,2025-10-03:4_right | 2025-12-09:7_left | 2026-04-10:7_right | 2026-04-27:5_right,Aston Villa F.C.,ENG,2021,1146.4221718852586
Cheeseburger,,4.0,36.14,7e7f6db1a9617fdec4dae56e837e006d,2026-05-18:8_left,Westoning FC,ENG,2025,904.5826835314872
Steak pie,With chips and mushy peas,5.5,72.9,7ee239cdef4a62d4e2d2e0e4f7617422,2025-04-24:7_right | 2025-04-28:8_left | 2025-05-08:3_right | 2025-07-17:4_right | 2025-09-17:4_right | 2025-11-26:6_right,Nantwich Town,ENG,2023,886.9007472415454
Burger,,5.0,6.4,7eeb365804eaea771d287f92d28967ec,2025-04-25:8_left | 2025-05-04:7_right | 2025-05-30:2_left | 2025-06-13:8_right | 2025-07-03:7_left | 2025-08-05:8_left | 2025-08-16:6_left | 2025-10-13:9_right | 2025-11-11:7_right,Aberdeen F.C.,SCO,2022,673.2642414842626
Bacon cheeseburger,,5.0,44.305,7f047ac487d34bdd3431d2ed98937518,2026-03-07:1_left | 2026-04-02:3_right,Caversham United,ENG,2024,1005.4783145085438
Chicken strips with chips,,4.5,96.2,7f07d5046feb7435af48dc3d3cf82d0a,2025-05-28:4_right,Viktoria Plzen,CZE,2022,1113.1690578286623
Witches' stew,In a roll,6.66,13.64,7f2f66e8e58324e302d22cdc98173149,2025-10-31:7_right,Scary woman's hut,AUS,2025,976.7281975203985
Sushi,Free in the VIP box,0.0,78.11,7f39649c4de12a3395a2dd5c1c7e770c,2026-02-27:2_right,FIFA Arab Cup 2025,QAT,2025,1130.3353106815675
Rump steak and chips,,10.0,63.245000000000005,7f4b7257fd911403d1fa0b9dcf5d33b6,2025-11-08:3_right | 2025-11-17:7_left,Cambridge United F.C.,ENG,2024,1091.2097154240787
Elbow macaroni in tomato sauce,Free for soldiers,0.0,22.2,7f615916901e178d27397fa63ea01b6d,2026-05-29:7_left,"Meal, Ready-to-Eat",USA,2026,982.208
Steak pie with peas,,4.0,21.8,7f64f9f5771adcd896904dc6c6770dc2,2026-02-12:3_right | 2026-05-06:0_left,Retford FC,ENG,2024,825.8756277144416
Garlic and tomato sausage and scrambled tofu bap,With hash browns,10.0,76.655,7f773e035301d624b83e23ae581ad12a,2025-12-09:5_left | 2025-12-30:2_left,Brentford F.C.,ENG,2022,1119.5502989111335
The Full Monty,"Two beef patties, bacon, sausages, onions, cheese",5.0,80.8,7f913d67f4f2437ab36b551efe0c0fc2,2025-05-17:4_right | 2025-06-24:6_right,Christchurch F.C.,ENG,2022,1116.704279761508
Grilled chicken sandwich,,11.3,31.59,7fde041ec763313239437e440798c82b,2026-05-15:2_left,Texas Furry Fiesta,USA,2026,875.3510142439335
Jambalaya,With cheese boudin eggrolls and a beer,10.5,47.21,8004602e9309f64c25d54b7ff2531c49,2026-04-22:5_right,Louisiana Gumbo Festival,USA,2025,994.6880868662938
Four beef baozi,"With three vegetable jiaozi, fried chicken and a hard-boiled egg",1.45,87.7,800a1d371f25cdea4832016bcd93c4ae,2025-08-01:1_left,Peking University,CHN,2023,986.6666666666666
Chips with Nutella,,3.3,31.5,800ec6d5cd4b230dd1ec099923e2b05a,2025-06-08:5_right | 2025-06-24:8_left | 2025-09-02:5_left | 2025-09-04:1_right | 2025-09-09:6_left | 2025-12-17:6_right | 2026-02-02:3_left | 2026-02-12:6_left | 2026-03-28:5_right,SV Weidenham,GER,2024,856.0881515968919
Fried chicken sharing platter,,26.0,88.5125,805c51910cb7408e6164bd71a4ff7505,2025-10-21:1_left | 2025-10-26:8_left | 2026-02-14:8_left | 2026-04-07:2_left,Rangers F.C.,ENG,2024,1253.096110383663
Chicken and chips,,7.99,89.43,8062c4d2f2ec3cb1053f8b3fc33746a0,2025-11-22:1_left | 2025-12-29:5_right,Tottenham Hotspur F.C.,ENG,2023,1269.6808107146064
Chicken katsu burger,,5.45,84.92,80635668aad7b58b09f2eaef3024bd49,2025-11-10:3_right | 2026-01-13:0_left,Tottenham Hotspur F.C.,ENG,2025,1172.6982242616407
Chicken balti pie,,4.0,43.92,80698c47afc225315047af7f75dca977,2025-11-17:9_right,Newcastle United F.C.,ENG,2022,988.8340477199996
Baguette,,6.0,11.751666666666665,806e54d8e40eb96fd7f95bb094e8dd2a,2025-11-14:4_left | 2025-12-26:0_right | 2026-02-06:1_left | 2026-02-06:3_right | 2026-02-06:9_right | 2026-04-14:6_left,Bromley F.C.,ENG,2024,697.0825686728268
Samosas and sauce,,3.0,78.1,80793df4272f99e0331c8e6582d132cd,2025-06-10:7_right | 2025-06-21:5_left | 2026-01-04:9_left,Rochdale A.F.C.,ENG,2022,1111.9689833043558
Steak sandwich,,3.9,77.01,80b0b67aac8fc08c5c39dd14a6670498,2025-12-13:6_right,FC Union,GER,2025,1134.244838882555
Spring rolls and bean sprouts,,0.5,84.2,80ccd379302128a2b2163d6e581b90fb,2025-05-10:6_left | 2025-05-24:2_right,Persebaya,IDN,2023,907.2735528876984
Chicken tikka dirty fries,,6.5,94.4,80de18b15fed6c951a38a9bcbcd97ce3,2025-05-31:9_right | 2025-09-02:7_right,Bolton Wanderers F.C.,ENG,2023,1199.8703923318458
Pulled pork and gravy roll,,4.0,81.9,80deacb5b64244e7692f37807d6cd392,2025-08-14:9_left,St Brelades,ENG,2022,1131.295953631582
Steak and fries,With peppercorn sauce,9.0,82.8,80e092981a3cef7be272c03a92444e5a,2025-09-22:9_left,Manchester City F.C.,ENG,2023,1036.5155353897044
Fried chicken on a stick,,1.6,91.5,8109c1588b3f26c5908cde28aae74d01,2025-04-21:6_right | 2025-08-22:4_right | 2025-11-19:6_right | 2025-12-06:7_right,São Cristóvão FR,BRA,2023,1045.2753749597143
Steak pie meal deal,,10.95,30.3,8110cd19b298abb995712e99193da9e3,2025-11-11:0_left | 2025-11-16:5_right | 2026-02-15:7_right,Queens Park Rangers F.C.,ENG,2024,887.6755032583184
Pizza,,7.95,55.71,816ad9c33517459b11533ba167b4f2bb,2025-11-27:3_right,The Emirates Stadium,ENG,2025,1009.6684508604404
Holy f*ck pork rib pie,With mash and gravy,5.0,89.0,81a19fb5c7c5ade53613244c93e82fa6,2025-08-02:4_right,AFC Wimbledon,ENG,2022,985.3360993605324
Dirty canary,"Garlic chicken, bacon scraps, cheddar fondue, bbq, aioli and crispy onions",6.0,92.245,81ae17a799d837692dbb8e70cb6961cb,2025-12-02:0_left | 2026-01-02:7_left,Norwich City F.C.,ENG,2025,1258.1661810529286
Pork crackling,,3.15,50.35,81d2bb9743a4b0fec53b0cf3696e8ed2,2026-01-04:2_left,C.F. Monterrey,MEX,2025,1010.3147468253838
Poutine,Fries with gravy and cheese,7.0,49.94,81fab1fb1c9c99d8b4bc19dd26d1c7ae,2025-10-15:5_left,CF Montreal,CAN,2022,1048.360945302004
Average of all Norwegian scran,,,26.99,82081f7a67d15710479666bb5c856146,2026-05-22:7_right,,NOR,2026,1024.5599268069534
Mixed kebab pie,,3.0,71.11999999999999,820a9824fb9abddf7a40cccdaf99581c,2025-04-30:4_left | 2025-06-02:3_right | 2025-08-23:3_right | 2026-01-17:2_left | 2026-05-27:6_right,Stirling Albion,SCO,2023,854.8883523808731
Cheesy chips,,8.5,15.545000000000002,821dc2efa1dbd8effc81b6ec7a9ea3ac,2026-04-01:2_left | 2026-04-09:1_right,Unknown Location,ENG,2025,811.5108636824058
Double bacon cheeseburger,,4.2,47.0,82366868daebecaa1daf14b376884cc5,2025-05-13:3_left | 2025-07-03:4_left | 2025-08-10:8_right,Barnsley F.C.,ENG,2022,894.8847047446391
Sliced steak,With peppercorn sauce and fries,8.0,35.355,825269d41d8bc89c058a4825c38433ae,2025-10-28:6_right | 2026-04-21:2_right,Manchester City F.C.,ENG,2022,1001.2951991907788
Octopus sandwich,,7.0,40.758,8261fed172da37dae784abb9c71ed00f,2025-10-10:1_right | 2025-10-19:6_left | 2025-11-24:6_right | 2025-12-26:5_right | 2026-03-27:4_left,SSC Bari,ITA,2025,911.2215539038726
Currywurst mit pommes frites,,11.0,83.8,82677ebe20afe0793e7fa5ddf35028f5,2025-05-08:0_left | 2025-06-07:6_left | 2025-08-20:7_left,FC Bayern Munich,GER,2023,988.9656559519616
Fried chicken sandwich,With a pint,2.6,66.3775,829391c06da61397c7693d9d5dbc085d,2025-05-19:8_left | 2025-07-02:7_right | 2025-08-06:7_right | 2026-04-03:4_right,Vasas FC,HUN,2023,1075.3013937465284
Hangover burger,"Double beef patty, sausage, egg, hash brown, bacon, cheese",9.95,91.8,829b49428a3344a08272fad6fc720fa8,2025-05-19:1_left | 2025-06-30:1_right | 2025-07-22:3_left | 2026-01-03:8_right,Failsworth,ENG,2023,1209.1151955168984
"Chips, sausage and curry sauce",In a hollowed cob,5.5,68.33,82e567a6d5ee199fe239d71ca16b0adc,2025-11-06:7_left,Merthyr Town F.C.,WAL,2025,1044.1995746214327
Pizza and a pint of Peroni,,8.8,82.7,83012fa53de0d1e6ddaa266ba30ce9e8,2025-06-26:5_right | 2025-08-13:6_left | 2025-08-18:2_left | 2026-01-07:1_right,S.S. Lazio,ITA,2023,974.6041099964992
Double cheeseburger,,5.0,92.1,830af027eb5611d6c4c4a3ace1e53778,2025-05-05:1_left | 2026-02-09:6_right,Stalybridge Celtic F.C.,ENG,2023,1158.7794304817469
Philly cheesesteak,,5.0,14.2,830efa80d6d1f1b0dc939c18848bf58d,2025-06-06:5_left | 2025-07-14:0_right | 2025-09-21:0_left | 2025-09-24:7_left | 2025-09-27:8_right | 2025-12-12:9_left | 2025-12-28:7_left,Sheffield Wednesday F.C.,ENG,2023,796.7977624854594
The burger dog,,3.5,70.9,8334c515622b9075391d67af62ee15b6,2025-04-27:8_left | 2025-05-18:6_right,Warrington Town FC,ENG,2025,907.2161837611336
Egg yolk onigiri,,0.8,43.974999999999994,833db2620116932a59bf6b86b91897d8,2026-01-07:9_right | 2026-05-20:9_left,Shibuya,JPN,2025,939.4078645072588
Buffalo fried chicken burger,With Korean wings,12.0,94.5,8347b14bead83537e4afa8384b30fb3c,2025-05-26:0_left | 2025-07-21:4_left | 2025-08-18:4_right | 2025-09-15:2_left,Saffron Walden Town F.C.,ENG,2022,1251.0489175241169
Stroopwafel ice cream,Free!,0.0,90.2,83556be6c11aecfa8442ec01813caf29,2025-08-18:9_left | 2025-09-10:8_right | 2026-02-27:1_right,SC Heerenveen,NED,2024,1034.6124224240054
Wigan kebab with chips,,4.5,20.013333333333332,837450ac8183cb0b978647ed74e1142d,2025-12-02:0_right | 2026-03-15:1_left | 2026-04-06:5_left,South Shields F.C.,ENG,2023,851.9782893336167
Sausage,,3.45,41.96333333333333,837b9f564b11cc0ad8c69448880e6e76,2025-11-16:3_right | 2025-11-19:2_left | 2025-12-08:7_left,Bohemians 1905,CZE,2024,997.6810387559428
Lemon cannoli,,1.2,90.0,83a20770423032b121026296c6a2c41e,2025-06-18:5_left | 2025-08-05:0_left | 2025-09-01:8_right,CA Juventus,BRA,2023,1054.3795437320364
Open hotdog,,1.4,42.76,83b7a151ad4b16908d7b44998285b60b,2026-05-08:9_left,Engenhão-RJ Botafogo FC,BRA,2024,918.3282005976944
Cornish pasty,With chips and gravy,5.0,52.75,83bbbdbd21b76ac27d971795fd3576bd,2026-03-21:4_left | 2026-04-22:3_left,Northwich Victoria FC,ENG,2022,1030.484075985207
"Pork, chips, stuffing and gravy",In a hollowed cob,8.0,76.9,83ca297cef3f68f2ba20cd4c4b499127,2025-08-21:5_right | 2026-01-31:4_left,Birmingham City F.C.,ENG,2022,1018.62091617394
Cheeseburger,,4.0,7.16,83e5304816e4706b584ef65a1518a01c,2025-10-27:8_left | 2026-02-14:2_left,Barnsley F.C.,ENG,2023,719.6888945251072
Pizza and chips,,9.0,47.67,8406704d2d5febbac8b8677deab0a32b,2026-04-05:8_right,Leeds United F.C.,ENG,2024,1002.699464470459
Fish and chips,,9.5,69.6,84465cdf52bff41785edadd0560a4d36,2025-07-15:8_left | 2025-07-28:2_left | 2025-12-07:3_right | 2026-02-05:2_right | 2026-04-10:2_left,Tottenham Hotspur F.C.,ENG,2022,1091.811158179416
Pie roll,,,14.82,8452d8c1aa75b2f3f152477d6491c333,2025-10-13:7_right | 2025-10-21:3_left,Alloa Athletic F.C.,SCO,2021,788.4118127054644
Vegan fish and chips,,9.5,27.662499999999998,84865e03a6a7f7fa0f0ee8e64a3eec04,2025-12-14:6_right | 2026-02-18:0_right | 2026-03-20:3_right | 2026-04-10:7_left,Tottenham Hotspur F.C.,ENG,2023,861.2458127731627
Hawkey Porkey Bowl,"BBQ pulled pork, chips, cheese sauce, crispy onions",7.0,68.13333333333334,848a3bb71cb63c938c09898390628f21,2026-01-18:9_right | 2026-04-13:1_right | 2026-05-26:4_left,Havant & Waterlooville F.C.,ENG,2025,1110.7540985436876
Chimichurri steak and chips,,11.0,59.45,84bcfa3b5687316a5532bd014c1b022a,2026-05-28:9_left,Port Vale F.C.,ENG,2023,1035.4520325899312
Bratwurst,,9.2,27.324999999999996,84bf3417c667299268f3fcfa2755e460,2025-10-20:4_left | 2025-11-08:3_left | 2026-01-01:4_left | 2026-03-09:6_right,Charlotte FC,USA,2023,851.8853969380312
Jerk chicken,With rice underneath,7.0,74.68,84d61631c6842f370fb6c62244649013,2025-12-20:3_left,Wycombe Wanderers F.C.,ENG,2022,1167.2545987316676
Lasagna,Eaten with a credit card,,13.655000000000001,84fc80aba638ee77fabed80dbee1aeb4,2026-01-12:7_right | 2026-04-29:0_left,Leeds United F.C.,ENG,2022,763.861727408412
"Pie, mash and liquor",With no liquor,7.0,39.59,8506899847208b6d53a65f2b7f0a66c0,2026-02-06:0_right,Leyton Orient F.C.,ENG,2024,868.7937099091902
Curry rice,With scotch egg,6.7,84.9,8558890d0a72ffbcd6e2fb64199d013c,2025-05-04:7_left | 2025-05-18:2_left | 2025-05-18:5_right | 2025-07-01:0_right | 2025-09-12:6_right,Yokohama F·Marinos,JPN,2024,1135.312332699643
Destroying Angel,Amanita virosa,0.0,0.0,8565cedd1efa194d27327ca5e9e11018,2025-12-05:1_left,The Woods,ENG,2025,983.0971322849214
Chicken share box,,8.95,78.3,857377481490a5ec81b3db57c7cc1183,2025-08-23:2_left | 2025-11-19:8_left | 2026-03-04:6_right,Fairford Town F.C.,ENG,2022,985.3921203145612
Chip Butty,,2.6,36.985,8592394b2c7955eb626b6f61d4dd00a9,2025-11-20:2_left | 2025-12-06:0_left,Burton Albion F.C.,ENG,2021,899.3179230768297
Cheesy chips,With spring onion and crispy onions,3.5,84.5,859243c065ff7c0d641899229cd22d89,2025-09-11:9_right | 2026-04-12:9_left,Hungerford Town F.C.,ENG,2022,1055.6672837278395
Pulled pork sandwich,"With spicy sauce, potato salad and soda",9.5,57.55,8595b8dab64cfb2f5a997b45758dc6d4,2026-03-02:3_left,Tampa Bay Rowdies,USA,2026,1067.4318721950997
Currywurst mit pommes frites,,5.0,79.4,859ad4428e38310334401a5666b41c4d,2025-05-12:0_left | 2025-06-17:3_right | 2025-07-28:8_right | 2026-02-08:5_left,Augsburg,GER,2022,981.5521828449662
Chicken and chips,,7.0,69.1,85a5489413c70f06393a73e02c8e0f87,2025-04-24:2_right | 2025-05-19:5_left | 2025-08-14:1_right | 2025-08-17:6_left | 2025-09-03:4_left,Tooting Bec,ENG,2022,927.2880830392268
Singapore Hainanese chicken rice,,2.5,93.4,85aef8e71b423d4e6b8ba5ac1dac7bb9,2025-08-01:1_right,Shenyang,CHN,2023,1013.3333333333334
Sausage and mash,Included in hospitality ticket,0.0,40.4,85bcc7fa82835321aac238c6087feab5,2025-12-27:5_left,Tottenham Hotspur F.C.,ENG,2022,920.0526950769304
Evil pint,,6.66,76.87,85c00123c465aefebc9cff1d3d4ba238,2025-10-31:2_right,Helles,GER,2025,1017.1993670886076
BBQ loaded Mac and cheese,,8.6,78.865,85c35cac5f66b6d59753f65e21d8b6c5,2025-04-22:4_right | 2025-06-26:4_left | 2026-01-29:4_left | 2026-02-04:8_left,Atlanta United FC,USA,2024,1091.4093097827856
Bratwurst and pretzel,,5.0,72.7,85c689042f5aa09a194b517f3dcf2c67,2025-05-18:0_right | 2025-06-05:7_left | 2025-07-29:7_left | 2025-10-01:5_left | 2026-04-07:8_right,1. FC Köln,GER,2022,1037.827797693361
Unidentified food,We're at the cricket today,11.4,56.9,85cd4146bba731ece501b969ff620c85,2025-04-20:9_left | 2025-04-21:9_right | 2025-05-04:2_left | 2025-05-28:8_left | 2025-06-01:5_left | 2025-09-13:3_right | 2025-09-30:4_left | 2026-01-22:6_right,Edgbaston,ENG,2023,965.8301443537348
Steak and ale pie,"With mash, mushy peas and gravy",5.0,69.8,85e25bd908398c912f3caa3d1f071724,2025-05-28:9_right | 2025-07-25:0_left | 2026-03-14:3_left,Lewes F.C.,ENG,2022,904.4748551340664
Burritos,,6.2,87.5,85ee0f15e78bf1e4cbc06883f050e21c,2025-04-30:3_right | 2025-05-02:4_left | 2025-06-03:2_right | 2025-09-04:5_left | 2026-02-22:5_right,San Diego Loyal SC,USA,2022,1088.0410013214296
Chicken curry and chips,,4.5,74.13666666666666,86211c01371f54d74bf1298135aec185,2025-10-03:0_left | 2025-11-05:3_left | 2025-12-24:4_left,Staveley Miners Welfare Football Club,ENG,2025,1089.0688154216868
Beef tongue stew,,4.9,56.5,86231eacfd537f649650d7e16ad34dd7,2025-04-21:6_left | 2025-06-01:0_left | 2025-07-28:6_right,Kashima Antlers,JPN,2022,918.3543952236053
Chicken tinga tacos,,13.6,61.01666666666667,862652db6d8cbc1347d49defa3d43ddd,2025-10-08:3_right | 2025-10-18:2_right | 2025-12-29:4_right,Seattle Sounders FC,USA,2023,1051.0766967699635
Jerk chicken salad,,7.5,49.29999999999999,86328d163ddeab380ca03cb6a9d3ae43,2025-07-18:7_left | 2025-08-02:5_left | 2025-08-31:5_left | 2025-09-21:8_left | 2026-01-09:3_right | 2026-02-14:5_left,Wycombe Wanderers F.C.,ENG,2022,1118.5990649063783
Chicken tikka masala,,9.0,50.0,867cfe7942bffbb3a361667ea24faa68,2025-07-07:8_left | 2026-02-09:9_left,Tottenham Hotspur F.C.,ENG,2022,1073.5624437224644
Hot dog,,7.0,16.555555555555557,8688fa857c4ef6772fe3220559931d09,2025-06-14:9_right | 2025-07-13:5_left | 2025-08-20:2_right | 2025-08-25:3_left | 2025-09-05:8_left | 2025-09-20:8_right | 2026-02-19:5_left | 2026-03-14:2_left | 2026-03-17:9_right,Aviva Stadium,IRL,2023,766.4125322245584
Double smash burger,With fries and a can of your choice,10.0,78.47,868d78aa2ea0558dcf26f4d5e7c0e492,2026-01-13:8_left,Chadderton F.C.,ENG,2025,1193.0643721716704
"Sausage, gherkin and a roll",,2.6,69.4,869487572785c0f0b821ddd569cb04dd,2025-07-14:8_right | 2025-11-19:9_left | 2026-03-11:8_right,Ruch Chorzów,POL,2022,980.3314225629404
Fried chicken,,8.5,28.55333333333333,8698836a09711ea2234cea7ae6dd0f8d,2025-10-21:4_left | 2026-01-25:8_left | 2026-04-09:9_right,Manchester United F.C.,ENG,2024,842.001792529968
Bratwurst,,3.0,81.9,86ae27da25b9cc4e43843117c3d05929,2025-08-04:4_right,1. FC Köln,GER,2022,962.2968626653446
Sausage,,2.3,77.3,86afbc0566c21f6270c66795f1927be7,2025-05-17:0_left | 2025-05-25:8_left | 2025-06-25:4_left | 2025-09-17:1_right | 2026-01-11:0_left | 2026-03-08:7_left,Polonia Bytom,POL,2024,1022.7236712094092
Loaded chilli nachos,,3.5,76.9,86f5522aa27e85d707dde5e6bb387a09,2025-05-09:4_left | 2025-06-14:2_right | 2025-09-04:6_left,Scunthorpe United,ENG,2022,1025.6746371360384
Chicken curry and chips,,5.5,48.54,87061ca34bc43ecf630fb420c93bddc1,2026-01-05:0_left,Hartlepool United F.C.,ENG,2025,981.6309609249182
Warm toffee apple crumble,,5.85,92.9,8710e93385e61dbe872e9debfd9f8053,2025-11-21:1_left | 2026-02-08:9_right,Hull City A.F.C.,ENG,2023,1048.9442421621457
Loaded fries,,5.0,91.8,872060a1cc0b69c6ac151be166006e60,2025-07-31:4_right,Chester F.C.,ENG,2022,1198.766882072098
Döner Kebab,With a drink,7.8,72.328,872994df2f4bd9683d4d9c4db3d9eb8b,2025-10-11:7_right | 2025-11-08:9_left | 2025-11-24:0_left | 2026-04-04:0_right | 2026-04-15:0_right,Borussia Dortmund,GER,2024,1091.6361729332118
Loaded chips,,5.0,86.9,8738b5f114578046d3ef623c6dc79726,2025-09-18:7_left,Swindon Town F.C.,ENG,2022,1147.449185847158
Lumpia,Spring roll and risol,0.22,78.2,873f3db9467596ac5632d9a00e697642,2025-06-24:9_right | 2025-09-01:2_right,Persik Kediri,IDN,2023,864.8118997668283
Cheese and chorizo turnover,,4.2,79.2,874addf479095976234a86b9352943c8,2025-05-19:5_right | 2025-05-20:9_right | 2026-01-21:2_right,Vitoria SC,POR,2023,932.175244792718
A pint of Stella,In a Budweiser cup,11.0,41.428,874ec1f495bc90d42cd06f6e5a0df8e5,2025-10-10:5_right | 2025-10-28:1_right | 2025-11-20:5_right | 2025-12-21:1_right | 2026-01-23:3_left,Toronto FC,CAN,2023,912.9358628511336
Double bacon cheeseburger,With chips,10.0,53.52,874f9ef3e6f5d0a01c2838469082d706,2026-05-28:5_right,Wolverhampton Wanderers F.C.,ENG,2022,1095.2306476531069
Coconut shrimp on truffle oil fries,,10.3,79.2,8778094e060ca9b821ead5b389d8b4a4,2026-03-21:6_left,Atlanta United FC,USA,2023,1049.858700925398
Hotdog,,,59.48,87a1cff014866eec8cc5a2cd669ab1a2,2026-02-23:0_left,Wycombe Wanderers F.C.,ENG,2024,1024.7634225090624
Currywurst,With a bread roll,3.2,90.5,87bb848b2f9cbc22997593de58471595,2025-05-07:7_left | 2025-05-18:8_left | 2025-06-09:8_left | 2025-07-17:0_right | 2025-09-20:4_right,Borussia Dortmund,GER,2023,1071.1974661530871
Polish sausage and chips,,5.0,82.3,87bbcd6747bdad78b51321e0db140c6b,2025-05-08:2_right | 2025-06-09:7_right | 2026-02-21:2_left,AFC Wimbledon,ENG,2022,1016.6074795767394
Double beef and bacon burger,,9.3,62.4,87bd9a68939709b3a0ece1073864073e,2025-11-04:5_right,Croydon City SC,AUS,2024,1096.589914814993
Strawberry bubble waffle,,4.3,82.9,87cb0f2252f9df8b78ee304946b5f3fb,2025-06-17:6_left | 2025-09-12:6_left | 2026-02-13:8_left | 2026-02-22:7_right | 2026-04-13:4_left,YSCC Yokohama,JPN,2022,1143.207381481935
Glass noodles,With sweet chili sauce and avocado,2.1,39.0,87d2450ba189c1b54966c87f5b7f0a5b,2025-08-01:4_left,Universität Leipzig,GER,2022,993.8461538461538
Butter pie and chips,With peas and gravy,6.0,40.17,87d3606b788aa0ce37984d855d56ee25,2026-04-26:4_left,Bamber Bridge F.C.,ENG,2024,949.5235521507592
Meat pie,With a can of Harp,20.7,24.88,87d3a54468e64f0d705381b945c3089f,2026-05-07:0_left,Orlando City SC,USA,2026,841.9663886202253
Currywurst mit pomme frites,,3.0,89.6,87e3d711fa74e5d212252014a8ad0240,2025-05-15:2_left | 2025-07-08:9_right,1. FC Union Berlin,GER,2022,1080.214050856258
Popcorn chicken and chips,,10.3,87.8,87e5b25346574aff4faf2860d43bdd13,2025-10-05:5_left,Womens World Cup 2023,AUS,2023,1109.5139939024527
Two pork belly sandwiches,With 4 egg rolls and chips,42.5,32.8,87e623ca1e25299e81a2eaa2eeb37808,2025-07-04:3_left | 2025-07-29:2_left | 2025-11-23:5_left | 2025-12-10:7_left | 2026-04-13:2_right | 2026-04-14:8_right,Houston Dynamo FC,USA,2024,967.8131949877828
Curry and chips,,3.5,47.84,8804098f743661ba24a773b747240db6,2026-05-11:1_right,Salford City F.C.,ENG,2022,957.1775879775962
Cheese pizza,@pizzahut,10.0,61.7,881e88a1bfac2171931d47878cf2ce41,2026-01-24:6_right,Seattle Sounders FC,USA,2022,1021.0236817033332
Burger and chips,,11.0,64.23,882c8c55d842d329ed284eb475e790e5,2025-12-20:7_left,The Emirates Stadium,ENG,2022,1006.3668011942236
Chicken skewers,"On salad, wrapped in naan and sweet chili sauce",6.0,81.05,8845cf95f8f9dd9ce0ac8579a929bcb1,2026-03-11:7_right,Barnsley F.C.,ENG,2025,1159.857174803822
Chicken big mack and chips,,10.0,94.7,88569cabdd6747f1274dfcf6e20e9b84,2025-06-04:1_right | 2025-09-22:0_left | 2025-11-16:2_left | 2026-01-01:5_left,St Albans City F.C.,ENG,2023,1118.8739367480848
Pies,"Scotch pie, macaroni pie, doner pie (price for one)",2.2,47.72,8868a356a54d7a486202327c9f651e90,2025-12-20:0_left,Hearts F.C.,SCO,2022,932.6574324398272
Pie and peas,,3.0,13.695,888548473062866591b26b84d5461906,2025-12-17:7_right | 2026-02-26:6_right,Curzon Ashton F.C.,ENG,2025,799.7278152657739
The chippy tea butty,"fishcake on a bed of chips, topped with mushy peas and tartar sauce",8.0,63.59,888c2020076dbad0b939fdf796673a7f,2025-12-31:5_right,Doncaster Rovers F.C.,ENG,2024,1092.5658038096574
Goat curry loaded fries,,12.0,77.34,88b14665d568daa774859b91995b0ec4,2025-11-15:4_left,Truro Vs Dorking,ENG,2024,1096.7399665603284
Cheese and gravy fries,,13.4,47.38,88c1c517dfd907f8e3806bcd7f72a83f,2026-05-11:5_right,Madison Square Gardens,USA,2025,985.80294672839
Hot dog,,4.8,21.4,88c75b1fe7c79c75a612b45181feeede,2025-05-08:2_left | 2025-05-14:7_right | 2025-06-10:0_left | 2025-06-17:5_right | 2025-07-10:8_right | 2025-09-05:3_left | 2025-09-23:8_right | 2025-10-15:1_right | 2025-11-10:5_left | 2026-01-19:8_right | 2026-02-02:6_left | 2026-04-13:0_right | 2026-04-16:6_left,Manchester United F.C.,ENG,2022,665.0943129811753
Curry goat,,7.5,62.20000000000001,88d5d577b84859a79aa8356de3f6780a,2025-04-23:2_left | 2025-06-18:1_left | 2025-09-08:0_right,Bristol City F.C.,ENG,2022,948.0364779861054
Baked beans,In chocolate flavour sauce,,10.11,890df40f2ddfa3f0fbe63c072139d024,2026-02-20:9_right,ASDA,UK,1998,974.4724445460782
Mixed worms and insects,,2.1,29.2,895453e2ec9cf98ae29e4cb34c3a2df9,2025-04-23:0_right | 2025-05-23:9_right | 2025-05-24:3_right | 2025-08-08:5_left | 2025-10-25:8_right,BG Pathum United F.C.,THA,2024,685.7271950748749
Hot dog,,4.0,19.4,89794e603c8bc04a04aa7b1879f3c494,2025-07-13:8_right | 2025-07-15:2_right | 2025-07-27:0_right | 2025-08-04:6_right | 2025-09-05:3_right | 2025-09-10:1_left | 2025-09-17:7_left | 2026-02-02:5_right | 2026-05-16:0_right,Bradford City AFC,ENG,2022,722.6007486663797
Honey chilli chicken and chips,With curry sauce,7.5,94.8,897aba98422d5307c570efa6aa0f55b8,2025-06-03:5_left | 2025-09-13:8_left,Hartlepool United F.C.,ENG,2024,1180.5979278062402
Pizza,,10.4,10.946,898fd8fa41a4486f42e66fa72a14ef3f,2025-10-24:2_right | 2025-10-29:3_left | 2025-11-07:0_left | 2025-11-17:7_right | 2026-05-07:4_right,PayPal Park,USA,2024,685.3444156723493
Veggie dog,With a Molson Canadian,16.6,18.485,89987a07c63a6e29b25d1c8418cb18bb,2026-03-10:4_left | 2026-03-20:5_right,"Canada 60 Cricket, Vancouver",CAN,2025,831.0287857548947
"Pie, chips and gravy",,4.6,89.0,89998e2a58a9ffcea10361c4a3cc5606,2025-05-17:6_right | 2025-05-24:5_left | 2025-09-22:9_right,Curzon Ashton F.C.,ENG,2024,914.7514410805431
Chili dog,With a beer,12.5,50.11,89a6b1c4c2afba462076c8ba6a537ab5,2026-04-03:6_right,Vancouver Whitecaps,CAN,2022,1014.212252427083
New York loaded fries,"With pastrami, mustard, crispy onions, pickles",10.0,83.215,89aa7b289345cf645fe63909bae4354c,2026-01-12:6_left | 2026-01-19:7_right,Barnsley F.C.,ENG,2025,1175.862763668569
Meat and potato pie,"With mash, peas and gravy",6.0,71.7,89c2240d14d11b063433e3e3b78270b0,2025-04-21:3_left | 2025-05-24:3_left | 2025-07-19:1_right | 2026-04-01:5_left,Stockport County F.C.,ENG,2022,803.2825472220859
Sausage,,3.5,80.8,89c26094e2e0eb1664d45418bf40a054,2025-07-29:0_right | 2025-08-13:7_right,KSV Hessen Kassel,GER,2022,836.9006524170966
Twente Ham,,4.3,65.33666666666666,89d38e96fe47a7a3859dfa6520b3d66f,2025-10-12:8_right | 2025-10-13:8_right | 2026-05-05:3_left,FC Twente,NED,2021,1071.1090864597206
Pastrami grilled cheese,With cheesy bacon fries,12.0,86.0,89dcf038421f6e82cbbcd80bb80191c8,2025-05-04:8_left | 2025-05-07:6_right | 2025-07-17:4_left | 2025-08-26:3_right,Manchester City F.C.,ENG,2023,1065.7385279336536
Belgian waffles,Topped with salted caramel and biscoff,6.5,75.82,89fbcee44275d441b86dee4eafdce9a2,2026-04-18:5_right | 2026-05-13:5_left,St Albans City F.C.,ENG,2024,1045.694935159714
Roast potatoes in gravy,,3.5,50.465,89ff263221ec956dda8b19da661df833,2025-10-12:4_right | 2025-10-21:5_right,Oxford City F.C.,ENG,2021,1050.975239596666
‘Come n Go’ Souvlaki,,8.0,93.0,8a3c79373dcdbc2caef70b9e3227da3b,2026-03-14:7_left,AFC Wimbledon,ENG,2024,1131.5411450994204
Cheese Burger,,4.2,9.4,8a462bb0d8403cdff2d8c1643d09016e,2025-04-22:9_right | 2025-08-15:6_right | 2025-08-20:0_right | 2026-01-28:4_right | 2026-03-05:1_right,Birmingham City F.C.,ENG,2022,794.0427568974247
Potato wedges,In a coffee cup,2.5,36.8,8a8fa700b582f6492f2cf7867985863e,2026-05-10:0_left | 2026-05-16:6_right,Tranmere Rovers F.C.,ENG,2021,929.511608800064
Burger,,,4.819999999999999,8a9a04cecafa2ab43928ac457d1185f8,2025-10-28:3_left | 2025-11-25:0_right | 2026-03-19:2_left,Unknown Location,MAS,2024,724.3744047325555
Hotdog,,2.9,33.91,8aa651c283d6f58668d8cd8542fb1081,2025-12-08:4_right,"B-67, Nuuk Stadium",GRL,2025,967.8358135742426
Red Leicester sausage roll,,4.0,81.0,8ac4b9fd0376169094b862d55fe2fc7d,2025-06-10:1_left | 2026-04-07:5_left,Leicester City F.C.,ENG,2022,984.9441566657172
10-inch sausage roll,,3.2,92.9,8ac8676a15b6ddfc883daf226ca28ba2,2025-04-29:1_right | 2025-05-02:6_left | 2025-06-27:5_left | 2025-07-17:6_right | 2026-02-26:9_left,Swindon Town F.C.,ENG,2023,970.6485729094616
Salt and peppered chicken chow mein noodles,,8.0,86.39,8adbf2dfd980e8e999a81ab9683d13c7,2025-12-22:0_right | 2026-01-21:9_left,Welling United,ENG,2025,1204.5141200816538
Chicken and chips,,7.25,63.876666666666665,8b2e718a2e2f23eb0f21ba32fdb468e6,2025-11-03:5_right | 2025-11-11:8_right | 2025-12-10:1_right,Marvel Stadium,AUS,2024,1057.2159987701198
Chocolate donut,,2.0,58.266000000000005,8b760828add7887fcd6c53585199acbd,2025-10-03:9_right | 2025-10-09:3_left | 2025-10-19:5_right | 2025-12-11:0_right | 2026-04-17:9_right,Atlante,MEX,2023,1043.0610001683638
Jalapeno fried chicken,,11.0,74.0,8b80ab917e9356a8386b6c19bf050b84,2025-06-03:6_right | 2025-09-27:7_right | 2026-01-28:2_left | 2026-04-04:6_left,Tottenham Hotspur F.C.,ENG,2022,1068.4407718413624
10 snails in white wine vinegar,With celery,4.3,24.2,8b81e5cbc5566efec5124c9d433316a0,2025-05-16:3_right | 2025-06-12:3_right | 2025-06-25:3_right | 2025-06-25:8_right | 2025-08-29:3_left | 2025-09-18:6_right,RWDM Brussels,BEL,2023,678.0373023802291
Indian box,,,58.43,8b8819717c5ec65304115d58b28e52c5,2026-01-15:3_right | 2026-04-05:4_right,Doncaster Rovers F.C.,ENG,2025,1038.2374592413985
Loaded fries,"Sour cream, pulled pirk, BBQ sauce",10.0,46.28,8b961e0b9ea907dce4417e8d99607646,2026-01-01:2_right | 2026-02-01:1_left,Wellington Phoenix FC,NZL,2024,1057.2528325045455
Sausage on a stick,,2.5,55.474999999999994,8b987638256408fc0da7543a71a7f759,2025-12-07:8_right | 2026-01-30:2_right,Workington A.F.C.,ENG,2025,1001.415929117128
Christmas Dinner in a cup,,5.5,19.62,8ba928e28ca9963b6c5d0b0b1bcd0e77,2026-01-14:4_left | 2026-05-27:0_left,Stockport County F.C.,ENG,2024,834.8284842225517
Burger with gherkins,,5.9,17.34,8bc41e6cfa6cd69950adc63e3e12f64b,2025-12-02:1_right | 2025-12-08:0_right,Brighton & Hove Albion F.C.,ENG,2024,805.2544579648849
Pulled pork and cheesy nachos,,,81.02,8bc7ee9c4386115967087d672787c272,2026-03-02:9_right,Grimsby Town F.C.,ENG,2021,1175.3741531769224
Chips,,3.0,47.878,8be9717973ea9e4f8e6dca9d6e70f3ed,2025-11-07:6_left | 2025-11-17:9_left | 2026-02-10:7_right | 2026-03-27:8_right | 2026-04-25:8_left,Witton Albion,ENG,2024,978.7720805214448
Salt and pepper loaded chips,,7.5,86.4,8c23d30b69a9f3efc78c3eb325c41039,2025-06-04:0_left | 2026-02-28:2_left,Notts County F.C.,ENG,2023,1064.316325556535
Steak pie,"With chips, mushy peas, gravy and chip spice",5.0,44.32,8c29a7e331cfa5ea96b77dd19f62b6bc,2026-04-18:3_right,North Ferriby F.C.,ENG,2022,959.8796443998476
Jerk chicken and chips,With a pint,,76.2,8c4847b1650a507621e351f42302a00c,2025-10-12:5_right,Tooting & Mitcham United F.C.,ENG,2021,1095.995789598833
Chicken and halloumi souvlaki,,9.0,86.3,8c5e3099862bb826305df837130e5674,2026-03-09:2_left,Dulwich Hamlet F.C.,ENG,2022,1079.9335428376603
2 tortillas and pork belly,With salad,3.75,68.49,8c6e65f36a6bad70def518c96937db34,2025-12-22:3_left,C.S.D. Municipal,GUA,2025,1149.6247775670736
"Jerk chicken, plantain and rice",,10.0,92.9,8c7d1959ba17b22d22d259a5928c60b9,2025-09-08:6_left | 2026-01-09:4_right,Tooting & Mitcham United F.C.,ENG,2023,1127.061032952408
Cheese and onion panini,,4.0,18.841666666666665,8c8aa13428ccd5df4ac2578e81c1614f,2025-04-30:7_right | 2025-06-22:3_left | 2025-08-08:2_right | 2025-08-11:8_left | 2025-10-06:4_right | 2026-05-20:1_left,Manchester United F.C.,ENG,2022,923.7889578001988
"Pork, chips and gravy",,7.0,78.0,8c9fd921ce3da6ef99747a5a53be646a,2026-03-25:3_right,Blyth Spartans F.C.,ENG,2024,982.5969257978796
Sausage and Red Leicester roll,,4.0,38.54,8cac5ce895f94b718cbb2c4291253c19,2026-05-13:1_right,Leicester City F.C.,ENG,2021,948.064206849974
Hot dog,"With cheese, jalapenos and crispy onions",4.95,83.8,8cdd6d094956eebec180946edc7388df,2025-09-06:8_right | 2025-10-05:9_left,New Mills F.C.,ENG,2022,1065.7866821798116
Lunch box,,6.0,84.4,8cfc43373a39e4d522211159224ff7e3,2025-04-21:7_left | 2025-04-25:9_right | 2025-05-09:6_left | 2025-05-12:6_left | 2025-05-26:5_right,Shonan Bellmare,JPN,2022,1193.3230604604323
Fool's Funnel,Clitocybe rivulosa,0.0,0.0,8d235ecad121282050e2762788964a64,2025-12-05:2_left,The Woods,ENG,2025,1020.224478888295
Breakfast wrap,"Sausages, bacon, egg, hash browns and cheese",6.0,58.06,8d2d35968e346c0d738afcf1f2db61f5,2026-05-26:3_left,Avro F.C.,ENG,2023,1051.5942371619558
Burger,,5.8,25.97,8d334fa17dc351567f2dab725cd77ccb,2025-11-07:3_right | 2025-12-09:9_right | 2026-03-30:6_right | 2026-05-02:0_right,Brighton & Hove Albion F.C.,USA,2024,841.6906794844505
Cheesy nachos,,4.7,9.71142857142857,8d4095144a8ae4608bfaa03813bb02a6,2025-06-13:3_left | 2025-06-24:0_right | 2025-07-16:9_left | 2025-08-21:9_left | 2025-09-26:9_left | 2026-02-21:3_right | 2026-05-20:4_right,Blackburn Rovers F.C.,ENG,2022,738.6181558925385
"Pie, mash, peas and gravy",,7.5,92.6,8d45beafb72ad6e9c0997af47afcd459,2025-05-11:2_left | 2025-09-14:7_left,Blackburn Rovers F.C.,ENG,2023,977.4705424865022
Nugget share box,18 nuggets,10.0,70.19666666666667,8d47b576475fd7180746d82d747b7373,2025-12-24:5_left | 2026-04-11:5_left | 2026-05-04:5_left,Fairford Town F.C.,ENG,2025,1095.6465678908137
Amazing onion sandwich,,,25.835,8d79850a4ddfea8dcf281258a2dd3647,2026-05-03:8_right | 2026-05-15:5_left,Ducla Prague,CZE,2026,744.266394426208
Sharing box,"2 burgers, 2 pies, chicken strips, cheese bites, mozzarella strips, 2 drinks and a program",20.0,60.18,8d8258a88f4a385b7512caab1fe078ba,2025-11-02:6_right,Brentford F.C.,ENG,2025,1078.2906087738716
Nashville hot chicken,With fries,13.0,61.41,8d897fe0d3c8145faef0edd4285d788b,2025-12-04:4_left,Nashville SC,USA,2022,1081.1889677512834
Chicken schnitzel,With a pint,5.7,87.7,8da9ad084c99e8adc70e0d0d5e939b26,2026-01-29:3_right | 2026-01-29:7_right,Rot-Weiss Essen,GER,2023,1098.888984013533
Cheeseburger,On a brioche bun,6.0,64.135,8dbc92c946febefbf011e68ec47de318,2026-02-23:2_right | 2026-04-16:4_left,Crystal Palace F.C.,ENG,2024,1072.685008485524
Chaat Masala Chips,,5.0,47.31,8dc2067b614e22c0bb2301c35d77a486,2026-05-09:3_right,Wealdstone F.C.,ENG,2021,981.5297388676393
Hot chicken sandwich,,7.0,90.0,8dd9074758308825b23bf1a820a7269e,2025-10-04:5_left,Columbus Crew,USA,2023,1115.4682595876125
Cheesy bacon fries,,10.2,71.6,8de01e0fa850655ac4dc19e12da79d63,2025-08-21:7_left | 2025-08-27:6_left | 2025-09-26:2_left,New York Red Bulls,USA,2023,1070.6890220621235
Bacon cheese fries,,5.5,29.899999999999995,8de6aded1915a008596edc8cde0038b4,2025-07-10:2_left | 2025-08-29:7_right | 2025-09-26:6_right,Cheltenham Town F.C.,ENG,2023,935.4095086622926
Double cheeseburger,In a hot dog roll,5.0,79.1,8dedc9a8e1ad1d1c654952208fdca37b,2025-08-06:0_left | 2025-08-23:5_right | 2025-09-10:8_left,Boreham Wood,ENG,2022,893.9636807279933
Steak and Stilton pie,With gravy and mushy peas,6.0,62.4,8e0076fb75dc46ee6d07b2119dd25de7,2025-04-26:5_right | 2025-05-02:2_left,Belper Town,ENG,2022,778.2176327724096
Chicken and chorizo tacos,"With cilantro, red onion and salsa verde",16.0,85.22666666666667,8e286f1780b0680622ec4f9c6c605109,2025-10-23:9_left | 2025-11-02:4_left | 2025-11-02:9_right,DC United,USA,2023,1166.9500672710071
White chicken chunks,Free for soldiers,0.0,14.87,8e53d10878736cbf5552947a0d7fe24a,2026-05-29:3_right,"Meal, Ready-to-Eat",USA,2026,977.5163398692812
Cheesy bacon chips,,5.0,68.6,8e6ae5ba5e0d071bbdf9759ae61e9264,2025-04-29:2_right | 2025-05-13:4_left | 2025-06-07:4_left | 2025-08-09:6_left | 2025-09-23:8_left | 2025-09-26:3_left | 2025-10-01:2_right,Folkestone Invicta F.C.,ENG,2023,967.173823150738
Hot roast pork in gravy,With chips,7.0,76.8,8e70970fa876598ecc7e3acde14687ed,2025-06-26:9_left | 2025-07-20:3_left | 2025-08-03:7_right | 2025-08-26:0_left | 2025-09-24:5_right,Stafford Rangers F.C.,ENG,2023,997.0400960733588
Sausage and vegan cheese sandwich,,,25.21,8e71e39c4752057e3fadaf79b8d2be2c,2026-03-13:3_right,Student Accommodation,ENG,2026,984.137082398942
Chimichurri steak and chips,,6.5,89.5,8e7c3117063cea4e45851958c68ec7bb,2025-07-07:9_right | 2025-08-04:5_left | 2025-12-11:5_left,Avro F.C.,ENG,2022,1155.9989406547445
Hunters chicken,,,64.36,8ea2f4448ea71a23aaac9db7bed2c8ec,2026-02-25:5_left,Hull City A.F.C.,ENG,2024,1124.7151760043787
Hot dog,,6.0,48.51,8f1257182fa0401e4443e5aa81ebc11b,2025-11-01:6_left,West Ham United F.C.,ENG,2022,937.7980302434764
"Chorizo roll, olives",With a Mahou beer,2.5,78.7,8f378fd7cf6361cc7d8a39a22626df93,2025-05-03:9_right | 2026-01-26:6_right | 2026-04-03:2_left,CP Almeria,ESP,2022,939.8335737486024
Cheeseburger with onions,With chips,10.5,46.33,8f76f7f69284c20396b586005a94f4e3,2026-05-06:2_right,Leeds United F.C.,ENG,2026,980.4561244156522
Pulled pork cheese fries,,5.0,79.3,8fa117773ad6b347dab6d9aca4b0d3b3,2025-05-06:4_left | 2025-06-07:1_right | 2025-09-11:2_right | 2025-09-26:0_right,Beverley Town F.C.,ENG,2022,1047.7523445664278
Bratwurst,With bread and mustard,1.75,32.66,8fa1ce4f3a799b2577246313f6877bd3,2026-02-10:3_left,SG Bremen-Ost,GER,2025,935.0502820440308
Sausage casserole buffet,With UNLIMITED beer,28.0,54.705,8fa3a551ac4279de9a11e6c1415168df,2025-12-13:9_left | 2026-03-18:3_left,Lech Poznan,POL,2023,988.3720529115278
Bacon cheese burger,,5.5,51.53,8faad92d5af97a37ee2b985ffc68a349,2026-05-11:8_left,Holmesdale F.C.,ENG,2024,1018.6851665107604
Chicken and chips,With a ketchup/mayo mixed sauce,3.3,93.0,8fb2d681f7ce969f249c7babdfd66691,2025-04-22:9_left | 2025-04-28:2_right | 2025-05-19:7_left | 2025-05-26:3_right | 2025-06-04:2_left | 2025-07-27:8_right | 2025-07-29:2_right | 2025-07-29:8_left | 2025-09-09:1_right | 2026-01-21:2_left,Ślask Wrocław,POL,2022,1115.5522554285608
Godzilla Dog,,13.5,75.83,8fd1211577d5c1149badcda7119e8585,2026-01-14:6_right,Seattle Mariners,USA,2025,1119.2448436316015
Honey mustard and onion pretzels,Free for soldiers,0.0,71.97,8fd2bdd9aef11977bd964a9d0cb385c0,2026-05-29:6_left,"Meal, Ready-to-Eat",USA,2026,1014.0561357037338
Greek pita wrap,,7.3,71.63333333333333,8fe78489f066fe20285ceca95a48a11a,2026-03-15:0_left | 2026-03-26:8_right | 2026-05-02:7_right,Union Saint-Gilloise,BEL,2025,1139.0839616415442
Sausage baguette,,4.5,57.44,8ffa59bcb8182a138822936184a1125c,2025-11-08:5_right,FC Clacton,ENG,2024,982.7903977029024
Cheesy chips,,4.0,33.602,90075082af9d80ad8c725776a1e5394b,2025-11-05:6_left | 2025-11-11:6_left | 2025-11-11:9_left | 2025-11-13:0_left | 2026-05-20:6_left,Sholing FC,ENG,2023,870.4999527960251
Pretzel,,3.7,61.4,900c7e9e449b7e12d070e5738bc87700,2025-05-08:0_right | 2025-08-28:9_left,FC Bayern Munich,GER,2022,898.7159061791853
Cheesy chips,,,14.88,901d4cb149162b806b2900bbc395826e,2026-05-06:5_left,Wembley,ENG,2024,818.3759724715874
Giant Yorkshire pudding,"With chicken, vegetables and gravy",5.0,82.72,90253da5ef632d7f0a960cd0d1fd70d1,2025-10-09:0_left | 2025-10-28:4_right | 2026-02-17:5_right,Manchester City W.F.C.,ENG,2022,1129.367399197597
Hot beef,With chips,,41.94,902ed6fedaf6e505306719a98b2687e9,2026-05-02:8_right,Hartlepool United F.C.,ENG,2024,969.6891304403882
Piggin fries,,6.0,82.6,9038e9400b98c91ee9a13ea10560b27b,2025-08-20:4_left,Bristol Rovers F.C.,ENG,2022,1020.728831076458
Hotdog,,4.8,26.645,90806d9d9070e767276364b2bd750c51,2026-01-27:0_right | 2026-05-13:7_left,Crystal Palace F.C.,ENG,2025,895.231751840492
Special steak pie cheeseburger,With a pint,8.5,58.3,909c923e603991b14a9e3921d3ddb977,2025-05-05:5_right | 2025-07-28:3_left | 2025-09-21:4_left | 2025-09-24:9_left | 2025-12-28:8_right | 2026-02-18:6_right | 2026-04-02:7_right,Highworth Town FC,ENG,2025,838.028489292253
Breakfast bap,"2 sausage, 2 bacon and an egg with 2 hash browns",5.5,91.7,90be194babd0c772559c5603a07b3498,2025-07-01:0_left | 2025-09-10:1_right,Newmarket Town F.C.,ENG,2025,1172.3046743948523
Steak pie,"With mash, peas and gravy, topped with crispy onions",7.0,77.4,90c5d32f0cc56add7260ce3ffe633745,2025-08-23:2_right,Wigan Athletic F.C.,ENG,2023,886.6540902183843
Hotdog,,4.85,25.36,90d02ae378924336b21258e3f72c5da9,2026-03-09:3_right,"Paycor Stadium, OH",USA,2025,860.3103721474325
Cheeseburger and fries,Condiments and toppings free,9.6,38.8,90d5a404c56f83114fe36316b967cabb,2026-04-29:6_left | 2026-05-14:0_right,"Skagit Speedway, WA",USA,2026,917.400487638276
Roast duck yorkshire puddings,,6.0,86.90000000000002,911a2fd38e68dcf76964153e8aefabe2,2025-05-24:7_left | 2025-07-09:4_right | 2025-07-28:0_right,AFC Wimbledon,ENG,2022,937.5146586531382
Pig skin in salsa,,2.0,45.0,9157f776960a9332e67c9261cc63c52c,2025-05-31:1_right | 2025-06-14:7_left | 2025-06-17:2_right | 2025-06-20:7_right | 2025-06-25:2_right | 2025-08-09:3_right | 2025-09-10:7_left | 2025-09-23:7_right | 2025-12-20:6_right,Pumas UNAM,MEX,2025,769.5640819008128
Hawk burger,"3 patties, 4 bacon and cheese",6.0,94.1,917b0fe690e691f0c91d172ffcb6b88a,2025-06-22:9_right,Havant & Waterlooville Women,ENG,2022,1000.0
Pepperoni pizza,,7.0,67.99000000000001,91b7ac1687893b83e9f68e07447b6087,2025-10-16:3_left | 2026-03-08:9_right,Leeds United F.C.,ENG,2022,1097.408957871769
Sausage roll,,,27.85,91f35d4bff8e9c417df3dd8f738987f7,2026-04-21:4_right,Tottenham Hotspur F.C.,ENG,2025,726.3557905273796
Spicy chicken wings,With chips and curry sauce,,49.91,91f6b4005e3d46321e0c2b1d2f25ff5b,2026-02-25:2_left,Bamber Bridge F.C.,ENG,2025,983.6216895274474
Loaded fries,,7.2,76.53,92057d5d3a25e2ed5bbd55fd343159be,2025-12-17:4_left | 2026-02-10:9_left,Manningham United,AUS,2024,1126.6229640896154
Tropeiro,"Beans, rice, kale, fried egg and pork",3.0,58.5,921c8f8df47780018fa3ae2b068933b0,2025-07-17:5_left | 2025-08-07:3_left | 2025-09-14:2_left | 2025-10-04:7_right,Cruzeiro Esporte Clube,BRA,2022,898.427403142667
"Pie, chips, peas and gravy",With a pint,10.0,84.9,9229e16057d1a63a3b8a3de80f7b79b3,2025-05-29:8_right | 2025-09-09:9_right | 2025-09-11:0_left | 2026-04-03:1_right,Ossett United,ENG,2024,916.1020625253376
Hot dog and potato leek pie,,11.9,39.9,923d6896b9ac5106d124dfc7ea9ca328,2025-12-01:7_left,Leicester City F.C.,ENG,2025,976.6344645971004
Hog roast,With crackling,6.0,46.155,924886da521d0c444556d56f839c6f6f,2025-10-09:2_right | 2025-10-16:7_right,Norwich City F.C.,ENG,2021,973.0147160736856
Pie and peas,,2.5,26.35,92b5bfd9585546e8c2d39aac81785f22,2025-11-15:9_left,Glossop North End,ENG,2023,872.7387115898761
Steak and kidney pie,"With mash, peas, gravy, and a drink",10.0,52.949999999999996,92c92e67a18d2bc1b648b479a974f617,2026-03-04:8_right | 2026-03-17:2_left | 2026-04-18:4_right,Bohemians,IRL,2023,838.4514085971326
Deathcap,Amanita phalloides,0.0,0.0,931085dee0e70c9b374fcc95a6f901dd,2025-12-05:5_right,The Woods,ENG,2025,996.5235370131068
Sausage with red wine sauce,And parsley potatoes,5.0,30.795,9315d7f09833f6641a3b119b8b8e803c,2026-05-12:6_left | 2026-05-26:2_left,Olympique Lyonnais,FRA,2022,905.3695619755186
"Pie, chips, peas and gravy",With a pint of Madri,7.9,80.7,93410949d1ac82c0b059a3fdd2434922,2025-06-03:0_right | 2025-06-25:9_right,Congleton Town F.C.,ENG,2022,885.7563860113801
Tropeiro,"Pork, crackling, fried egg and rice",2.4,82.7,93873008849b2f92980d59b3fe934475,2025-05-29:4_left | 2025-08-22:8_right | 2025-09-08:5_right,Clube Atlético Mineiro,BRA,2022,1067.6620092967178
Hotdog,,,42.63,93a2feeb92de48b5d6c20d6f5c523b37,2026-05-07:1_left,Aston Villa F.C.,ENG,2026,837.8491881125834
"Sausage, bread and pickle",,3.8,32.6175,93b1816f8f4f275118064df00af8ab5e,2025-09-25:9_right | 2026-01-27:3_right | 2026-02-10:5_right | 2026-05-28:4_right,Ruch Chorzów,POL,2025,950.2774300952155
"Chicken, chips and curry sauce",,6.05,60.2,93d9cc810f0f8d811f79347b740bb54a,2026-03-17:3_right,Shelbourne Womens FC,IRL,2025,1039.55058965817
Salt and chili chips,"""unreal""",,78.18,93db9d9438e7e340a908bfe135341143,2026-01-05:4_right,Windscale AFC,ENG,2024,1154.4131988147662
Mango with tajin and chamoy,,5.9,51.46666666666666,94049269f9b82ca2217d715a49c4d95e,2025-12-20:5_left | 2026-01-30:1_left | 2026-04-09:8_left,Union Yards,USA,2024,983.0152800434532
Two lamb yiros,With chips,6.15,89.06,94080694e211779dbb9fa5f91a44459e,2026-01-02:5_right | 2026-02-12:5_right,Playford Patriots,AUS,2024,1249.5245118785606
Rotisserie chicken and chips,With hot sauce,12.5,71.95,9415ec47f556f24fb5463312518b0d70,2025-11-05:9_left,Chelsea F.C.,ENG,2022,1117.8912657620076
Pizza,,2.8,42.59,9423634a9a02254244b102070a6b0c64,2026-05-19:5_left,Atlas FC,MEX,2022,959.8278295494576
Salt and pepper crispy chicken loaded fries,"""American style"" (?)",6.5,64.27000000000001,9435e7b634171b0f18dabeda00ac1894,2025-11-01:4_left | 2026-03-03:0_right,Coventry Blaze,ENG,2024,1083.6165692026473
Fish and chips,With a pint,11.6,83.9,945f7b74042ce7009650cdccee28153e,2025-04-24:5_right | 2025-06-15:6_right | 2025-07-31:7_right | 2025-08-11:2_right | 2026-02-07:4_right | 2026-04-10:3_right,Melbourne City FC,AUS,2022,1043.7296149684817
Steak n Ale pie,,4.3,70.3,9463a21573762eeaa9795cd509003227,2025-06-24:1_right | 2026-04-16:9_left,Coventry City F.C.,ENG,2022,892.7927944508797
Sausage and bread,,3.3,58.2,947086b5b9c4da6e375ced410863d06c,2025-07-31:0_right | 2025-08-13:8_left | 2026-01-01:5_right | 2026-03-02:6_left,SK Slavia Prague,CZE,2023,911.0430004945688
Bratwurst,,3.2,84.1,94808f845fa962f48cc9467907045f62,2026-04-08:3_right,1. FC Köln,GER,2022,978.0631070416964
Grilled honey chicken chilli thigh,With skin-on fries,5.0,89.2,94a032e2d5a789b5e36ed5f7708c95de,2025-12-31:9_left,Felixstowe & Walton United,ENG,2023,1124.6931031983163
Nutella crepe,,4.0,69.5,94a35610b5fb1f2133f8b9168e0a976d,2026-02-01:4_right | 2026-03-25:1_left,University College Dublin AFC,IRL,2022,917.181136190353
I hate pickles!,,,13.0,94c4e736ae0e69f291d4418c8f9739f0,2026-05-01:0_right,YouGov polling data,ENG,2026,986.2217581958656
"Pie, mash, peas and gravy",,9.0,69.1,94cb74828cb5a199dd17c4f9c94c91c3,2025-07-25:2_right | 2025-07-29:9_left | 2026-04-12:0_right,AFC Wimbledon,ENG,2022,908.6868636074028
Loaded fries,"With beef brisket, pickles, cheese and chipotle mayo",5.35,31.45,951831e06a510b702e6ae5fe840e045c,2026-04-20:9_left,Unknown Location,NZL,2026,927.8214752876152
Carne asada fries,In a souvenir bowl,15.0,57.815,952160a65b1b1f0f0d6ad476106fd24c,2025-10-15:5_right | 2026-01-26:8_left,Los Angeles F.C.,USA,2023,1096.598977449907
Hog roast bowl,"Waffle fries, roast pork, crackling, gravy, stuffing and whole grain mustard sauce",7.95,93.3,9522a6e74d590f55aeb9a3111afacd9b,2025-08-11:7_right | 2025-09-25:6_right,Hull City A.F.C.,ENG,2023,1153.015792987311
The Captain's Momma,Content of beverage unknown,6.8,43.45,959f473854b7d0cbd0eb1c700be18ae3,2026-05-03:4_right,Los Angeles F.C.,USA,2024,974.4037748955012
Pizza donut,,2.6,60.5,95b98f42c167c0944bc339b322aee91c,2025-07-27:1_left | 2025-09-13:8_right | 2025-09-18:8_right | 2025-09-23:6_left | 2025-10-06:0_left | 2026-03-29:0_left | 2026-04-17:7_right,Werder Bremen,GER,2023,913.6962026159644
Half a tiger loaf,"Filled with pork, stuffing and gravy",10.0,66.39,95c775bd39fff0f5ecbc7f2528ebedde,2025-12-27:1_right,Birmingham City F.C.,ENG,2024,1049.9544868857265
Sausage in lompe,,3.5,47.3,95d1ecb8ab46d2b017bfe1302f744694,2025-07-18:6_right | 2025-08-15:9_left | 2025-12-21:3_left | 2026-01-22:5_right | 2026-04-15:3_left,Skeid,NOR,2023,780.0640699030535
Hot Wiener,With an IPA,16.0,35.21,95e9eaa2d03b85c89bdde5c44292ab86,2026-05-03:0_left,Rhode Island FC,USA,2026,915.207172612706
Fried banana,,1.0,33.965,95ed29cb767078d6751759b8247c7f55,2025-12-30:1_right | 2026-04-29:3_left,Manaus Futebol Clube,BRA,2022,883.4057548500895
Botervlaai,Sugar crumble pastry (free),0.0,87.5,9616e76507a0608e2d5202519f40aaa1,2025-08-12:4_left | 2025-09-14:9_right | 2025-11-21:3_right | 2026-02-27:1_left,VVV-Venlo,NED,2023,1069.1070529341423
Chip butty on saturday,,,21.19,9631b58cb5c9c59063ed05810865deec,2026-04-30:5_left,Sutton Coldfield,ENG,2025,863.2383865330534
Sri Lankan chicken curry,With chickpeas and naan,11.9,35.92,9632abf95c0e962f31a37109182df8ad,2026-05-05:2_left,Orlando Pride,USA,2025,931.7472809619496
"Yard-long ""boomstick"" chili cheese hot dog",,32.0,57.995000000000005,965c125ba3c158a123c597e3cd36dbc1,2025-10-16:6_left | 2025-11-13:2_right,MLB London Series,ENG,2025,1003.344928590304
Monster breakfast baguette,,5.9,62.04,9694cbb2bbabd4353a0ddfe867233bac,2026-05-13:1_left,Wycombe Wanderers F.C.,ENG,2022,1049.079492246621
pie,,3.3,24.55666666666667,96973acacbc2187b9823e63540749f9c,2025-10-10:2_left | 2025-10-15:6_right | 2025-11-04:5_left | 2025-11-11:9_right | 2026-02-02:0_left | 2026-04-26:8_left,Livingston F.C.,SCO,2024,809.0792471937782
All Steak Pie,,3.0,32.87,96a8e2c480c4a627a14b42a4d00e09b1,2025-10-20:7_right | 2026-05-04:9_right,Cray Valley,ENG,2024,923.1336459065672
Grilled sausage,With a bun and gherkin,3.8,80.9,96ea09de48fece6c99116f62a3f0766c,2025-05-15:0_left | 2025-07-22:4_left,Polonia Warszawa,POL,2023,992.7920290214385
Lamb doner kebab,,8.5,87.9,96f5c0610917f36ceaf1ba8dd0536d8a,2025-12-12:4_right,West Ham United F.C.,ENG,2023,1113.3035117914076
Pie and peas,With brown sauce,3.5,20.5975,9710aeb122e52549e1650276662ee397,2025-10-02:5_left | 2025-10-27:8_right | 2025-12-03:6_left | 2025-12-31:3_left | 2026-02-24:4_right | 2026-03-23:8_right | 2026-04-18:6_left | 2026-05-10:7_right,Farsley Celtic F.C.,ENG,2022,829.1997668990441
Paella and a beer,,4.4,90.2,97290577a10824a2f805f529766f71cb,2025-08-14:9_right | 2025-09-02:2_right,Mar Menor FC,ESP,2023,961.5783975978078
Katsu chicken curry,,5.5,91.2,972c80a83ed064937093e776361e83b6,2025-04-20:2_left | 2025-06-01:7_right | 2025-09-07:4_right | 2025-09-12:3_right | 2026-02-09:9_right,Super Cup Final,JPN,2023,1135.5719043014972
Chicken and chips,,8.5,70.4,973a1db87fdcaade94a6adf8573f047b,2025-05-02:4_right | 2025-09-04:5_right | 2025-12-04:5_left,Wembley Stadium,ENG,2022,1053.833023079383
Burger with gherkins,,5.8,11.6,975fe98d21f90b8382514151ed130da3,2025-06-07:3_left | 2025-07-07:1_right | 2025-08-18:6_right | 2026-03-09:7_right,Brighton & Hove Albion F.C.,ENG,2023,758.0988954411359
Crispy pork belly,,1.5,93.2,9766f6231f408cb266498d38ade8ab19,2025-04-20:7_left | 2025-05-13:4_right | 2025-07-02:4_right | 2025-08-21:8_left,Police Tero FC,THA,2025,1088.0487846631397
Chicken and chips,,6.5,90.8,97780b0b11728aba085bd21aa01b5f28,2025-05-19:4_left | 2025-07-13:0_right | 2025-08-02:1_left,Manchester City F.C.,ENG,2022,1093.2237765993311
Honey BBQ chicken strips,With chips,8.5,85.8,979e7f9a43984e9d9c43a90d53bd33c6,2025-04-23:4_right | 2025-08-14:8_right,Birmingham City F.C.,ENG,2023,1179.7006901210473
Beef hot dog in jalapeño bread,With all the toppings,,80.86,97a8e0a4a5bdbbe909b8564f3d67fd1a,2025-12-24:3_left | 2026-01-05:7_left,Brighton & Hove Albion F.C.,ENG,2025,1212.4198243079077
Yorkshire pudding wrap,With beef and gravy,6.0,35.79,97b9c714ccafa9b1940141c89171cbf2,2025-11-30:3_right,West Bromwich Albion F.C.,ENG,2025,932.6322557863128
Homemade chocolate cake,,1.0,80.9,97d5eea5d1646fe967c77ef85df12482,2025-11-21:5_left | 2026-01-21:0_left,B36 FC Torshavn,FRO,2022,1027.2137249562468
Hot dog,With two drinks,40.2,37.7225,97fee4d2d81c352758c123c4e0b4c2f6,2025-11-05:5_left | 2025-11-13:4_left | 2025-12-02:2_left | 2026-04-08:5_left,Nashville SC,USA,2024,938.3856401205204
Sausage on a stick,,3.0,58.0,9801b99f63ab0ff77b86f03079c64a49,2026-02-13:6_right,YSCC Yokohama,JPN,2024,891.837634095213
Hot dog,With onion,4.3,25.223333333333333,982542b41b086f94ec6b8307b97789b3,2025-10-16:4_left | 2025-10-24:3_left | 2025-11-01:0_right,Granada CF,ESP,2024,975.8539137541368
Vegan hot dog,"With vegan loaded fries, price for all",13.0,36.715,983e07d0cb28766b93b2faf2d5a785c1,2025-10-30:0_left | 2026-03-20:7_left,Folkestone Invicta F.C.,ENG,2023,971.1853729842228
Korean BBQ chicken waffle cone,,6.0,70.07,983f3db81627583576c4b517b844cacb,2025-10-07:0_right | 2025-10-16:2_right | 2025-10-29:1_left | 2025-12-18:2_right,Preston North End F.C.,ENG,2024,1084.7319430280843
Steak and chips,by De Boeuf,10.0,94.2,9869a9c96220d408472769fdf14a0913,2026-01-14:5_right,Birmingham City F.C.,ENG,2025,1190.4347856315717
Pulled pork and ham,"In bread, with onions, tomatoes, lettuce",2.0,44.13,98800bb4efc961f56cf87fca413c7d10,2026-03-08:1_left,Sport Club Corinthians Paulista,BRA,2022,982.8318868018072
Asada over fries with cheese,,7.5,83.7,98891013f69bcf2c447de39d9645c441,2025-07-10:9_right,FC Wichita,USA,2022,1077.7243837258486
Slider dog,"Hot dog, mac n cheese, crispy onions, froot loops",8.35,15.086666666666668,989e620f57211c45707fa623f95546bb,2025-10-17:9_right | 2026-03-27:9_right | 2026-04-26:9_right,Cleveland Guardians,USA,2024,802.1055848784367
Curry cheese chips,,6.0,49.71,98b2203ad417af97dbadaaab677323e6,2025-05-27:8_left | 2025-07-08:1_left | 2025-09-07:5_left | 2025-09-26:5_left | 2026-03-17:4_left,St Patricks Athletic,IRL,2022,888.2020956443122
Meat and potato pie,With chips and gravy,4.0,35.20333333333333,98c6e2fe4f4b85c0bdd999a3dd26d587,2025-10-13:0_right | 2025-10-26:3_left | 2025-12-14:6_left,Curzon Ashton F.C.,ENG,2022,966.4444244027296
Butter Chicken Naan Bread,,,77.77,98e670f03aa7c71cf1cb5216c0462dac,2026-03-23:5_right,Leicester City F.C.,ENG,2024,1168.2889071635002
Half pizza,,7.55,41.86,990ee8a11bf70a929915cff651797b50,2026-04-14:0_right,Arsenal W.F.C.,ENG,2023,968.5988611736792
Half smoke,Hot dog with chili and onions,7.0,71.45,9911782432cc4946ee1c77c5d56bf45b,2025-12-27:2_right,DC United,USA,2022,1049.4784703904625
Single Breasted Chicken Burger with Cheese,,9.0,50.879999999999995,991327e795f343fc900241757d7e9e00,2025-10-11:1_right | 2025-12-27:8_left,Celtic F.C.,SCO,2024,968.1387301806428
Chicken Curry and Chips,,4.5,34.45,992f84a7c949f11fc5522359fb09e401,2026-03-31:2_left,Staveley Miners Welfare F.C.,ENG,2025,960.7772567893816
Fish finger baguette,Tartar sauce is available,4.5,54.175,9936e9cdb72eeebb78b4984ab600eee0,2026-02-02:0_right | 2026-05-03:4_left,Histon F.C.,ENG,2024,973.3604415250009
Crispy tofu nuggets,,11.25,65.65,994b14fb8905cb8d1104114f79f643b9,2026-02-02:8_left,"Baltimore, MD",USA,2025,1054.3138762112867
BLT biscuits,With BBQ chips,11.9,48.80666666666667,9960a579c88c19810160fcd2d56ccf40,2025-12-28:9_left | 2026-03-26:1_left | 2026-03-30:4_left,Columbus Crew,USA,2025,977.784163196523
Torta ahogada,With a taco,4.7,90.3,997cdbb29e11a74a05546a1542ea335c,2025-08-05:7_left | 2025-08-17:9_left,Chivas,MEX,2024,1064.6228456631015
Choripan sandwich,,9.7,53.93,99842772a3c4db740dd4f4047b77c4da,2025-10-25:4_left,Austin FC,USA,2024,1053.2051503496764
"Pie, chips and gravy",,4.5,37.15,9988a0d6dbd77a6726893fc010bd3da4,2026-02-05:6_left,New Mills F.C.,ENG,2024,957.7828020556806
Maultaschen (Swabian dumplings),With herb sauce and green beans,2.9,16.9,99a95881dc6039eb7be1a5d786b1cf18,2025-08-01:2_right,FH Münster,GER,2023,999.438596491228
Pulled pork and beef brisket roll,,7.0,82.3,99bff577c0404922e5608edb374b7682,2025-05-05:5_left | 2025-06-17:5_left | 2025-06-23:2_left | 2025-07-31:2_left | 2025-09-29:1_right | 2025-12-13:1_left | 2026-01-15:9_left,AFC Wimbledon,ENG,2022,1106.1347734747544
Tasting menu,,4.4,76.98,99ceffba43d6c1d194ba5f1763091fc6,2026-03-13:9_right,Unknown Location,CAN,2026,1017.267879391976
Cheesy chips,,,17.1,99d609712095bb1f7c29fa509e65636f,2026-04-23:7_left,Manchester United F.C.,ENG,2024,845.2353773667593
Bombay sandwich,"Balti pie and a samosa with mind and chilli sauce, in a roll",3.0,75.6,99e66a18e5c3993bf5d934ef439c1a29,2025-05-19:6_left | 2025-06-02:9_left,F.C. United of Manchester,ENG,2023,874.180338718836
Lamb kofta and rice,With mint sauce,,53.68,99fda6177c6fb2afe20a0d3a92cda177,2026-05-18:4_right,Avro F.C.,ENG,2024,1015.1193351518727
"Pie, chips, peas and gravy",,5.0,74.6,99feec43ef29dff23e48d2cbd35f1dd8,2025-08-14:2_right | 2025-09-23:6_right,Lancaster City F.C.,ENG,2024,850.7499521766721
Tea and biscuits,Free with the birth of a child,0.0,90.95,9a100d5764cb4a498da27680be4b5b9f,2026-04-24:0_right,Unknown Hospital,ITA,2026,1026.2097859636694
Chicken and fries basket,With large soda,14.8,52.12,9a15d96903020c1e2017d94540493676,2026-05-19:7_left,Columbus Blue Jackets,USA,2026,1017.2201638193222
Roast lamb,"With roast potatoes, yorkshire pudding and gravy",5.0,84.7,9a1c5aebb3fe4da2264801eeb6c59319,2025-05-08:1_right | 2025-05-12:7_left | 2025-06-25:5_right | 2026-03-18:1_left,Bracknell Town F.C.,ENG,2022,971.1729123264032
Those are just plums,Prunus domestica,0.0,100.0,9a1cc97499ce9a4606627cc6aa3fdf75,2026-03-06:5_left,Mother Nature,,2026,1023.7263393094644
Pølse med lompe,,3.0,33.4,9a372fb8d6c5759a95bc3fade8e8cf85,2025-05-23:7_left | 2025-05-29:2_right | 2025-08-10:4_left | 2025-08-12:0_right | 2025-09-24:8_left | 2025-12-21:4_left | 2026-01-25:7_left | 2026-04-09:0_right,Lillestrøm,NOR,2023,742.9312790009645
Average of all Irish scran,,,43.53,9a3dcea6ab1027277ca8bed3b69837ff,2026-05-22:3_right,,IRL,2026,1008.8219178082192
Chicken and chips,With a cider,6.5,67.9,9a3e5d588ba63f8c39d324bb80a068d3,2025-05-17:8_right | 2025-06-25:9_left | 2026-01-27:6_left | 2026-03-08:8_right,Brisbane Roar,AUS,2022,972.5827348742516
Bacon on a stick,,5.3,30.1,9a493671146b7ae0799ebc8f81f0f42a,2025-05-09:8_right | 2025-07-04:6_right | 2025-07-30:0_left | 2025-08-28:0_left,New York City FC,USA,2022,951.69960218419
Normal hotdog,With ketchup and mustard,2.0,43.21,9a5aaf6d78eae49c86fe57b0fc12cc30,2026-05-10:7_left | 2026-05-12:4_left,"Marconihallen, Gothenburg",SWE,2026,955.2247593773392
Monster burger,,6.5,77.19999999999999,9a6574675cbb34428c93f2e8352fc726,2025-11-12:2_left | 2025-12-27:9_right,Gloucester City A.F.C.,ENG,2024,1150.6932435152844
Bratwurst,,2.6,90.7,9a7aabe42806bd26f779310ff99dc36e,2025-05-29:4_right | 2025-06-16:6_left,Viktoria Koln,GER,2023,951.9863874287898
Fish and chips,With gherkins,10.0,67.3,9a7dc745233a7f14d17e5fc8393cb6ce,2025-07-22:8_left | 2025-11-26:5_left | 2026-03-09:7_left | 2026-04-10:3_left,Tottenham Hotspur F.C.,ENG,2022,964.8896026764464
Chips with Nutella,,3.3,33.445,9a809f4db216f1934863c446cd80f3d6,2025-10-10:4_right | 2026-02-15:9_left,SV Weidenham,GER,2025,833.2745334077166
Lebanese chicken flatbread,,5.0,90.34,9a8ac71c7a8d377fc5bb34feae3b7e0b,2026-01-02:3_right,Barnsley F.C.,ENG,2021,1213.2034858602594
A carton of water,Free,0.0,27.29,9ac82642a5af92462fd666256a4e44d7,2026-01-23:6_right | 2026-02-27:9_left,Trabzonspor,TUR,2023,833.7623910998174
Pulled pork nachos,,8.3,38.3,9ad148f14de81962255aa17e0ac5ff0f,2025-05-02:7_right | 2025-06-26:6_right | 2025-07-04:4_right | 2025-07-06:6_left | 2025-08-30:7_left | 2026-03-03:4_right,FC Cincinnati,USA,2023,802.495542830564
Chinese chicken wraps,,3.0,77.6,9b0053a8bb39a4cc61d53f7d36e5f6bc,2025-05-31:1_left | 2025-07-31:0_left,Rangers F.C.,SCO,2022,1009.1005996932766
Sausage,,3.3,50.8,9b0453da3cb8bca45f7ed86030564c81,2025-04-25:4_left | 2025-05-11:1_left | 2025-06-05:4_left | 2025-06-19:8_left | 2025-08-03:1_right | 2025-09-14:7_right | 2025-10-07:1_left | 2026-02-26:5_left | 2026-03-22:8_right | 2026-04-12:8_right,Holstein Kiel,GER,2025,769.7435814784213
Poison Pie,Heboloma crustuliniforme,0.0,0.0,9b0993b51145d5de43059c8626ee1b08,2025-12-05:4_right,The Woods,ENG,2025,1001.8969448244414
Foot long hot dog,,6.0,80.4,9b378fc892f04d06113d936fd22c6964,2025-06-02:0_left | 2025-06-21:8_right | 2026-03-12:5_right,Manchester United F.C.,ENG,2023,1060.0470252406344
Käseleberkäsesemmel,,4.5,76.55,9b6899d36f369590de4b080338a0fddd,2026-03-13:8_left,Vienna,AUT,2026,1016.990433870271
Chicken curry on chips,,12.0,86.695,9b7e6086424dd6763fa812fa1c544a79,2025-12-24:7_right | 2026-02-03:3_right,Birmingham City F.C.,ENG,2024,1184.9365544366574
Veggie loaded fries,With no guacamole,11.5,42.39,9b84548aab909bc41e727084a005b4fb,2026-03-20:3_left,Ken Rosewall Arena,AUS,2026,1029.1492224926635
Baked potato,"With cheese, cream and ham",8.7,26.83,9b8718e74852601b39d68ee6ccb50dab,2026-03-03:7_right,"Christmas Market, Vienna",AUT,2025,881.9703984978391
Curry goat and rice,,6.5,71.7,9b889d0c4addb3d0cfafa015c929983a,2025-06-25:0_right | 2025-06-29:4_left | 2025-09-07:0_left,Luton Town F.C.,ENG,2022,988.39954457255
The Lourdes burger,"Beef, bacon, cheese, onions, hash browns",6.0,79.15,9b9a8c4f769753202fb66b9c0ebe18df,2026-02-01:9_right | 2026-03-08:3_left,Southport F.C.,ENG,2022,1163.5307780219014
Buffalo wings,,17.0,59.675,9ba6d1b87850acfccee9bef6bb365ea4,2025-10-26:7_left | 2025-12-03:1_right,New England Revolution,USA,2022,1084.7885071905937
Twenteham,,4.0,89.3,9bc5109c20e0c73bc5ad4e2faa9c1d55,2025-05-29:9_left | 2025-09-22:2_right,FC Twente,NED,2022,1002.2742024041708
"Double sausage, egg and hash brown muffin",,7.0,57.2,9bd9d64bc60d9a53dcd832ea329528e2,2026-05-26:9_left,Folkestone Invicta F.C.,ENG,2025,1039.7799390502855
Knappers burger,"Double beef, bacon, cheese and onions",6.0,87.40000000000002,9bec847e6cd379a099e1f2e3cb75f49b,2025-06-14:3_right | 2025-06-16:4_right | 2025-07-12:7_left,Knaphill F.C.,ENG,2022,1007.5178344793804
White bread (1965),Free for veterans,0.0,78.96,9bf4b487d8a33fd556563a3bac1cfe5b,2026-05-29:8_left,"Meal, Ready-to-Eat",USA,2026,1018.520115698133
Korean BBQ loaded fries,Price for season ticket holders,6.95,87.02,9bfd0b85784668f825b84713fb5c414b,2026-01-26:0_right,Manchester City F.C.,ENG,2024,1182.7371519320627
Cheese pizza,,4.2,15.181999999999999,9c0fea91d7af63ece2386515a5bb28df,2025-11-13:9_left | 2025-12-29:2_left | 2026-01-11:3_left | 2026-03-03:9_right | 2026-05-05:9_right,West Bromwich Albion F.C.,ENG,2024,818.976173641752
Chicken curry and chip butty,,3.0,86.0,9c168446e207dc173608abc433b521b8,2025-11-20:9_left,Redcar Town FC,ENG,2023,997.9605125417532
Christmas chips,"Chips, turkey, stuffing, pigs in blankets and gravy",7.0,86.8,9c1addf88a6c68417f43d446a7729833,2025-06-12:4_right | 2025-08-07:1_left | 2025-08-20:6_left | 2025-08-23:9_right | 2025-09-16:0_left | 2026-01-31:2_left,Sunderland A.F.C.,ENG,2022,944.06739357616
Jerk chicken poutine,,8.5,84.0,9c21b7c21f23c13ef59e4a8b4effcf6c,2025-05-02:1_right | 2025-08-23:7_left | 2026-01-09:9_right,Toronto FC,CAN,2022,1176.8868967642632
Sausage and chips with curry sauce,In a cob,,39.39,9c2356755bccf8cb3b9fc2008cf2ba04,2026-04-30:1_right,Merthyr Town F.C.,WAL,2021,954.6185353270928
Detroit Breakfast,,6.65,42.3,9c2f4196dceb513a4f9a634f2eaa8863,2026-04-02:2_right,"Ionia, Michigan",USA,2025,957.260675548814
Chicken burger,,8.4,84.6,9c48ae6018ce8653e7253fb445c255e0,2025-08-14:7_right,Helsinki Olympic Stadium,FIN,2022,1103.875005088413
Ham and Cheese Wrap,,3.2,40.055,9c5942b338e54d04b50e75924dd09d7b,2026-03-27:6_right | 2026-05-15:0_left,Rapid Wien,AUT,2022,963.9090721817554
Worms,With ketchup dip,6.66,68.74,9c7b23982ba67c38e1518d3f85e1da9b,2025-10-31:8_left,The Ground,ESP,2025,1011.996380475861
Spicy popcorn chicken,With hash brown bites,9.5,83.7,9c7b4899510d392bbce2fd607bd06e67,2025-06-05:8_left | 2025-08-24:5_left | 2025-09-24:8_right | 2026-02-05:7_right,Port Vale F.C.,ENG,2023,1066.778962988869
Herring and onion Fischbrötchen,,3.4,30.9,9c81fee15b06686153be7f6b51295c21,2025-11-25:8_left,Altona 93,GER,2025,782.4433273914019
Kiwi and sausage pizza,,6.2,32.5,9c9ecc73a7a80a913da7c4adde3b997a,2025-05-03:8_right | 2025-06-24:1_left | 2025-08-15:4_left | 2025-08-29:0_right | 2025-09-12:9_left | 2025-09-19:4_left | 2025-12-23:8_left | 2026-03-28:0_right,Cerezo Osaka,JPN,2022,864.7743016800032
Hot dog,"With coleslaw, crispy onions, ketchup, mustard",5.0,79.23333333333333,9cc4022dd3ce332d13ef2d9f747e0237,2026-03-03:6_right | 2026-05-04:4_right | 2026-05-26:1_right,Arka Gdynia,POL,2026,1149.109406546323
Burger,,,35.63,9cca9d4992eb1c1d70ecc349df700f5e,2025-12-14:7_left,Brighton & Hove Albion F.C.,ENG,2024,850.9888304089106
Hot dog,,6.5,14.36,9cd52a75a0ae237597967f83dcc05bdd,2025-10-10:7_right | 2025-12-17:1_right,Wycombe Wanderers F.C.,ENG,2024,834.1921749231143
Burger,,6.0,81.5,9cfccb906b2ffbb1836e65df6912418d,2026-01-08:5_left,Havant and Waterlooville Women,ENG,2022,1218.411519821567
Pulled pork nachos,,13.2,54.64,9d130cb78fdb136e6906efb92ddbda99,2026-02-15:9_right,Portland Thorns FC,USA,2023,1069.3176997669225
Fish and chips,,7.0,87.4,9d2a7ee31ec63853643d80803c7f93dc,2025-04-30:2_left | 2025-05-12:3_right | 2025-05-22:4_left | 2025-07-01:2_left | 2025-08-19:6_right | 2025-09-22:0_right | 2026-04-10:9_left,Melbourne Victory FC,AUS,2023,1094.122749865012
Chicken fried tacos,,3.0,60.09,9d5173bf81fe0231d81b3cc254d91189,2026-02-12:8_left,CD Motagua,HON,2022,1058.9250145550106
Pizza,,4.1,77.9,9d560bbc5acfd80f41507d970b014697,2025-06-02:0_right | 2025-06-14:4_left | 2025-07-26:5_right | 2025-09-02:0_left,S.S. Lazio,ITA,2022,1027.1608562936117
Chicken curry,With rice and a samosa,6.0,40.63666666666666,9d6d2fadb159daf2398f54e75b822f9f,2026-01-11:5_left | 2026-02-22:0_right | 2026-05-05:7_left,Sporting Khalsa F.C.,ENG,2022,936.6913882056172
Stadium dog,,3.5,45.53,9d7968726ce62e1c86e67f10f26522c6,2026-03-10:9_left,Sydney Cricket Ground,AUS,2026,961.9775675237718
Curry chips,,5.2,20.31,9d942d96dee17cffd88b7bf7b721c164,2025-12-13:5_left | 2026-01-06:6_left | 2026-03-22:5_left,AVIVA Stadium,IRL,2022,866.7612822073027
Seasoned fries,With cheese and pastrami,5.5,69.395,9db4399411719a827efd8a416e44e227,2026-01-28:5_right | 2026-05-28:6_left,Manchester City W.F.C.,ENG,2022,1048.2653722364823
Chicken gyros box,With chips underneath,6.75,88.8,9dc5c06a74912d6d9575e7354f55cc57,2025-05-20:0_left | 2025-05-21:2_right | 2025-08-07:9_right | 2025-09-06:9_right | 2025-09-09:3_left,Hull City A.F.C.,ENG,2023,1080.4934960729834
Currywurst mit pommes,With a pint,10.0,81.8,9de51367e251d1ecb3d64786efd9b2f1,2025-06-21:6_right | 2025-07-27:4_right,FC Augsburg,GER,2023,926.9592280794164
Dirty fries,"Chips, cheese & BBQ pulled pork",6.0,41.72,9df3203a7c090ed03e250b2300f169a1,2026-04-29:9_right,Snodland Town,ENG,2024,974.8984418815612
"Greek style"" kebab and chips",,10.5,87.045,9dfd8f6bf836fe0b73b41bab08f87ae2,2025-12-13:3_left | 2026-02-14:3_right,Birmingham City F.C.,ENG,2025,1139.7672426924837
Broodje kipkrokant,With party sauce,5.4,52.51,9e01429c1bb9a64f169f99f967a3d380,2026-05-14:3_right,Fortuna Sittard,NED,2026,1003.7592745284072
Loaded duck fries,,6.0,83.4,9e07edff1b0e5cded9ecf45747fb9aee,2025-04-30:4_right,Oxford City F.C.,ENG,2022,1137.5161632259494
Katsu chicken bowl,,7.5,93.7,9e394558ed85933a0fcaf0ebde307069,2025-05-22:6_right | 2026-04-12:3_right,Hull City A.F.C.,ENG,2023,1200.3984506198344
"Pie, peas and gravy",,3.5,42.435,9e89ef1fbdf5701b3144b6c5afc3efe0,2025-11-23:6_right | 2026-01-01:4_right | 2026-02-12:3_left | 2026-03-24:8_right,Chorley F.C.,ENG,2022,901.6031477786264
Food,,10.0,50.62,9eaa51bab64af96f3fc8dd78ddbcfc03,2026-04-25:5_left,Tottenham Hotspur F.C.,ENG,2024,1015.6314656263838
Average of all German scran,,,49.72,9ec1b3d7572f1436e98ccc4bf22dd365,2026-05-22:8_left,,GER,2026,1025.3255909437505
Battered chips,With sausage and curry sauce,6.5,35.739999999999995,9ece10354fdab002664a471f8e4529e2,2025-11-27:6_right | 2026-04-15:9_right,Aston Villa F.C.,ENG,2021,927.7377448625368
Scheme poutine,"Fries loaded with haggis, cheddar and peppercorn sauce",7.5,54.4,9ef6847eb3549085ccfe245755760d74,2025-04-22:2_left | 2025-04-27:3_left | 2025-05-17:5_right | 2025-05-21:9_left | 2025-05-30:6_left | 2025-09-10:7_right | 2025-09-14:6_right,Celtic F.C.,SCO,2023,861.2338056662909
Sicilian pizza slice,,10.2,5.2,9efd6996abbf34c3f07ba1700604421c,2025-05-16:0_right | 2025-06-02:8_left | 2025-07-04:3_right | 2025-07-05:4_left | 2025-07-23:4_right | 2025-08-18:2_right | 2025-09-19:9_left | 2025-10-23:5_left,Allegiant Stadium,USA,2023,931.9239268016888
Butcher's-broom,Ruscus aculeatus,0.0,0.0,9f03505bb5e08605de2ab8cc2862ac07,2026-03-06:0_right,Mother Nature,,2026,994.7593403888752
"Chips, sausage and curry sauce",In a cob,5.5,54.68,9f3362758aa114653dc7518f86a5c511,2026-03-10:1_right,Merthyr Town F.C.,WAL,2025,1016.8464525597776
Beef vindaloo,With rice,8.0,61.14,9f5f9480a0a4fb06d2c8c7c6240f5082,2025-10-02:7_left | 2025-10-16:1_right | 2025-11-01:3_right | 2025-11-04:4_right,The Adelaide Oval,AUS,2023,1061.9169839042272
Bratwurst and bread roll,,3.4,84.7,9f66cf31194343bba4d9ae7121f1b035,2025-05-10:0_right,Wiener Sport Club,AUT,2023,1001.914477038202
Gyros,Price does not include tax,11.05,63.97,9f6a3b13e24f8165bcc5ccfc9594e88c,2025-10-22:9_right | 2025-11-24:5_left,Metlife Stadium,USA,2025,1111.5198953815386
Hot dog and prime,,11.2,34.3,9f7393f890412d47b148e1ac04d92323,2025-06-06:3_left,Arsenal F.C.,ENG,2023,812.0418314730965
Thai meal deal,With a can of pop,10.0,80.39500000000001,9f7e7aa84186dc400a4df42305ade642,2025-10-27:6_left | 2025-11-02:1_right | 2025-12-02:5_left | 2025-12-11:4_right,Bolton Wanderers F.C.,ENG,2025,1051.2896245051609
Steak and chips,,14.0,81.0,9f92350a116982ec91610b5ee46a0fc2,2025-11-16:2_right,Birmingham City F.C.,ENG,2025,1190.987118605635
"Balti pie, chips and curry sauce",,4.5,86.90000000000002,9fb29712d3eb4e26cf868b29b3d86db4,2025-08-19:1_left | 2025-08-26:5_left | 2025-10-06:1_right,Walsall F.C.,ENG,2022,872.1310756406001
Bulpit beast,With chips,6.5,72.66749999999999,9fe1771ab5bfcc85fac761108b2a0498,2025-11-10:7_left | 2025-11-15:6_left | 2025-12-24:8_left | 2026-04-20:3_right,Hungerford Town F.C.,ENG,2022,1154.9310128664383
Smiths' Crispy Tubes,,,24.92,9ff93044f1df6ab35fa3d5529bb90584,2026-02-20:1_right,Smiths,ENG,1981,983.9468221097304
Galettes Saucisses,Sausage in a crepe with fries,4.5,66.0,a02a9a4643aec420d6bba77298da0678,2025-08-04:9_left | 2025-09-24:4_right | 2026-03-08:6_right | 2026-03-15:4_left,Rennes,FRA,2022,971.9568907101176
Pulled chicken sandwich,,4.0,68.8,a02c12400989c5f60e31e90b9de529a4,2025-09-29:7_right,PSV,NED,2022,1018.7073309860812
Hawk Burger,,10.0,75.28,a02e43dd524e19cefccc31137f3177fb,2025-10-12:1_left | 2025-12-13:0_right | 2026-04-05:9_left,Whitehawk F.C.,ENG,2024,1165.7378992879394
"Coq au vin, cheesecake, lingonberry drink",Free for patients,0.0,86.6,a03232bb6102f555d1bff543a1ebbf16,2026-04-24:3_right,Unknown Hospital,SWE,2026,1023.4245273053766
Buttermilk chicken burger tray,,11.0,26.2,a033c06c212794c19804dd4c8cb12e57,2025-04-23:3_left | 2025-07-10:1_right | 2025-10-01:4_right | 2026-01-22:6_left,Brentford F.C.,ENG,2022,1197.6160281703728
Fish and chips,,4.8,91.5,a03557e51c83780ee2876864ed5e8034,2025-04-29:3_right | 2025-07-12:3_right | 2026-04-10:6_left,Eden Park,NZL,2023,1099.1854533108346
Duck loaded fries,,6.0,82.4475,a03997dfc6aa496be0b411a3675059e4,2025-05-26:6_right | 2025-06-04:0_right | 2025-07-09:2_right | 2026-05-28:1_right,Oxford City F.C.,ENG,2022,1239.1384357478894
Pimento cheese milkshake,"Vanilla ice cream, vanilla syrup, pimento cheese, potato chips",,20.93,a04aaf630be873cfd42e4814f33bc6f8,2026-05-18:0_left,University of Miami,USA,2026,798.2623265030277
Crab meat sandwich and fries,,21.0,62.9,a0846b8ad716243b56f35c39a1cc3594,2025-06-19:0_right | 2025-09-03:8_right,Maryland Bobcats,USA,2022,919.412016682978
Salt n pepper chicken and chips,,8.2,83.6,a08fbb6ef34bf5bfd7f92d1e45d1c7a0,2025-05-21:6_left | 2025-08-11:4_left | 2025-08-12:5_left,Newcastle United F.C.,ENG,2025,983.5953569703706
"Pie, chips and gravy",,6.5,76.1,a0a12e7a40092f8efaa386ab63c371c0,2025-04-25:3_right | 2025-06-22:6_right | 2025-08-07:5_right | 2025-09-23:2_left,AFC Fylde,ENG,2024,925.5254331573734
Chicken burger,,8.0,89.4,a0e3adad701485d16f88998e934f9d34,2025-05-10:5_left | 2025-07-03:9_left,Ipswich Town F.C.,ENG,2022,1131.676518008823
Stripped prawns skewer,,0.5,70.5,a0f9558d49870c18a5790cc400955758,2025-08-03:0_right | 2025-09-01:1_left | 2025-09-25:8_right | 2026-02-23:7_left,Penang FC,MAS,2023,899.1752645577968
Savoury mince and potato,Free with the birth of a child,0.0,22.62,a10244a06d5115dc454f5255bbae6324,2026-04-24:4_left,Unknown Hospital,AUS,2026,982.4744404679236
Salt and pepper chicken fries,,7.5,93.5,a108c3fd0dcf75020eaea8168ad7431e,2025-07-14:6_right,Leeds United F.C.,ENG,2023,1185.9708581956468
Lamb doner wrap,,5.7,57.88333333333333,a139f28bdd7e59612ca4d9677596f4a7,2025-05-06:0_right | 2025-11-13:1_right | 2026-05-31:3_left,Beşiktaş J.K.,TUR,2023,879.2840141860964
The Jackhammer,"Pepperjack sausage with ""pickle de gallo""",8.9,42.92,a13ed138506060ad6980c24e6cd34c7f,2026-05-11:8_right,Progressive Field,USA,2026,955.7596964016974
Scotch eggs,,3.0,73.9,a15a2b62fcafefdc0be7040ce67e3693,2025-09-27:0_left,Chesham United F.C.,ENG,2025,1011.6850559951956
Boneless jerk chicken,With rice and plantain,13.0,90.4,a17d4b41b93f324eac46bdb131941e98,2026-01-09:8_left,Tooting & Mitcham United F.C.,ENG,2023,1190.5169807061168
"Pie, chips, mushy peas and gravy",,5.0,39.62,a180009101d7c908ba6ca9ef67c0cf0b,2026-05-24:7_left,Altrincham F.C.,ENG,2021,945.7162764982568
Cornish pasty,Free with the birth of a child,0.0,77.38,a18c365076afd49d5b812846b1f1be70,2026-04-24:4_right,Unknown Hospital,ENG,2026,1017.5255595320764
Curry and rice,With a can,5.0,75.6,a18f45f9507dc68e6a4ae81b42e66fe4,2025-12-07:9_left,Tadcaster Albion A.F.C.,ENG,2025,1074.041281308664
Michelada,"Beer with lime, hot sauce and chili salt, price for one",4.2,36.0,a1966cbe15529aa473c2e1b839e96057,2026-04-28:6_left,Pumas UNAM,MEX,2026,896.631597509811
Cheesy chips,,6.0,41.11333333333334,a1a25f871c021a406d64f62e4182e471,2025-12-03:3_left | 2025-12-28:6_right | 2026-03-27:3_right,Brighton & Hove Albion F.C.,ENG,2024,941.2324138608992
Salted herring sandwich,,2.1,22.6,a1ac55108c265b38fefeb251094b9013,2025-04-24:9_left | 2025-06-27:2_left | 2025-07-07:5_right | 2025-08-31:8_left | 2025-09-22:4_right | 2025-10-11:9_left | 2025-11-05:7_right | 2026-04-13:6_left,FC Energie Cottbus,GER,2022,742.4849433853503
Mixed grill,"Chicken skewers, cevapis, lamb yiros meat, pita, tzatziki, chips, salad",9.7,95.40000000000002,a1af750e2c0ba1113bd0a0dbc196b94b,2025-06-03:4_left | 2025-08-17:6_right | 2025-12-17:5_left,Adelaide Olympic FC,AUS,2025,1215.612173756724
Hot dog,,7.0,66.1,a1c1975a2afb26db0880199b13804f4b,2026-02-15:6_left,Birmingham City F.C.,ENG,2022,1039.379921556018
Double mega burger,,5.0,94.5,a1f058c75ef17b94b63c0ae72bee305a,2025-08-04:2_right,Winstanley Warriors FC,ENG,2023,1115.758425018144
The beer bat,,18.85,59.43,a20c100b8770809fe388279bfc9974b7,2026-01-23:0_left,Busch Stadium,USA,2023,994.2651488760368
Wings and waffle fries,,12.4,66.76,a21ce0f2c0d060a97e493e384a858c1d,2026-01-07:2_left,Austin FC,USA,2023,1132.2286801127211
BBQ pulled beef and pork grilled cheese,,6.5,88.6,a232b872bbfa3165c4c8799b21523dc9,2025-04-20:3_right | 2025-07-07:2_left,Manchester City F.C.,ENG,2022,963.7161300933687
Char Sui Pork Bao Buns,,8.0,89.7,a26da51a1c9fb9da287bac45262ccde5,2025-08-26:1_right,Brighton & Hove Albion F.C.,ENG,2024,1161.6328940738906
Sausage and a beer,,12.0,40.0,a26e065845f0890e08aa65aa5a702b97,2025-05-23:3_left | 2025-06-10:0_right | 2025-06-24:6_left | 2025-08-18:5_right | 2025-08-21:7_right | 2026-01-26:2_left | 2026-04-12:4_right,Brøndby,DEN,2022,830.0666343759337
"Chicken, ham and leek pie",With gravy,3.5,71.1,a2790c7022d29192c5f2140ca05011b3,2025-08-09:3_left,Morecambe FC,ENG,2023,876.282756729965
Sausages in tortilla,With a drink,8.0,64.6,a2bb104235e540f3eb11656cd2cf5f45,2025-08-18:8_left | 2026-03-15:2_right,Ullevaal Stadium,NOR,2022,952.8223186575772
Kimchi fried rice,With chicken,11.25,47.705,a2c74c5c6fb4d4016e673f6e8ed7a73f,2026-01-26:8_right | 2026-02-22:6_right,New York Mets,USA,2025,1039.9905863363415
Katsu chicken curry,,4.5,91.09999999999998,a2e40b3f78e87ec21d1e470d81625f98,2025-08-07:3_right | 2025-09-08:9_right | 2026-02-13:3_left,FC Tokyo,JPN,2022,1135.4461664532105
Mystery scran,No sauce offered,5.25,26.274,a2e9c6daa9905c793a11460ff8450ac1,2025-10-24:3_right | 2025-11-14:5_right | 2025-11-26:8_right | 2026-01-21:1_right | 2026-03-08:4_left,Stuttgart stadium,GER,2024,836.0140183372183
Acaraje,Shrimp and spices in fried bread,1.6,78.0,a2ed77bf6020e0e20ff979c790c17e2b,2025-05-15:8_right | 2025-06-15:7_right | 2025-06-17:8_right,EC Vitoria,BRA,2022,1061.150616813185
Cheeseburger,With a Madri,11.95,19.643333333333334,a31844d2783dab8e8d02f74b9b780255,2025-12-30:8_left | 2026-04-26:0_left | 2026-05-05:2_right,Meadow Lane,ENG,2024,787.1474823364039
Full hog burger,"Beef patty, bacon, sausages and cheese",6.0,86.6,a345d3378bb8b5832dc8f60eac3d9a7c,2025-05-28:5_right,Metropolitan Police F.C.,ENG,2023,1106.3634827139867
Slow cooked beef brisket burger,,8.0,83.9,a3681c1408b9d117f22e0de57e1e763f,2025-08-18:7_right | 2026-02-22:1_left,Preston North End F.C.,ENG,2024,1130.6820861244812
Chicken bacon burger,With chips,7.5,66.1,a3858b7428c7cb0550cd8e2d953db72f,2026-01-14:0_left,Maidstone United F.C.,ENG,2022,1127.8443866890873
"Pie, mash and gravy",,6.5,80.6,a3b7365a0a4abbacfb25b28c174afb7c,2025-06-22:4_left | 2025-07-08:8_left | 2025-07-12:5_left | 2025-09-25:4_right,Charlton Athletic F.C.,ENG,2022,902.1669008802896
Cheeseburger,,5.0,49.74,a3bc3c33ad083f23d29049ab1c4aa2b3,2026-04-01:6_left,Robins High Performance Centre,ENG,2024,991.7422836937972
Pepperoni pizza fries,,,51.16,a3c5e18949a6d7bed00c4841fb50cfda,2026-05-28:2_right,Birmingham City F.C.,ENG,2022,996.2159693579932
Build it burger,"Beef, sausage, bacon, egg and cheese",8.5,84.1,a3da053c250ad445fe49ee7c82e17505,2025-08-21:9_right | 2026-03-30:2_left,Badshot Lea F.C.,ENG,2023,1129.696211975722
Savoury Asian pancakes,"Filled with shredded chicken, potato and carrot",6.0,83.7,a3ee8abcba39f2a1909740b5f9083e3b,2026-02-07:0_right,Eden Park,NZL,2023,1037.8431810428333
Hotdog,,4.5,7.555,a3f0fb4ed729eb6d70d0b65d3159abe3,2026-01-01:0_left | 2026-02-09:0_right,Norwich City F.C.,ENG,2025,807.0164525149975
Fish,"free for Martin Odegaard, the man of the match",0.0,30.77285714285714,a3f9febd0842a16006576149d3f81c50,2025-11-10:2_left | 2025-11-17:5_right | 2025-12-26:2_left | 2026-02-03:4_left | 2026-02-27:7_right | 2026-03-11:5_left | 2026-05-10:1_left,Real Sociedad de Fútbol,ESP,2023,804.5877707453318
"Sausages, chips and curry sauce",In a hollowed cob,4.5,27.25,a3fa8f7ad79f594db9fbf5c2ffb598a9,2026-04-20:1_right,Merthyr Town F.C.,WAL,2025,861.6874419957522
Loaded chips,,7.0,79.63,a40cf4fe7270e9b5c9c14f94a6084591,2026-01-12:0_left,Chester F.C.,ENG,2023,1133.9423168847711
Zsiros kenyer,"Toast, paprika powder, garlic, onions, lard, with a beer",2.5,27.755,a41ad670592543b8b92c072f599dd1f3,2025-11-28:7_left | 2025-12-30:8_right | 2026-01-29:8_right | 2026-04-03:8_left,MTK Budapest F.C.,HUN,2023,825.4913199348489
Curry sauce n chips,,3.5,28.849999999999998,a41c086b434f157d87587fd1842b57d5,2025-10-13:1_right | 2026-01-25:2_right | 2026-02-21:6_left,Shrewsbury Town F.C.,ENG,2022,950.4632038037668
Chicken and chips,,10.0,91.2,a42b8dc13986ecaf5266a7e07f06c334,2026-02-15:4_left,Aston Villa F.C.,ENG,2022,1183.3652789134203
Fish and chips,With mushy peas and curry sauce,17.0,29.7025,a44f0cf6ff0c54d9cde4c2b3e529842b,2026-01-08:7_right | 2026-02-21:0_right | 2026-04-10:5_left | 2026-05-14:2_right,Arsenal F.C.,ENG,2023,892.8897482662854
22oz beer boot,,8.3,38.5,a4570a30f19fc7b7c9cb5c90f546fdaa,2025-05-06:5_right | 2025-05-23:8_left | 2025-07-04:1_left | 2025-07-07:7_left,FC Cincinnati,USA,2023,950.940027661603
I have never tried boba tea,,,71.0,a484c0eceb25adc4687e067f65c469fa,2026-05-01:5_left,YouGov polling data,ENG,2026,1011.0392848741473
"Pie, mash, mushy peas and gravy",,5.0,27.436666666666667,a4883bd84c4795ef6833a6f3ef6d606b,2025-10-28:9_left | 2025-11-29:4_left | 2025-12-16:1_right,Stockport County F.C.,ENG,2021,886.5901836867988
Pork and gravy roll,,13.5,11.826666666666666,a4b6e021febbcfaabd0e343f9df70199,2025-10-24:0_left | 2025-11-05:0_right | 2025-12-01:8_right,The Adelaide Oval,AUS,2025,798.013745089187
I have tried oat milk,,,40.0,a4d8a1c6341413f848c5402abb74428b,2026-05-01:1_left,YouGov polling data,ENG,2026,992.466553069862
Cob with chips and a sausage,,,43.580000000000005,a4e7e8533c366ba78597a88df809e38a,2025-10-22:6_left | 2026-01-10:2_right | 2026-05-28:2_left,Merthyr Town F.C.,WAL,2024,911.060559910084
Chicken strips,,4.0,88.6,a4ecea3bf09a558fc0e49a83c1eaef7f,2025-05-22:6_left | 2025-07-14:4_left | 2025-07-15:3_left | 2025-07-16:7_right | 2025-09-01:0_right | 2026-02-04:7_right | 2026-02-08:6_right,Independiente Santa Fe,COL,2022,1087.1132037055984
Grilled sausage,,2.0,51.48,a4f8aecd607e155433b6b72920492ddc,2026-05-17:2_left,Pomorzanin Gdynia,POL,2024,1039.0454511422097
Bacon cheeseburger,,6.0,20.172,a50281072c2fecfa7c4140d0151fe964,2025-10-02:5_right | 2025-10-16:2_left | 2025-10-20:9_left | 2025-11-26:9_left | 2026-05-03:7_left,Taffs Well FC,WAL,2024,874.6928259922951
Cheesy chips,,3.5,25.41,a527601a51165276d6a2c1326a4d4f09,2026-02-19:0_left | 2026-05-17:5_right,Tamworth FC,ENG,2022,889.22762978129
Jaffa cake doughnut,,2.2,83.9,a532d5d269fa986866355932e9044bfa,2025-06-12:0_left | 2025-11-21:4_right | 2026-04-17:1_right,Ionikos F.C.,GRE,2022,1103.95421345515
Pepperoni pizza,With a beer,19.7,67.09,a5653e4450e7a091474259d9e9ffd62a,2026-04-03:4_left,Orlando City SC,USA,2023,1109.3887134472077
Chinese box,,9.0,59.655,a57f05807ea62d7194dc3157a8e25e79,2025-12-17:7_left | 2026-03-26:5_left,Reading City F.C.,ENG,2025,1060.706603120179
Chicken balti pie,,4.0,43.63,a58b9a12e67d020cad848c2a58616b6b,2025-11-01:8_left,AFC Wimbledon,ENG,2022,914.4198530144404
The big boss,"XL chicken breast, fried mozzarella, with fries",12.0,80.8,a59aed587d58be94e88ccaae52e57c22,2025-07-15:6_right | 2025-08-09:6_right | 2025-08-09:8_left | 2026-01-10:5_right | 2026-01-24:4_right,Luton Town F.C.,ENG,2025,1084.8696444796494
Chicken wings and chips,,9.1,60.00333333333333,a5cbb6fc5639fc4578ba3da719267ffd,2025-10-28:8_left | 2025-12-22:3_right | 2026-02-24:4_left,Suncorp Stadium,AUS,2025,1059.0677823124502
Philly cheesesteak,,10.0,53.95,a5d4f4df43c7dda54633aeadad3fb405,2025-12-23:3_right,Arizona Cardinals,USA,2024,1050.1175566892798
Chorizo bap with fries,,6.0,90.7,a5daae87a05b1518718ffa66f081ccf0,2025-06-29:9_right | 2025-09-03:2_left | 2026-02-14:1_left,Defensor Sporting,URU,2022,1099.326860270549
Hot dog,Free with admission,0.0,22.8,a6410a6ffdaf92cb0730a1eac7c5e036,2026-05-08:6_right,Unknown Location,USA,2026,831.8944511981018
"Chicken, pulled pork and chips",,7.5,90.3,a668b82d983d5a3557b470435869af40,2025-08-13:3_left | 2026-04-11:8_right,Doncaster Rovers F.C.,ENG,2023,1115.0548572773675
"Chicken, chips and curry sauce",,6.0,76.9,a68463c8d6083ed858d493785f70c2af,2025-05-07:3_right | 2025-07-15:5_right | 2025-12-13:1_right,Newcastle United F.C.,ENG,2022,937.378143428462
"Steak pie, peas and gravy",With a pint,2.8,21.1,a69a86995a27b7a2d545891ea4eff4e3,2025-04-26:0_left | 2025-04-27:5_right | 2025-06-21:2_right | 2025-07-25:4_left | 2025-09-20:3_left | 2025-11-03:2_left | 2026-04-03:9_left,F.C. United of Manchester,ENG,2022,794.6228663221615
Pork neck steak,With a bun and a pint,8.0,86.8,a6b6bbe4ea90f83988d94d414b6cc85a,2025-05-26:9_left | 2025-06-24:3_right,RKS Garbarnia Kraków,POL,2023,1099.15582377212
Vegan loaded fries,,6.0,36.49,a6bca12c0630abb40720233472aabd87,2026-03-20:0_left,Folkestone Invicta F.C.,ENG,2023,954.5188654608022
Cheesy garlic bread,With pepperoni and marinara sauce,12.8,74.3,a6c803fcf84274a18e2d2f59ed65762e,2025-08-25:8_right | 2025-09-26:0_left,New York City FC,USA,2023,1081.2172419144931
Chicken gyros,,8.0,89.0,a6d0ef058cb2ab60422e4751cf91ccc1,2025-08-16:1_left | 2026-03-11:2_left | 2026-04-11:9_right,Birmingham City F.C.,ENG,2022,1199.2352725828969
Cheesy chips,in a garlic naan,4.5,71.2,a6d5db503bc589fefae1f3b92325d846,2025-05-07:6_left | 2025-07-09:6_right | 2025-09-26:3_right | 2025-11-08:4_right | 2026-03-31:8_right,Stockport County F.C.,ENG,2022,840.3665635718504
Double cheeseburger,With sausage and bacon,7.0,92.8,a6e76f952346bef5a12726ddd5a4f65a,2025-07-22:1_left | 2025-09-28:3_right | 2026-04-08:7_left,Torquay United F.C.,ENG,2023,1098.3128671870202
Fries with mayo,,4.55,29.83,a6f523c193b3a3fa616c9626a1034439,2026-05-16:1_right,BLAST Open Rotterdam,NED,2026,866.9882662636381
Pizza slice,,4.0,32.56,a71b92095a4a5c7ee27691ce812ae6fd,2026-05-06:7_right,West Bromwich Albion F.C.,ENG,2022,919.2986951245488
Pie and mash,With Lost Lager,21.8,24.97,a71be761471d151c32bf7bafaf13bbc7,2026-01-15:6_right,West Ham v Newcastle,ENG,2025,861.9469439205833
Hog Wild,"BBQ pulled pork, mac and cheese, bacon bits, fried onions, sour cream, BBQ sauce",9.0,81.41833333333334,a72ec0bbae750dc3f9d3568bfdf6844c,2025-10-11:7_left | 2026-01-26:0_left | 2026-01-27:3_left | 2026-02-25:2_right | 2026-04-18:3_left | 2026-05-04:1_right,Peoria City,USA,2025,1199.9947128351348
Currywurst mit pommes frites,,2.5,87.3,a7573c52f3833abaae92a9f240d1ef26,2025-09-30:6_left,FC Nürnberg,GER,2022,1047.3198984193398
Lamb and chicken tikka naans,,9.95,93.6,a75c21b1efb93c6f616bad026786ada1,2025-05-27:8_right | 2025-07-16:8_right | 2025-12-18:9_left | 2026-03-15:6_right,Wycombe Wanderers F.C.,ENG,2023,1215.3292368077143
Double Cheese And Bacon Burger,,7.5,68.86500000000001,a77a382a162fcffd89e895afcc51f340,2025-12-11:2_left | 2025-12-20:0_right,Deal Town,ENG,2024,1145.4429674540834
Twenteham,Gammon sandwich with original sauce,4.2,79.0,a77ab198f827314a73527b426632e9fe,2025-05-17:6_left | 2025-06-29:7_right | 2025-08-05:9_right,FC Twente,NED,2022,1033.069479811567
One dollar dog,,0.75,53.48,a786a8e1c8d0dc41116cfbab16c1f9c0,2025-10-23:2_right,Subaru Park,USA,2025,1001.7328017635668
Chicken tikka dirty fries,,6.0,92.1,a7a9bcfe34883952eda6875d4ff807ce,2025-08-27:3_right | 2025-08-28:8_left,Bolton Wanderers F.C.,ENG,2023,1175.4441253985192
Roast potatoes,Topped with black pudding and peppercorn sauce,5.5,47.285,a7ab2e7bce7ad6a50382f6e93084f51d,2025-12-23:5_left | 2026-02-21:5_left | 2026-02-24:5_right | 2026-04-12:7_left,Bury FC,ENG,2025,953.8658508341572
Tropeiro,"Beans, rice, fried egg, crackling, pork steak, tomato sauce, and cabbage",3.0,91.68400000000001,a7c593bf9fbf704cb002ad8816867ef2,2025-11-18:2_left | 2025-11-24:4_left | 2025-12-03:3_right | 2026-01-02:8_left | 2026-02-21:9_right,Mineirão,BRA,2023,1078.8041989847254
Pie and mash,,,9.87,a7d53597eab166bccee6cad4db5b095a,2025-10-28:5_left | 2026-03-02:0_right,Stockport County F.C.,ENG,2024,787.2973777014452
Veggie pie with an Amstel,Included in hospitality ticket,0.0,44.8,a7e6db3a40d27c96c959e47ff806868a,2025-10-13:0_left,Tottenham Hotspur F.C.,ENG,2021,968.1360811313988
Burnt end doritos nachos,,8.6,55.32,a844a5d798453d843f60250176472f37,2026-05-21:8_left,Atlanta United FC,USA,2024,1040.2445920312384
Pulled pork and doner crunch wraps,,5.0,80.6,a84d1b29ba4889e16b19b0550940ceca,2025-08-30:5_right,Grimsby Town F.C.,ENG,2022,1096.1268762882896
Ultimate Burger with chips,"Two patties, onions, tomato, bacon, cheese, egg, mushroom",5.2,91.0,a859218b9585100936e65be2d6b3aa5c,2025-05-12:5_right | 2025-06-23:1_left | 2025-07-07:4_left,Runcorn Town,ENG,2022,1132.928390997604
"Sausages, chips and curry sauce",In a hollowed cob,4.5,53.21,a85e39a46a3c832454418173c2b1c71d,2026-03-23:7_left,Merthyr Town F.C.,WAL,2024,1024.8545962107514
Vegan Oriental Dream Bowl,"Falafel, vegetable couscous, soy yoghurt, lentil salad, mint, sultanas, nuts",2.95,84.6,a8850e193148c721c2637976cac0bbf5,2025-08-01:3_left,Otto-von-Guericke-Universität Magdeburg,GER,2023,991.1111111111112
Pizza,,20.0,21.25,a885b1e1ce917669057f98011b94b08c,2025-12-07:6_left,Oasis concert,ENG,2025,841.6150045167401
Korean fried chicken,With waffle fries and a pint,29.0,46.79999999999999,a88930312505434d3ae0c87284b8cf7f,2025-04-26:9_right | 2025-08-27:9_right | 2025-10-07:8_right,LA Galaxy,USA,2023,1183.4310585957146
Battered sausages and chips,With curry sauce,4.0,7.89,a891de668eeab05243d58cf497b7cc16,2026-03-17:1_left,Shamrock Rovers F.C.,IRL,2022,903.2387158699124
"Sausages, chips and curry sauce",In a hollowed cob,4.5,52.115,a89b7135ca4881815ddde6dc41631663,2026-02-11:9_left | 2026-05-17:8_right,Merthyr Town F.C.,WAL,2025,1002.0866283166224
Pepperoni pizza,,10.0,61.14333333333334,a89ca2be90a609b83b709d5bcc75ba9c,2025-12-15:2_left | 2026-02-23:6_right | 2026-02-26:4_right,AFC Wimbledon,ENG,2021,1059.373482246033
Mexican jumping beans,Served in tomato sauce,6.66,47.83,a8fcf099abc8c8542c75bbc41dd1a5dc,2025-10-31:4_left,Estadio De Los Muertos,MEX,2025,998.6126930378124
Hot dog and loaded chips,,8.0,83.1,a9090ec9e37d60f88b24543989991362,2025-06-15:8_right | 2025-07-13:7_right | 2025-09-28:5_right,Cambridge United F.C.,ENG,2022,1061.689471258142
Poutine,,5.8,71.8,a91808e276df6543ac3daf62069fa9a2,2025-08-15:2_left | 2026-02-24:2_left,CF Montréal,CAN,2023,1016.2547300098512
Pie and mash,,4.5,43.3,a93e6dd914205ac0b225fd854faef50f,2025-06-18:0_left | 2025-06-27:0_left,Leyton Orient F.C.,ENG,2022,764.2954453650163
BBQ and farofa,,1.1,33.68,a93f943e4c5a05bb0ab6c7a6e0233f81,2026-04-22:6_left | 2026-05-17:4_left,Aryzão Stadium,BRA,2023,921.3735044229312
Jerk chicken and rice meal,,8.0,79.5,a9438eae2b533b7d1156843a05a0d055,2026-01-09:7_right,Tooting & Mitcham United F.C.,ENG,2023,1030.249852473936
Pizza and beer,,1.5,62.0,a9961bcd5e825b9ed95b9b5da0ff9ffc,2025-04-29:6_right | 2025-06-28:6_right | 2025-09-14:4_left | 2025-09-19:0_left | 2026-02-28:2_right | 2026-03-10:3_left,Associação Chapecoense de Futebol,BRA,2023,929.9205141705448
Pizza dog,,6.5,65.8,a9a7e6efd009d0cef8b6e8a3713a1060,2025-11-13:0_right | 2025-12-16:3_left,Nottingham Forest F.C.,ENG,2022,1077.8956811562798
Ham sandwich,With a snickers wrapper,1.5,19.01,a9ae37dfd45ab2be4fc634bb62b033d7,2026-03-13:4_right,Unknown Location,ENG,2026,980.1666763797424
Nachos topped with melancholy,,6.66,16.93,a9b4358beccea4f73ab5b8fc9e0865dc,2025-10-31:5_left,Stoke-on-Trent,ENG,2025,978.8324121389091
Bombay sandwich,Chicken Kadai pie and a vegetable samosa in a bun,5.0,62.2,a9d5dc9306bbc068ee3411a5797438cd,2025-05-17:2_right | 2025-06-01:9_right | 2025-09-15:2_right | 2025-12-07:1_left,Rochdale A.F.C.,ENG,2022,867.7438615725221
Buffalo chicken sandwich and fries,,11.5,72.4,a9db1e9c356a8f8ecb148f74e7e1e68f,2025-05-26:1_left,Richmond Kickers,ENG,2022,1065.9560997741726
The Bahama Mama,,7.0,27.1,a9f462bdc3c5c09479dccf0e121bcf6b,2025-05-15:1_left | 2025-05-17:0_right | 2025-05-25:1_left | 2025-07-03:8_right | 2025-07-04:0_left | 2025-07-26:9_right | 2025-08-12:2_right | 2025-08-19:3_right | 2025-09-01:8_left | 2025-11-26:6_left | 2026-01-20:2_right,Columbus Crew,USA,2023,739.8222302086468
Hot dog,,4.0,18.6,a9f7b2a55cc18f815cc8efaf7a3b82c2,2025-04-24:5_left | 2025-06-11:4_right | 2025-06-23:2_right | 2025-07-17:2_right | 2025-08-30:3_right | 2025-09-04:8_left | 2025-09-05:4_left | 2025-10-25:5_left | 2025-12-11:6_left | 2026-03-12:7_right,AZ Alkmaar,NED,2023,762.8125052017308
Freeze-dried strawberries,Free for soldiers,0.0,60.89,aa09da138f1fc96e6957b5e44d6634b3,2026-05-29:4_right,"Meal, Ready-to-Eat",USA,2026,1006.9552701284422
"Steak pie, mash and gravy",With a drink,6.75,39.81666666666667,aa1016aa7aea1d53adc47075386012d5,2025-10-06:5_left | 2025-12-20:1_left | 2026-05-07:0_right,City Academy,,2025,940.9979864575736
"Egg, bacon, cheese and onion burger",With a can of VB,5.8,44.6075,aa1559093ae287e6357bf2e8c0be746c,2026-01-06:6_right | 2026-03-03:3_right | 2026-04-05:9_right | 2026-05-06:1_left,Tyabb Junior Football Netball Club,AUS,2024,987.005572961138
Bacon cheeseburger,,6.5,69.3,aa4e8867b138759c3c23d03d96a4f2eb,2025-05-04:4_right | 2025-05-22:0_left | 2025-08-18:4_left | 2025-09-06:7_right | 2025-10-04:7_left,Avro F.C.,ENG,2023,963.9855831878804
Loaded fries,"With sliced pepperoni, garlic ciabatta, mozzarella, tomato sugo & basil",7.5,66.86,aa58465e0d331f21620c82f148734b06,2025-10-02:7_right | 2025-12-14:7_right,Hibernian F.C.,SCO,2025,1074.8695277287154
Prime rib cheeseburger,,8.65,42.9,aa60322aed36e9bc66e6abf9708f7b74,2026-05-03:2_left,Saskatoon,CAN,2026,975.5327169399249
Beef pastel,With a pint,2.4,81.1,aa6a44eca65e50f502ad267fe4d3e773,2025-05-10:9_right | 2025-05-11:4_right | 2025-06-07:2_left | 2025-06-08:3_right | 2025-11-19:0_left | 2026-04-03:2_right,Goiás Esporte Clube,BRA,2023,877.4126413486011
Biscoff cake,,5.5,72.82499999999999,aa9c1a1bc89b12e1e69f38ca421ac7a9,2025-11-21:8_right | 2025-12-21:0_right | 2025-12-26:3_right | 2026-01-12:6_right,Nottingham Panthers,ENG,2024,1093.6714638103022
Hot dog topped with cheese,,2.9,61.6,aa9d330dbe4e14bc0b70fdffb2acc8f5,2025-07-10:7_right | 2026-01-24:9_right,Sport Club Internacional,BRA,2022,780.1663142582
Curry Goat,,6.0,41.78,aac10a8a470185f194c8d1f19c5ec3fa,2026-01-04:6_right,Arsenal F.C.,ENG,2021,946.5099915434294
"Steak pie, peas and gravy",,2.0,29.11,aacd0503ffb4a1d91c38f8b7bd6df72d,2026-04-30:8_left,Emley AFC,ENG,2022,879.2770266676145
Hot dog,With can of corona,21.0,12.864999999999998,aaec04e0d76bbe62699451dd3e81f01a,2025-12-31:3_right | 2026-03-30:6_left,New York Knicks,USA,2024,803.2250327521178
Pulled pork hot dog,,5.0,89.8,aaee6f2a9808575640202b80cd9b65ca,2025-05-01:2_right | 2025-08-14:1_left,Frome Town F.C.,ENG,2022,1099.9269479936886
Chicken gyros,,7.0,79.9,ab043630798579ec5a2029ec23729a63,2025-04-29:5_right | 2025-12-12:2_right,Dulwich Hamlet F.C.,ENG,2022,1034.2209483199947
Seekh kebab,,8.0,18.098571428571425,ab04af5be733a9e0485bb29a73aa724b,2025-04-23:5_right | 2025-07-20:5_right | 2025-07-27:2_left | 2025-08-11:6_left | 2025-08-29:5_left | 2026-03-07:4_right | 2026-05-30:4_right,Arsenal F.C.,ENG,2023,831.8352001990328
Average of all Dutch scran,,,44.54,ab15a95b18bbd2917e6aea5b0860d81d,2026-05-22:8_right,,NED,2026,974.6744090562496
Prego,Steak and egg roll,4.0,82.4,ab320ea54faeb8ab6a53157a43bb1546,2025-05-07:5_right | 2025-07-20:2_left | 2025-08-24:2_right,Benfica,POR,2022,1020.7920328773127
Smoked turkey wrap,,11.3,41.72,ab3218cd5343a9e7dfdc6dbd83e0801e,2026-05-18:1_left,Texas Furry Fiesta,USA,2026,953.2897841180584
Chicken wings,,,71.68,ab35fdf408f0bc92505ca1da6bd46ec8,2025-10-22:4_right | 2025-10-25:2_left | 2025-11-30:9_right | 2025-12-06:9_left,Oldham Athletic A.F.C.,ENG,2024,1076.9046576802643
Cheesy brisket chips,,14.0,82.6,ab45010f6b9b9c66f9ac09a8c9cbf97f,2025-10-06:7_left | 2026-01-31:8_left,Aston Villa F.C.,ENG,2025,1173.386459089736
Currywurst and bread,,3.0,57.66,ab56a1defd6c64166fc52f79cf5fb0d6,2025-12-04:9_right,Eintracht Frankfurt,GER,2022,1063.6001175554918
Jerk chicken and rice,,7.0,68.91999999999999,ab82243f1788a11ea206cc59cffcaa67,2025-11-03:8_right | 2026-01-09:5_right,Tooting & Mitcham United F.C.,ENG,2021,1012.220805945244
Cheeseburger,,6.5,11.04,aba7537e5ad3192bc5f0cd9981614d4b,2026-01-20:5_right | 2026-03-21:3_left,Barnsley F.C.,ENG,2025,730.8344211050182
Pork sandwich,,2.2,46.03,abba890d06b41ac118d4fc5baee6f085,2026-02-28:3_right,Sport Club Corinthians Paulista,BRA,2022,965.6181421224892
The Stoke Stack,,7.0,76.6,abbdc45b48c8f8d8a26bde5494551bac,2025-05-29:9_right | 2025-08-05:0_right | 2025-10-05:0_left | 2026-03-19:7_right,Basingstoke Town F.C.,ENG,2023,1028.4655925380114
Chicken tikka and lamb kebab,With masala fries,12.0,91.40000000000002,abc12a9602a008d8cf090e83f212ae6b,2025-06-10:9_left | 2025-08-09:5_left | 2026-01-17:8_right,Slough Town F.C.,ENG,2024,1187.744498417136
Jerk chicken,"With rice, plantain, gravy and coleslaw",12.5,48.0,abc2f422c6aec9af70331632195840f3,2025-10-13:6_right | 2025-12-30:6_right | 2026-02-19:4_left,Kingstonian FC,ENG,2023,989.017261495034
Hot dog,,4.2,28.03,abc5f43e944ecf9b4f63dd09c71ee775,2026-01-30:3_right | 2026-05-08:4_left,Inter,ITA,2022,853.967798540003
Chicken and rice tray,,8.0,67.88,abca85cdc08757cc59fed9a5a648d06a,2025-11-30:8_right,Reading F.C.,ENG,2022,1007.9001759861682
Double smash cheeseburger,With bacon,6.5,95.2,abd4fed833715ddb005d3b5c5b41ce5f,2025-07-13:4_left | 2025-07-19:0_right,Beverley Town F.C.,ENG,2022,1175.1094925916973
Hot dog,,4.0,14.04,abf7361938e6999515cd44347b86370c,2026-03-19:6_right | 2026-04-27:1_right,Birmingham City F.C.,ENG,2022,845.3679847553691
Doner meat and chips,,6.9,85.2,ac191ee5e4472181b3d9732aec04a997,2025-08-13:1_left,RB Leipzig,GER,2023,980.9363617215153
Currywurst,,4.2,89.2,ac1b503e13e36f6482df98d660eb77ba,2025-06-23:4_left | 2025-06-25:1_left | 2025-08-27:3_left | 2026-02-12:7_right,Hertha BSC,GER,2024,1050.5927489790895
Chicken Of The Woods,Laetiporus sulphureus,0.0,100.0,ac30989254bb61e2307ebb2491a36d2f,2025-12-05:0_left,The Woods,ENG,2025,1019.2637493614848
Cheese dog,,7.5,18.604999999999997,ac59404e2841ceb162862eb01308bfd7,2026-03-02:1_right | 2026-05-30:8_right,Manchester United F.C.,ENG,2023,814.4830758313793
Jerk chicken pasta,,4.5,47.644999999999996,ac62fcd866785513a99ec47a11bceef8,2025-11-19:2_right | 2026-04-25:0_right,Tooting & Mitcham United F.C.,ENG,2022,990.9187427221756
Jumbo hot dog,,5.5,44.29999999999999,ac67ae23b792ec25c1a672fb340eccc2,2025-12-01:0_left | 2026-01-22:3_right | 2026-03-17:6_left,Glentoran F.C.,NIR,2025,934.3772311961286
Loaded duck fries,,6.0,81.54,ac884a3483fe922fe747dbae1068e4cd,2026-01-12:1_right,Oxford City F.C.,ENG,2022,1180.924681524143
Hot dog,,5.5,10.3,ac8ac07c4bb6e386f0da7958985950f3,2025-07-18:0_left | 2025-09-05:7_right | 2026-03-09:0_left,Sheffield United F.C.,ENG,2023,683.4786658170559
"Steak, bacon and onion baguette",,6.5,49.010000000000005,acccd074c041235155e0ad4b9666f702,2025-12-09:7_right | 2026-05-20:7_left,Arsenal F.C.,ENG,2022,989.9374233353705
Hot dog,,6.5,26.636666666666667,ace23f8e8ecd58dfd3c3abb3eec27fe8,2026-02-24:7_left | 2026-03-23:3_left | 2026-05-13:3_left,Everton F.C.,ENG,2024,905.468313713252
Salt and pepper crispy chicken loaded fries,,,77.8,ace5fce0bd6fbf7fcd5e563cf889c08a,2025-12-09:2_right,Coventry Blaze,ENG,2024,1222.7344284464582
Spicy sausage hot dog,,3.0,53.71,aceae9c43199fa016f8ce3b313f154a2,2026-05-08:1_left,AC Sparta Praha,CZE,2022,1042.081156613322
Jerk chicken and cornbread fritters,,7.0,74.8,acf8e752b028d4f32c959817e6d9389a,2025-04-20:5_left | 2025-05-03:2_right | 2025-05-15:3_right | 2025-06-18:6_left | 2026-01-09:4_left | 2026-02-18:9_left,Hanwell Town,ENG,2022,1098.8037813106043
Cool skull,With mash and gravy,6.66,59.81,ad06ef7ebcd14b6b4dd440c43a276130,2025-10-31:0_left,The Grave,ENG,2025,1006.2790081738892
Slice of Dominos pizza,,2.5,61.9,ad14a4d1abd2f52ff202200a96ec1891,2025-05-09:6_right | 2025-06-14:1_right | 2025-06-15:9_left | 2025-08-28:1_right | 2025-09-19:1_right | 2025-09-24:5_left | 2026-01-18:2_right,CF Hercules,ESP,2022,1015.1027465179172
"Pie, mash, gravy and peas",In a box,5.0,31.026666666666667,ad2e622fbccce31a6c8d0532d7b24d93,2026-03-30:7_right | 2026-05-23:2_right | 2026-05-28:3_left,Stockport County F.C.,ENG,2022,842.0891031465474
Sausage and beans loaded fries,,6.5,48.1,ad593dbb0ca10bd2f9651a93550c6d48,2025-05-04:0_right,Lewes FC,ENG,2023,987.9276737171252
Bratwurst,,3.4,85.6,ad5955932935ecbf06b279379278a7be,2025-06-18:4_right,1. FC Köln,GER,2024,941.4746972442924
"Meatballs, chips, gravy and mushy peas",,6.5,51.5,ad5daf7e592dbb58eb1c1a5b6171df35,2025-07-18:8_right | 2025-07-25:9_right | 2025-09-04:7_left | 2026-01-17:1_left | 2026-02-19:2_left,Coalville Town F.C.,ENG,2023,931.88662583776
Steak and peppercorn fries,,9.5,71.61,ad661db624318a9c32c2b88e88fb56b4,2025-12-08:6_right,Manchester City F.C.,ENG,2024,1088.474717811221
Tropeiro,"Pork steak, sausage, rice, vegetables and fried egg",2.1,82.9,ad6fa939d6d9e57d52e40e9463d3c10a,2025-05-03:5_right | 2025-07-13:9_right | 2025-08-12:0_left | 2026-04-07:6_right,Clube Atlético Mineiro,BRA,2022,1157.5119631221958
Beef brisket roll,,,88.26666666666667,ad791e9aba557ed7e23f051c938c4d71,2025-12-07:0_left | 2025-12-13:5_right | 2026-01-19:0_left,Tottenham Hotspur F.C.,ENG,2022,1188.8494771087992
Hot dog,,4.5,4.67,ad913e7156ffa0948e67cfee931acdcb,2026-03-05:2_right,Northampton Town F.C.,ENG,2024,686.8473198577018
Pulled pork sandwich,,3.6,87.7,adbd668cbba3717d1f4ae5c70918ed4a,2025-04-22:1_right | 2025-06-23:5_right | 2025-07-02:9_left | 2025-08-17:3_right | 2026-04-09:2_left,SE Palmeiras,BRA,2023,1090.9169514898324
BBQ mac and cheese,With pulled pork and fried crispy onions,10.4,28.03,addbddff885b0448846b7c166c225d2b,2026-04-12:2_right,Carolina Panthers,USA,2025,910.368179617964
"Schnitzel with rice, soup, salad, tiny cake",Free before a big surgery,0.0,13.4,ae1026d9f7a0a362e3751a800f2659f4,2026-04-24:3_left,AKH Vienna,AUT,2026,976.5754726946234
Double rib eye cheeseburger,,6.0,88.8,ae200307f3746e7107997a32aa95dea2,2025-05-01:9_left | 2025-07-23:3_left | 2025-09-21:6_left,Ashton Town F.C.,ENG,2023,1123.420894170781
Pizza slice,,5.0,17.3,ae26df94edc4780e1b6654195067a4f7,2025-05-29:2_left | 2025-06-01:1_left | 2025-08-03:6_left | 2025-08-06:7_left | 2025-08-20:5_left | 2025-09-19:8_left | 2025-10-08:6_left | 2025-11-12:0_left,Arsenal F.C.,ENG,2022,861.6210264360765
"Pie, chips, peas and gravy",,8.5,55.19,ae2bbe20aa91d47774d49b0ae246c709,2025-12-13:6_left,Sunderland A.F.C.,ENG,2024,991.8694905950052
Salt and pepper chicken loaded fries,With garlic mayo and sriracha sauce,7.5,82.7,ae3399b8e61c15530ce58f2ef21771fe,2026-02-03:1_right,Leeds United F.C.,ENG,2025,1163.4656873039312
"Pie, peas and gravy",,6.0,23.735,ae8a0d40092c6283ca010ea37004c508,2026-01-28:1_right | 2026-03-31:0_left,Rochdale A.F.C.,ENG,2025,858.3716140367504
Fried chicken bites,With a pint of Asahi,5.5,61.32,ae9518119e3e5ec8a78367c0b822281c,2026-05-17:1_left,Gamba Osaka,JPN,2023,1059.614516673162
Macaroni cheese pie,,2.5,64.2,aeb35c9a4a99382588708e17701d9415,2025-05-12:9_left | 2025-05-30:9_left | 2025-06-30:5_right | 2025-08-04:2_left | 2025-08-24:7_right | 2025-08-28:4_left | 2026-03-21:0_left,Elgin City,SCO,2022,784.3381495391341
Chicken curry pie,,4.5,28.98,aecaed4963c3dc3d1d5cbc228e846eb3,2026-03-31:1_left,Airdrieonians v Ross county,SCO,2026,885.1411377548349
Hot dog,,6.0,17.15,aed3cb1a67e451805fc22b2aaaea2881,2026-04-13:8_right,Grimsby Town F.C.,ENG,2024,781.0161148764765
Sweet and Sour Chicken,,4.0,56.04,af0044e0c823c68c96ae0aade68584ae,2025-10-22:7_left | 2025-10-22:8_left | 2026-01-30:4_right,Swindon Supermarine F.C.,ENG,2024,1010.7908067123252
Buffalo chicken,With waffle fries,6.2,96.1,af038d15e11f6d5a21a014b559fde70c,2025-06-04:5_right | 2025-08-20:9_right,Wellington Phoenix women,NZL,2025,1339.220371270157
Cheeseburger,,,42.79,af04547f53dab2f44a15c826fb17b205,2026-05-14:1_left,Leeds United F.C.,ENG,2022,993.622708874912
"Sausage, mash and peas",Free for patients,0.0,77.26,af19255ea1420994e000731832185c77,2026-04-24:2_right,"QEUH, Glasgow",SCO,2026,1017.4475473276854
Chicken and chips,,7.0,59.0,af23094ebac1c3b989613cd7be17004e,2025-07-06:0_right | 2025-12-14:5_left,Melbourne Victory FC,AUS,2022,912.720986188014
"Pie, mushy peas and gravy",,2.5,40.19,af24ae0d3f420ebd3e3bd3f4029d47ef,2025-12-25:8_left | 2026-01-30:7_left | 2026-02-16:6_left | 2026-04-19:8_right,Padiham F.C.,ENG,2022,929.1818689170592
Bacon cheeseburger,,6.0,69.28,af2facde77cb2eff983ba52b1d1b6db7,2025-10-28:0_right | 2026-03-07:6_right,Folkestone Invicta F.C.,ENG,2021,1088.0183645434838
Scran of the day,,,44.394,af4892298972e2faec9ac8f9dc25a34a,2025-11-23:4_left | 2025-12-24:4_right | 2026-03-29:2_left | 2026-03-31:7_left | 2026-04-23:7_right,Unknown Location,USA,2025,995.1618088055916
Cottage pie,,3.5,58.05,af55615db5e6304df2b4eb86108e9883,2025-12-25:1_left | 2026-04-27:9_right,Shrewsbury Town F.C.,ENG,2023,1016.4355085961668
Steak and chips bowl,,11.0,55.14,af966547b7f0a3182c9fce1d21e33dd3,2025-11-05:2_left | 2025-12-25:5_left,Port Vale F.C.,ENG,2023,1067.5802197416797
Pepperoni pizza cones,,5.8,67.5,afa394ebd976586a5d0bddb11abc3194,2025-05-11:7_left | 2025-09-27:4_right | 2026-02-08:6_left,Philadelphia Union,USA,2022,1008.0651230260185
Pulled pork sandwich and chips,,12.5,47.349999999999994,afa92aaa6b38fb7e18d23571b949df0f,2025-06-02:5_right | 2025-07-01:7_left | 2025-08-25:7_left | 2026-05-23:5_left,Orlando City SC,USA,2023,893.8974823242169
Sausage breakfast pie and red pepper frittata breakfast,Included in hospitality ticket,99.0,56.6,afb5024649f0a67b2c9d8e40116d8ba0,2026-04-09:5_left,Tottenham Hotspur F.C.,ENG,2022,1018.7420520654498
Rib meat roll,,8.0,52.7,afc812d61c644fe681bf70247799bf4b,2025-10-30:4_left,West Ham United F.C.,ENG,2022,1079.735020969982
Mega Burger,"2x burgers, 2x cheese, 4x bacon",7.0,80.93,afdb75f14cc42322fe7393b0c719e8c9,2025-10-20:0_right | 2026-02-19:6_right,Ilkeston Town F.C.,ENG,2025,1165.6021011828843
Pork sandwich with crackling,,10.0,52.2,afe0b3508f5dd089e9ffc7195bfaf0ea,2025-05-24:1_left | 2025-06-14:4_right | 2025-08-27:5_right | 2025-10-04:5_right | 2026-01-22:0_left,Toronto FC,CAN,2022,981.5832422499824
Hooper Special,"Battered sausage, chips and curry sauce",8.6,53.98,b00b3096b26b57927f9f4199e0750058,2025-10-18:5_right | 2025-10-21:2_left | 2026-03-17:5_left | 2026-04-09:6_left,Shamrock Rovers F.C.,IRL,2025,989.5763207172138
A pint of Staropramen,,,50.235,b0349f7e9a817c1dbf897ec16312b59e,2025-11-02:4_right | 2026-01-23:9_left,Glasgow,SCO,2024,1060.4946734887112
Chicken loaded fries,,7.5,92.1,b065c9f4721c20a36ceba80d3cfddc4e,2025-09-15:7_left | 2025-11-23:3_right,Leeds United F.C.,ENG,2023,1230.759498672229
Double cheeseburger,,5.5,86.23,b06bef530ee898afa2f6f2c3ce034f99,2026-02-21:4_left,Hartley Wintney F.C.,ENG,2021,1228.7951188796694
Malang Meatball,,2.5,46.566,b083d90f7edaecedfa14146ec99a7912,2025-06-15:3_left | 2025-08-08:5_right | 2025-09-30:0_right | 2025-12-10:8_right | 2026-05-21:9_right,Jakarta,IDN,2023,813.116213059312
Butter chicken poutine,,10.0,88.7,b090b168d4f868bdf778187f61f5d252,2025-08-27:9_left | 2025-10-01:1_right | 2026-02-04:8_right,Birmingham City F.C.,ENG,2022,1151.544734215771
Lebanese chicken flatbread,,6.95,96.3,b0ade8e3ff5ced278feb22871e945b21,2025-06-03:8_right | 2025-08-16:1_right | 2025-09-25:4_left | 2025-11-15:5_right,Barnsley F.C.,ENG,2023,1198.3531140645096
Dirty dawg,,5.75,90.6,b0bc556b56797f7dbc1ea41a523f7236,2025-07-05:9_left | 2025-07-23:2_left | 2025-08-25:1_left | 2025-09-11:2_left,Hull City A.F.C.,ENG,2023,1101.4536918295803
Pork belly mac n cheese,,9.5,69.82000000000001,b0e73046d9c8c1ff7d4bf28a94fe2a4f,2026-02-08:3_right | 2026-04-22:7_right | 2026-05-23:4_right,Nashville SC,USA,2022,1115.337840546851
Lentils with soy pea cream,With a piece of ciabatta bread,2.1,27.7,b13011e4e89b1dfe3f6cca22d8592625,2025-08-01:4_right,University of Leipzig,GER,2023,1006.1538461538462
Biryani and a beer,,8.5,66.0,b13335239f3deea1c8a2b38428d0bec2,2025-06-07:2_right,Blackburn Rovers F.C.,ENG,2022,864.0706985476804
Biscoff and kinder bueno doughnuts,Price for each,5.0,65.8,b1856311e2da3f82814f5afe4b719a59,2026-04-02:4_right | 2026-04-17:3_right,Wembley,ENG,2025,1054.5047412010574
Pulled pork sandwich,,9.2,10.4,b18aba92b7ecdaa12aea91f4467140bc,2025-07-04:2_right | 2025-07-27:6_right | 2026-01-29:7_left,Charlotte FC,USA,2023,807.6121726786404
Shish kebab,,7.0,70.9,b19d035a6aedaacdf9b6bdeec7d7b2e6,2025-07-19:6_right | 2025-07-23:5_left | 2025-07-23:7_left | 2025-09-06:5_left | 2025-09-29:2_right | 2025-12-12:7_right,Aston Villa F.C.,ENG,2022,998.4149313249496
Double southern fried chicken breast,"On a toasted brioche with chicken tenders, chilli wings, loaded fries and a pint",10.0,69.5,b1a0e1e1be49e5311ded3f7bef97d134,2026-02-05:4_right,Wrexham A.F.C.,WAL,2025,1164.3773057749231
Korean BBQ Cauliflower Wings,,8.0,47.09,b1af5b45ee96a6ea4f9844f2cdecd6a7,2026-05-17:4_right,Brighton & Hove Albion F.C.,ENG,2025,976.9627119054752
Black pudding sausage roll,,3.0,60.70000000000001,b1b966cce74eaf0a84aef8702fd0d43a,2025-05-30:9_right | 2025-06-10:3_right | 2026-03-28:2_left,Rangers F.C.,SCO,2022,825.4267763461395
Curry chips,,6.0,56.06666666666667,b1ce6c59e5ed3355b58ab674f1c38c84,2025-10-12:7_left | 2025-10-18:3_right | 2025-12-10:0_right,Ireland v Switzerland,IRL,2024,1025.0800580662174
Pepperoni n sausage combo pizza,,11.0,79.2,b1d1d82638ad0833c668d014f73dc888,2026-02-25:6_right,Peoria City,USA,2024,1090.74495447345
Tropeiro,"Rice, beans, pork loin, fried egg, collard greens and tomato",3.0,81.7,b1d95b673fc57fcced58281ea3b84797,2025-06-15:4_left | 2025-08-22:7_left,Cruzeiro Esporte Clube,BRA,2022,1134.3075583390882
Cumberland hot dog,,6.0,90.0,b1f8a0c9073b3699c6ce14727ae37270,2025-07-14:9_left | 2025-09-01:6_left,Brentford F.C.,ENG,2022,1153.9385959026938
Cheeseburger,With added sausage and bacon,5.9,81.9,b202607994c21406261c88e7c527c3e3,2025-05-28:0_right | 2025-08-27:6_right | 2025-12-24:9_right | 2026-02-09:6_left,Dartford FC,ENG,2023,974.5628075548664
Chicken Achari curry and rice,With chilli garlic fries,4.0,95.1,b212f8d54f93d279b34be0262d29e22d,2025-06-25:7_right,Bolton Wanderers F.C.,ENG,2023,1210.492966034363
Pulled beef burger,,8.5,73.8,b21e06a6555c37191916628bb96482be,2026-05-25:9_left,Australia v Japan,AUS,2022,1130.7876018912696
Mac and cheese balls,,6.0,62.9,b24531cc87707bedb217dc62b348b4e5,2025-06-15:1_right,Capital Girls League,ENG,2022,975.5099128929392
Meat and potato pie,"With chips, peas and gravy and a pint of Pomona",12.0,28.1025,b2678fe614ecf9234317da210bbc191d,2025-10-27:0_right | 2025-10-28:7_right | 2025-10-30:3_right | 2026-01-27:4_left,Altrincham F.C.,ENG,2024,1007.1503961021092
Pizza slice,,3.5,25.600000000000005,b26a682e4d01cdc2f149726a3dd0b04f,2025-05-17:9_left | 2025-05-29:3_left | 2025-08-06:6_left | 2025-08-23:7_right | 2025-09-19:5_right | 2026-03-24:5_right,West Bromwich Albion F.C.,ENG,2022,901.39708239299
Mango biche and chontaduro (peach),With honey and salt,0.75,45.5,b2a128c52e4b3aeeceb133bb8ed730eb,2026-05-25:3_right,Deportes Quindio,COL,2022,961.9796488146118
Meat and potato pie,With chips and gravy,5.0,77.7,b2c9f6ce1025c0f73f2e7859b2468172,2025-05-24:8_right,Bamber Bridge F.C.,ENG,2023,928.2883402859652
"Haddock, chips, mushy peas","Wnd batter scraps, in pita",6.5,86.1,b2ccc6f6d949ee0e2e52b36fc0b56b99,2025-07-12:9_right | 2025-08-25:2_left,Grimsby Town F.C.,ENG,2025,983.3810071700808
Hotdog and chips,,12.0,51.65,b2da44450e4169932b2499f4943836a1,2026-05-19:4_left,"Aussie Open, Melbourne",AUS,2026,996.910657563956
Hot dogs,With a litre of beer,8.6,79.2,b2e43e565d7cc531f7cdcafddb653369,2025-04-21:3_right | 2025-05-06:2_left | 2026-01-20:0_left | 2026-01-28:3_right | 2026-03-09:1_right,FC Bayern Munich,GER,2022,1083.0945907075345
Tudor Specials Gammon & Pineapple,,,11.42,b2ecc27391110a89a811e0637972b6f1,2026-02-20:4_right,Tudor,ENG,1982,975.3082001200283
Bacon roll,,4.6,9.9,b30e2504c56b113d245f4e1e0b260de7,2025-05-20:1_right | 2025-06-13:3_right | 2025-07-07:8_right | 2025-07-21:7_left | 2025-08-12:1_right | 2025-12-24:6_left | 2026-01-19:8_left,Reading F.C.,ENG,2022,681.9285747088842
Chicken burger,,3.8,74.84333333333335,b313608b0b58bb9557ffd453cec6904b,2025-10-09:5_left | 2026-01-24:5_left | 2026-03-23:4_left,Paris FC,FRA,2022,1102.3869769359071
"Fish, chips and mushy peas",,10.0,62.25,b31f842a81a3836952d7bdbedf12b9b7,2026-03-19:0_right,Manchester City F.C.,ENG,2025,1038.486766643024
Bacon double cheeseburger,,8.0,84.6,b3813587e88a6f64a2b7f0002a34cfa0,2025-05-07:9_right | 2025-05-27:4_left | 2025-07-24:8_left | 2025-08-04:6_left | 2025-11-23:3_left,Plymouth Argyle F.C.,ENG,2023,1108.7736716026443
Sausage pizza,,6.5,35.455,b3955dff1982fbb9433e5e945cb37339,2026-04-30:2_right | 2026-05-24:9_right,Chicago Fire FC,USA,2023,923.490059460338
Hot dog,With sauce packets,3.3,16.255000000000003,b39619141b45d02331791163147c46c1,2026-04-15:1_left | 2026-05-21:5_left,"Win Stadium, Wollongong",AUS,2025,820.4074903567132
"Pie, chips and curry sauce",,7.0,37.92,b3bdfd81baaf29e74d604ffbc24a42bb,2026-04-23:6_left | 2026-05-12:5_left,Walsall F.C.,ENG,2022,943.4673755677612
"Pie, mash and liquor",,5.0,30.12,b3e70ccb4df5771ba9bf0b0fac3df062,2026-04-02:3_left,Leyton Orient F.C.,ENG,2021,846.2752565406099
Bifana,,6.7,56.32,b3f8fe0204c6b3e8c125ed0473ba5919,2026-02-02:9_left,WestPark Dortmund,GER,2024,1038.8067366936857
Parmo in a bun,,4.0,86.6,b40959124a83cbc6b9f4596e1d856be1,2025-09-15:6_right,Redcar Town F.C.,ENG,2023,953.4978471029824
Loaded fries,,7.0,77.725,b41f1d265864cfe4d4816398a3628a28,2026-01-29:6_left | 2026-02-12:2_right,Orlando City SC,ENG,2022,1152.180910319459
Double cheeseburger with bacon,,5.0,85.3,b425a58819d650d7d9432353fc847086,2026-01-17:8_left,Newmarket Town F.C.,ENG,2022,1117.9291219443571
Loaded fries,"Cheeseburger, vegan and chicken -- price for each",7.5,91.4,b4282ad25b76c311e1e1412bda948d6b,2025-09-17:8_left | 2025-10-08:8_right,Leeds United F.C.,ENG,2024,1238.233587293806
Bratwurst,In a bun with mustard,5.6,42.78,b43b0672a773a97e2b8f6db91054dbe6,2026-05-13:7_right,Vienna,AUT,2025,973.631917162514
Spicy sausage,,3.3,90.8,b46c8ef78109df888447a91e2ae2ceff,2025-08-21:1_right | 2026-01-26:1_left | 2026-03-21:9_left,AC Sparta Praha,CZE,2023,1085.6307043806496
Chicken teriyaki bowl,,15.0,67.94,b4789e931db5c3b17c49051a344c1db8,2025-10-21:6_left,The Rose Bowl,USA,2025,1143.764802658613
4pc chicken finger and hot dog,With a modelo,29.75,43.25,b478ffad1da9694ac3d860a31deb16da,2026-05-02:3_left,Metlife Stadium,USA,2025,969.619900152612
Dirty nachos,,4.0,59.394999999999996,b48401e1f901bd7de932ccb7c3083948,2026-03-01:2_right | 2026-05-19:3_right,Taunton Town F.C.,ENG,2022,1079.093779034563
Ice cream sandwich,,0.5,31.72,b4b1bd9142d425c38c8d9563cff577a3,2025-12-25:7_right | 2026-01-26:3_right | 2026-03-23:9_right,Bali United FC,IDN,2024,887.0703332690667
Cheeseburger,,5.0,17.445,b4bc1d4e6b108116e116727a107036cf,2026-01-08:2_right | 2026-05-30:0_left,Tranmere Rovers F.C.,ENG,2022,811.2120972488715
Bread with lard and onions,,0.75,23.18,b4bd656acff61554b75158eb88d46556,2025-11-14:4_right | 2025-11-28:9_right,Ferencvárosi TC,HUN,2025,817.0565833930523
Kick off combo box,"2 Korean BBQ chicken sliders, steak pie, popcorn chicken, tots, mac & cheese bites, dips",15.0,90.9,b4fe9d6eff18b1fbfc9721e97a17f159,2025-10-07:3_left | 2026-04-19:0_right,Portsmouth F.C.,ENG,2025,1065.9781401321611
Pork hamburger,,3.9,11.84,b508f78b8acc4de3cc720207835fb05d,2025-10-24:7_left,SK Slavia Prague,CZE,2025,811.1241046380508
Footlong sausage roll,,4.5,40.86,b546e0c59c992ee0a442b93e2dd101a1,2026-04-27:5_left | 2026-05-30:0_right,Swindon Town F.C.,ENG,2025,964.7521178597048
Pie and mash,With liquor and chilli vinegar,9.0,42.1,b548d9340c276f24cf2e704c117c1582,2025-05-25:0_right | 2025-08-27:8_left | 2025-09-09:6_right | 2025-10-04:8_right | 2025-12-06:7_left | 2025-12-30:7_left | 2026-02-24:1_right | 2026-03-12:7_left,West Ham United F.C.,ENG,2023,776.4209355870868
Burger,,4.2,10.7,b56a87477977cf09f595300fa6a5a8a5,2025-06-13:6_left | 2026-05-16:0_left,Rotherham United F.C.,ENG,2023,741.8271057407065
Tortellini Bolognese,With beer,5.5,93.5,b5886b6fd657759994e3df1e0cdd1ed8,2025-06-08:4_right | 2026-01-24:1_right | 2026-03-22:0_left,SG LVB Leipzig,GER,2024,1213.5439941742534
Pork belly,With rice and red cabbage,11.6,73.8,b59cd614891df61bb4ccd9c12772ee1a,2025-07-10:9_left | 2025-08-25:4_left | 2025-09-14:2_right,St Louis City SC,USA,2022,1035.5032949180172
Pulled pork and cheese hot dog,,7.0,68.95666666666666,b5b115855303ce89e925c4ee0d5d8a5c,2025-11-11:2_left | 2026-01-27:8_left | 2026-02-11:3_left,Grimsby Town F.C.,ENG,2021,1075.867068848913
Turkey and stuffing bap,With roast potatoes and gravy,7.0,92.90000000000002,b5b512ccb3be8ed81ef3679d5f46bf48,2025-05-02:7_left | 2025-05-05:8_right | 2025-12-12:5_right,Barnsley F.C.,ENG,2025,1012.4573097196734
Pulled pork BBQ sandwich,"With mac and cheese, and a soda",9.7,73.07,b5e77474075775aa122a535be385502e,2026-05-28:7_right,"Fort Worth Zoo, TX",USA,2025,1129.3558006482006
Average of all Canadian scran,,,58.31,b5f8d50cd0a42e4cb96ac7c807aa9815,2026-05-22:1_left,,CAN,2026,1007.1830131445904
Cheese pizza cone,Price for 2,8.0,44.38,b60ab70a19d6f0f4b00185a9d428bb15,2026-04-15:4_left,Philadelphia Union,USA,2022,865.347910921634
"Pie, chips, peas and gravy",,6.0,26.22,b61f534518dba91d07d8aecf722cdcb7,2026-05-31:4_left,Hanley Town,ENG,2025,855.1201516970574
Foot long hot dog,,5.5,87.4,b6222020bb581494e5d957a4903875e9,2025-05-15:3_left,Leicester City F.C.,ENG,2022,1023.1742802003412
Churros,,1.5,86.4,b62f07e5ba78e7b165eed14dd49b33d4,2025-05-15:8_left | 2025-05-29:5_right | 2025-06-08:9_right | 2025-07-06:3_right,São Paulo FC,BRA,2023,1107.9058251738538
Chicken Kiev loaded fries,,5.5,52.8,b65a889f724e2408a0d97a5fb1e272be,2026-05-14:8_right,Farsley Celtic F.C.,ENG,2023,1028.105705746823
"Pie, mash and liquor",,7.0,29.07,b6707f9c03a4a64d7c2ae03ce162084d,2026-02-06:0_left,Leyton Orient F.C.,ENG,2024,870.7611173639551
Macaroni cheese,With crispy onions and bacon,4.5,80.2,b685d4eddbb84ba4aff853d92b68920a,2025-06-21:1_right | 2025-12-25:9_right | 2026-02-07:1_left | 2026-02-14:9_left,Gillingham FC,ENG,2023,1080.5846689774644
Chicken Balti Pie,With a pint,10.2,41.71,b69f5346f62f376612002965ef02a0c4,2025-11-27:8_right,St James Park,ENG,2024,907.2850655329784
Pizza,,8.0,37.79,b6a10c5e2a9b0ff201c6d488d4c46ca9,2026-01-26:5_right | 2026-02-03:7_right | 2026-03-01:4_right,Sport Club do Recife,BRA,2023,941.8107089854828
Chicken nuggets and chips,,4.8,51.5,b6a8f0f9124c9bf2b5c9b629988855b9,2026-02-28:5_left,Adelaide United,AUS,2022,1015.1463403537284
Beef sandwich,,12.75,24.84,b6b8fe8b47f37b1fc2488cd2a8b330b1,2026-02-08:1_right | 2026-02-15:2_left,Lincoln Financial,USA,2024,862.5952572206143
Loaded fries,In a cup,4.0,23.776666666666667,b6bbe4ee31e960c5633167d7d41fd94d,2025-10-17:1_right | 2025-11-02:5_right | 2025-11-12:6_right,Watford F.C.,ENG,2023,986.9282475344004
Cheesy hot dog,,0.85,28.313333333333333,b6bd3bc135f88ff70518c0f9ba1da8bf,2025-12-26:4_right | 2026-03-08:0_right | 2026-03-30:3_right,FK Metta,LVA,2022,868.1772220018164
Bratwurst,,3.0,43.86,b6e92228503c4bb5152a006953b58d4d,2026-05-30:9_left,FC Viktoria 1889 Berlin,GER,2022,970.729342359942
Pulled pork sandwich,,3.0,86.1,b6f27f45825a0e84d0ce7e1f9c12b55c,2025-05-02:5_right | 2025-05-05:7_left | 2025-05-22:8_right | 2025-08-22:0_left | 2026-01-24:9_left,São Paulo FC,BRA,2023,1064.3671836793294
Burger,,4.5,8.4,b6f5e0cb67763b2e66c4bd2fe237fe07,2025-05-01:0_left | 2025-05-20:0_right | 2025-05-30:2_right | 2025-11-29:6_right | 2025-12-11:6_right,Dundee United F.C.,SCO,2023,726.3792082285584
Sausage,Price for one,4.3,43.74,b6f6f7f4e972427c1f81c39220c3813e,2025-12-09:0_left,Borussia Dortmund,GER,2024,990.7440635243254
Hot dog with self-serve toppings,Free with a Norwegian cruise,0.0,40.18,b70433f66ec3df0148137475be1b2047,2025-11-07:7_left | 2026-01-16:4_right | 2026-02-27:6_right | 2026-03-31:0_right | 2026-04-14:5_right,The sea,NOR,2025,917.9841469722433
Cheeseburger with chips,,6.0,94.40000000000002,b72261e4af4d6c833222c44e92532aa1,2025-05-24:8_left | 2025-06-16:2_left | 2025-07-08:7_left,Harpenden Town,ENG,2023,1096.9766239438725
Sausage in lompe,The Norwegian hot dog,3.5,31.6,b73a3763dad425487069c8a17e3f9a60,2025-07-18:2_left | 2025-09-16:7_left | 2025-10-25:5_right | 2025-11-16:8_left | 2026-02-11:5_left,Norway v Scotland,NOR,2023,758.3620769155417
Tottenham fried chicken,With a bag of chips,8.95,88.6,b745c76f40cd2abe79766e0c462e0498,2025-06-17:7_right | 2025-07-09:5_left | 2025-08-24:0_left | 2025-09-10:3_right | 2026-01-10:5_left,Tottenham Hotspur F.C.,ENG,2023,1179.1194391881431
Double smash burger,,6.5,92.225,b74722c4bd2379c1b325d3ed8c5b29ff,2025-11-26:2_left | 2026-01-02:4_left,Hartley Wintney F.C.,ENG,2024,1227.165479886898
Currywurst,With fries,7.35,65.84,b74dfb7552a94dc616ea853c5911f825,2025-12-27:0_right | 2026-02-21:1_right,Fritz-Walter-Stadion,GER,2025,1039.6021352697794
Breakfast box,,8.0,66.38,b76787f4e6ef5bfcecd3e1e3a5e92fc9,2025-12-31:7_left,Chadderton F.C.,ENG,2025,1075.8146711390282
Koupes,Deep fried minced meat and onions,2.57,37.0,b76b8265d2adcfde8c535a03cfce2003,2025-07-15:5_left | 2025-07-28:9_left | 2025-08-29:8_right | 2025-09-08:3_right | 2025-11-03:3_right | 2026-02-16:0_left,Ethnikos Achna FC,CYP,2024,856.9664581195783
Zapiekanka,Bread with cheese and mushroom,3.0,78.4,b7859001dffba22ca383dd278bf900f8,2025-08-15:8_left | 2025-09-03:7_right,KS Cracovia,POL,2023,931.0216256294414
Kaiserschmarrn,,8.25,47.22,b78e0bababc1dc757f72ff48d09038e6,2026-05-11:6_right,SAP Garden,GER,2025,975.2013904246684
Hot dog,,6.5,50.70000000000001,b7b0d215c16aa898b3afe736b1e77731,2025-07-12:6_left | 2025-09-05:0_right | 2025-09-29:5_left | 2025-11-11:4_left | 2025-11-18:6_left | 2026-01-12:5_right,Everton F.C.,ENG,2023,923.3941033450596
Steak and gravy pie,,2.2,79.1,b7b574f291f6a8b25e7894df92b4c81b,2026-04-15:7_right,Pollok F.C.,SCO,2022,922.3299245815956
Tafelspitz (boiled beef),"With potatoes, minced apple sauce, sour cream dip, „grießnockerl“ soup",2.85,57.3,b7bd3f5bdc7ad22e103b3d90fb14d384,2025-07-11:3_right,AKH Vienna,AUT,2023,1002.7118644067796
Sausage in lompe,,2.1,34.315,b7bd5b0a60224822518447d0d01bd6d5,2025-10-19:4_left | 2026-01-30:5_left,Grorud IL,NOR,2024,880.4631907756647
Chicken tikka naan and chips,,6.0,76.1,b7d9b442e748c3d496314999fd3c60a1,2025-06-19:9_left | 2025-07-12:4_left | 2025-08-07:2_left,Debenham LC FC,ENG,2022,1043.0167418294575
Bavette steak with potatoes and garlic,Food included with ticket,86.0,63.29999999999999,b7e784b17d21c71aebcf0f7eec4053c7,2025-06-28:3_right | 2025-07-15:0_right | 2025-08-12:7_right,"Le Deck, PSG",FRA,2022,1005.7207765675836
Samosas,"Chicken, lamb and veg",6.0,70.4,b7f1e9e3a70f91e9fdb6c8c14491d376,2025-07-14:3_right,Brentford F.C.,ENG,2022,1023.4276933753706
Poutine,,6.0,88.7,b80494a047e30cf3113e4cb74048cbfb,2025-05-11:3_left | 2025-07-16:7_left | 2025-08-15:2_right,Vancouver Whitecaps,CAN,2023,1208.8025435962522
Fruit topped shaved ice,,2.4,45.655,b8088c106f2d4c1dab1ae71d6bf598c0,2026-02-13:4_right | 2026-04-19:3_right,Cerezo Osaka,JPN,2022,945.243544558644
Hot dog,,,58.3,b80ca35e8829d771f312dc6eda23a36d,2026-05-08:6_left,Unknown Location,USA,2026,1048.13655273392
Chicken strips and chips,,6.5,75.99,b813d38fb0dda99adcffcd873f377420,2025-10-13:8_left,Barnsley F.C.,ENG,2025,1078.5163796806833
Meatball sandwich,,2.9,31.8,b817b2b3fdf47c6f8303c4ba4a905ba0,2025-06-06:4_right | 2025-06-19:1_left | 2025-07-26:3_left | 2025-08-25:0_right | 2025-12-08:2_left | 2026-02-17:7_right,AFC Amsterdam,NED,2025,800.8367187006636
Sausage wrap,,11.0,19.005,b81a5147075662fd18c9b0b782e577d7,2026-05-07:3_right | 2026-05-12:9_right,Austin FC,USA,2025,797.8261922421276
Double cheeseburger with bacon,,5.5,91.59999999999998,b823ccb814478236d4ae4b74fe266c76,2025-05-13:1_left | 2025-06-21:7_left | 2025-06-22:8_left | 2025-07-30:6_right | 2025-08-26:7_right | 2025-12-25:9_left,Tonbridge Angels F.C.,ENG,2023,1091.88274431436
Slider box,,18.55,74.755,b836c3bd46419b9b01ecf953f36b3a99,2025-10-03:6_left | 2025-12-30:0_right,Children's Mercy Park,USA,2024,1112.717723275865
Eggs,With mashed potatoes and mustard sauce,2.9,32.3,b83e715d666d59268670b6624e5efa2c,2025-07-11:1_left,UKM Mensa Münster,GER,2023,980.3870967741937
Chicken tenders and fries,,8.0,76.83666666666666,b84a22489d314fb9dce94033a3e043a7,2026-01-07:4_left | 2026-01-10:3_left | 2026-04-20:9_right,Los Angeles F.C.,ENG,2022,1168.7579110356896
I'd rather have a starter than a pudding,,,43.0,b8713997b0af0821b3f73fd17e4c78dc,2026-05-01:3_right,YouGov polling data,ENG,2026,997.3021718064184
3 in 1 chicken tray,,5.8,89.8,b87f9af99f65bdd641735430767c905b,2025-05-07:3_left | 2025-05-07:4_right | 2025-09-22:5_left,St Patrick’s Athletic,IRL,2024,1121.5771185821936
Margherita pizza,Free entry into the match,9.0,69.32666666666667,b88a04321a87f9150ebc0719c25d3001,2025-10-11:6_left | 2025-10-20:2_left | 2026-05-23:3_left,Felixstowe & Walton Utd FC,ENG,2025,1090.3053663987378
Berries,Free from a bush,0.0,73.7,b8927eba107189c27a246e6888b0c28f,2025-08-02:6_right | 2025-09-04:3_right | 2025-11-21:3_left | 2026-02-27:3_right,Basildon United F.C.,ENG,2023,870.6500886532469
Quesabirria tacos,With elote,,67.175,b8a45b1037aa731cacfd78742ac3f041,2025-12-08:8_left | 2026-05-18:4_left,Philadelphia Union,USA,2024,1092.9456623516796
Cheeseburger,,7.0,9.06,b8c157750ab0536d34010c6148d07ec6,2026-02-01:7_right,Cardiff City F.C.,WAL,2023,740.873842810647
Yorkshire pudding wrap,"Filled with sausages and stuffing, with a pot of gravy",5.0,92.3,b8c6cbbfc93cb38ec41d7f41bb72d2e4,2025-05-01:7_left | 2025-06-21:6_left | 2025-08-03:0_left | 2025-08-28:5_left | 2025-09-13:9_left | 2025-11-09:0_left,Derby County F.C.,ENG,2023,1005.1547281033
Birria fries,"Birria beef, queso, chives",6.7,76.48,b8c9f669b21728373755f521a9ffc4c3,2026-02-23:4_left,Toledo Walleye,USA,2025,1111.9717672094905
Chicken katsu curry,,,86.2,b8eeb1c9a34a15b1c71fa0cdf047c7c4,2026-02-13:6_left,FC Tokyo,JPN,2022,1162.2507990423337
Hot dog,,,22.875,b8eff7f59d1ca00525c995bfdd4eb78d,2025-12-16:0_right | 2026-01-13:3_left,Sevilla FC,ESP,2023,908.025714067066
Chicken tenders and chips,With garlic sauce,7.8,77.1,b901f14daa63832eec710ab1fcc0da07,2025-07-27:6_left | 2026-02-28:8_left,Sydney FC,AUS,2022,1092.258831825117
Sremska sausage,"With sauerkraut, roasted onions and Ajvar",5.0,85.7,b902c3263857a995b66ccc5c7c025224,2025-04-25:7_left | 2025-09-16:3_left | 2026-03-07:5_left,Malmö IP,SWE,2022,1022.122043446049
Chicken and chips,,8.5,81.6,b9061ea9dffdd872f007a5deb974dbe6,2025-06-07:5_right | 2025-07-10:3_right | 2026-01-28:6_left | 2026-02-28:1_right,Louisville City FC,USA,2022,1019.170815407172
Chicken Burger,,6.0,35.565,b90eef9c89beec25ab574a51bd9f72d3,2026-01-04:1_left | 2026-02-24:0_left,Folkestone Invicta F.C.,ENG,2025,914.0687852645716
Chicken katsu curry,,7.0,65.75,b916662131894b19e60020a63a48b281,2026-05-12:3_left,Farnham Town F.C.,ENG,2025,1095.0631859619984
Sausage wrap,,7.75,25.255,b925832cf4d5a0623000588cd4549261,2025-10-18:1_left | 2025-10-23:7_left | 2025-11-06:4_right | 2026-01-08:1_left | 2026-01-30:0_left | 2026-03-03:2_right,Austin FC,USA,2024,868.2573612256233
Cheese and ham toastie,With a hot chocolate,9.75,45.745000000000005,b92f1c76bab44963e7999b3730481a4c,2026-01-11:9_right | 2026-02-14:7_right,Rangers F.C.,SCO,2024,1003.1890340292398
Hot dog and chips,,5.5,24.23,b9729b7d2a8eb493c4db27c52f187f56,2026-04-28:2_right,Newport City FC,ENG,2025,844.2209857242747
Chips and schnitzel nuggets,With a pint,12.0,92.3,b97ae3511ba18399772c16f20d766888,2025-08-21:3_right,FC Bayern Munich,GER,2023,1031.6101721141104
"Sausages with mash, gravy and peas",Free with an electrocution,0.0,94.0,b97c0f0e810ff351025cc6a02437f420,2026-04-24:9_left,Southampton,ENG,2026,1028.1630695443646
Two sausage hot dog,"With teriyaki sauce, seaweed and scrambled egg",6.5,34.885000000000005,b98f9193958019925495b56cdfae3dbf,2026-05-05:6_left | 2026-05-08:4_right,Yokohama FC,JPN,2022,925.6829351763492
Fish and chips,With curry sauce,10.0,73.2,b9bbf6ad9cbb56853576aa8eaff54b6b,2025-05-11:3_right | 2025-05-18:3_left | 2025-07-02:5_left | 2025-08-26:3_left | 2026-04-10:9_right,Manchester City F.C.,ENG,2022,1071.540523755216
Mozzarella sticks,,10.0,61.7,b9c3f795751490b0b0047dcf94c59218,2025-05-18:4_right | 2025-08-10:5_right,Sporting Kansas City,USA,2022,958.6583063992676
Smoked almonds,Free for soldiers,0.0,45.76,b9e671d8908ce925193fdd3b106f6351,2026-05-29:1_right,"Meal, Ready-to-Eat",USA,2026,997.287716246255
"Sausage, chips and gravy",In a bowl,7.5,46.94,b9f663c245bf08c9d22a26711f41f94e,2026-04-05:6_left,F.C. Halifax Town,ENG,2021,968.2140082331356
Mac Chocolate Potato,マックチョコポテト,1.65,49.05,ba0416f0722aa1773429dd55d858ff7c,2025-12-26:9_right | 2026-04-15:9_left,McDonalds,JPN,2024,982.3878754654868
"Beef patty, sausages, pulled short rib","With fried egg and beef gravy, served on jasmine rice",10.0,80.5,ba40fa23909f907267b67ef806b5e225,2026-01-21:5_right,Vancouver Whitecaps,CAN,2025,1166.7219832007122
Breakfast baguette,"2 sausages, 2 bacon, 2 egg, hash brown",6.0,57.06,ba445a063c232a14e79c9785a60d7415,2025-12-04:0_left | 2026-01-29:4_right,Newmarket Town F.C.,ENG,2025,1007.1671209780284
Nashville hot chicken sandwich,With fries and 24oz of heineken (price includes tips),22.3,78.5,ba52ba483a7ebeaa62e1c9a8cfe0c5cf,2025-12-15:1_right | 2025-12-15:6_left,Richmond Kickers,USA,2024,1159.162429083637
Inordinately long hot dog,,,58.096666666666664,ba5967408737b2ba12fcf43f8f194f26,2025-12-06:1_left | 2026-03-27:2_left | 2026-04-30:1_left,Baseball in Dallas,USA,2024,1041.2633338688313
Currywurst and a roll,,3.8,84.9,ba76a3946b9a563fec1058e0434c6f21,2025-05-09:8_left,Hamburger SV,GER,2022,963.159917787096
Hot dog,With the works,6.9,62.849999999999994,ba882f1b597b641f5c5574c7fa8dfdbf,2026-03-28:3_right | 2026-04-04:8_left,San Siro,ITA,2024,1048.5348956317816
Honey sriracha burger,,10.0,57.803333333333335,baac9202d0717f0e5441a50507758c17,2025-11-01:4_right | 2025-11-09:1_left | 2026-04-16:5_left,Spennymoor Town F.C.,ENG,2025,1058.7031598227452
Pork in a bun,,3.8,84.0,babcb94cc87a86adebeb132e6fb6323c,2025-07-21:0_right | 2025-09-07:9_left,FC Viktoria 1889 Berlin,GER,2023,1079.7546578480776
1/4lb cheeseburger,With onions,3.5,47.01,badbd958f4cccc9f6b4549071cc17000,2026-02-08:1_left,Belstone FC,ENG,2024,1032.7858068421262
Italian sausage pizza,,8.3,76.4,bb0be497c071cb63c95a7438271fc664,2026-02-23:8_left | 2026-03-25:8_right,Brisbane City FC,AUS,2025,1165.2744259154754
Pizza and Peroni,,8.8,83.9,bb129ff9a3dcaab770ea04146dfe30f3,2025-08-14:6_right,AS Roma,ITA,2023,988.0958245968884
Cheeseburger,,4.5,7.599999999999999,bb1a74ee6c2f716c145718772c5aa426,2025-04-20:3_left | 2025-06-05:9_left | 2025-09-28:0_right | 2025-11-16:9_right | 2025-12-22:5_right | 2026-03-30:5_left,Crewe Alexandra,ENG,2023,731.2449190944353
Messed-up sandwich,,8.65,23.45,bb28a8d6f8e0337c2c7d910542145802,2026-03-13:8_right,Unknown Location,,2026,983.009566129729
Farmed salmon,Seemingly free,0.0,50.195,bb39fd6fbff08533ba2370d2647bfad5,2026-01-30:8_left | 2026-02-27:5_right,Ísafjörður,ISL,2024,977.5872934079454
Deer Shield,Pluteus cervinus,0.0,100.0,bb3e8710063813fdd0e7289d2594ace4,2025-12-05:1_right,The Woods,ENG,2025,1016.9028677150786
German dog,"Crispy onions, sauerkraut, homemade wedges, mustard",10.5,72.072,bb42b8045003437967dab2b1f8572aba,2025-10-29:8_left | 2025-11-01:7_left | 2025-11-06:3_left | 2025-11-09:4_left | 2026-03-01:9_right,Charlton Athletic F.C.,ENG,2023,1075.7539726264276
Hot dog,Most viewed scran of 2023,6.5,65.0,bb4fcea8e6dbf47ccd5844a12b6991a8,2025-05-14:1_right | 2025-05-21:4_left | 2025-08-24:2_left | 2025-11-09:2_left | 2026-02-08:4_left,Everton F.C.,ENG,2023,858.4261557989987
Meat n potato pie,,6.0,26.207500000000003,bb5279ecc2deb50e39499ea6a80d4939,2026-01-08:6_left | 2026-01-10:6_left | 2026-01-11:5_right | 2026-05-13:0_left,Manchester United F.C.,ENG,2025,825.8602105103289
Spicy lamb flatbread,,7.5,89.4,bb680a1f0308091af2cd0461afb1cfc6,2026-04-11:2_right,Brighton & Hove Albion F.C.,ENG,2025,1151.5732355460796
Steak pie with gravy,,5.0,52.73,bb70e076836e3f389076c60d71d59e19,2026-03-18:9_left,Brackley Town,ENG,2026,1026.460125959745
Sausage roll,With gravy,3.0,60.379999999999995,bb88cf84b317a86a1581f00bb6b49788,2025-10-02:3_left | 2025-10-13:1_left | 2026-02-01:9_left,Birmingham City F.C.,ENG,2022,1036.4700510031614
"Steak pie, chips, peas and gravy",,6.5,35.385,bbbe8352ed5171856c12ad6fea40855f,2025-11-02:5_left | 2026-05-23:9_right,North Ferriby F.C.,ENG,2024,944.7479070744902
Fish and chips,With tartar sauce,6.0,87.7,bbffa7ba88826ed92d3cab6620ac7940,2025-09-07:7_right | 2025-09-23:2_right | 2026-02-04:1_left | 2026-02-17:1_right | 2026-04-10:0_left,Wellington Phoenix FC,NZL,2022,1040.2252588798792
Snack bag,"Bottle of water, pack of crisps, mars bar, 6 oreo cookies",5.0,22.335,bc272348c4924a0ee866b8f7430f8a56,2026-04-20:2_right | 2026-05-15:4_right,Boreham Wood FC,ENG,2023,863.4936464144969
Vodka and mint slush,,3.1,43.015,bc34c1e6c0b1f8218231a28d792005b0,2025-12-26:8_right | 2026-01-23:5_right,FC Stoppenberg,GER,2023,977.4190923403594
Spaghetti and french toast,,6.0,63.7,bc3bdf712d498ee29ee410a9c6afb973,2025-08-09:9_left | 2025-09-12:9_right | 2026-02-13:2_left | 2026-03-11:2_right,JEF United Chiba,JPN,2022,1058.0981141788916
Double bacon cheeseburger,,6.5,6.9,bc3e416945919e6378ba03823518150e,2025-04-29:9_right | 2025-05-30:7_left | 2025-06-11:2_left | 2025-06-25:7_left | 2025-08-26:9_right | 2025-10-01:8_left | 2025-10-27:7_right,Hibernian FC,SCO,2023,957.6693892511234
The Stoke Stack,"Beef patty, chicken, pulled pork and cheese",7.0,90.2,bc6581479db75b9be19fd6747ace1ec8,2025-05-28:1_left | 2025-08-17:8_left | 2025-09-17:1_left | 2025-10-04:9_left,Basingstoke Town F.C.,ENG,2023,1133.8817795646078
Sausage and chips,"With peas, gravy and mint sauce",4.5,25.14,bc6cd8ea5eff3eec2a23ccb470bbca5c,2025-12-31:8_right,Gainsborough Trinity F.C.,ENG,2024,867.0984238476304
Pork sandwich,,4.0,89.8,bc79f8555f58a1654efcc103310c3261,2025-06-12:2_left | 2025-07-31:9_right | 2026-03-26:2_right,SE Palmeiras,BRA,2024,889.6325775304214
Cheeseburger,,7.0,29.93,bc7f297269910ac58f8b7c6b8752f9bf,2026-04-20:4_right,Wycombe Wanderers F.C.,ENG,2021,870.5245581819605
Ice cream nachos,,9.0,51.50600000000001,bc8560c451d1de895f1e34119a7c88da,2026-03-22:5_right | 2026-03-24:3_right | 2026-04-11:3_left | 2026-04-18:0_left | 2026-05-06:2_left,Chicago Fire FC,USA,2022,1016.4988649769824
Hot Dog,,5.0,86.69666666666666,bc8d5e75c6e8df130b4e100d55a66247,2025-11-23:8_right | 2025-12-11:8_right | 2026-01-24:5_right,Salford City F.C.,ENG,2021,1189.3252484828108
All you can eat,,33.3,43.79,bcbbf0d6e2bac9b6bd4b8d79e3100318,2026-05-13:6_left,Busch Stadium,USA,2026,951.4273109595268
Meat and potato pie,With a drink,8.0,37.927499999999995,bccb7573c8629f528a2672ae8912ff29,2025-11-08:9_right | 2026-03-05:7_right | 2026-03-11:3_left | 2026-04-02:5_right,Stockport County F.C.,ENG,2024,918.421951363562
Sushi rolls,,6.8,55.0,bcd69b426425631dccc72202e452506b,2025-05-10:6_right | 2025-07-21:9_right | 2025-08-31:7_right | 2026-01-17:3_left | 2026-01-26:1_right,Sydney FC,AUS,2023,967.246962260686
Hot dog,,2.0,21.8,bce861920dae52ae858f3bf4075d4be3,2025-05-31:0_left | 2025-05-31:3_right | 2025-06-20:3_left | 2025-07-01:1_right | 2025-09-05:2_left | 2025-09-29:8_right | 2025-11-23:0_right | 2025-12-11:7_left | 2026-02-16:1_left,Evesham United,ENG,2022,788.268899852943
Mars Duo,,2.0,33.72,bd0053d6214f27114c782fcf6be70c73,2026-04-28:4_right | 2026-05-24:5_left,Nottingham Forest F.C.,ENG,2025,934.896489818296
Fried apple pancake,With vanilla,5.2,78.5,bd0c6bd7297902bfde32f87cfdeb34de,2025-05-08:7_right | 2025-07-24:3_left | 2025-09-13:6_right | 2025-11-21:4_left | 2026-03-18:0_right,Borussia Mönchengladbach,GER,2023,1027.7518630464913
Popcorn,"Half-eaten, from the ground",0.0,25.1,bd122f5e0579479e2aa10fc65594560d,2026-04-27:1_left,Ullevi,SWE,2025,853.0282455643821
Cheeseburger,With pulled pork and fried chicken,7.0,90.40000000000002,bd12b417a5dfcc3b98ed0f171ce658a4,2025-05-18:9_right | 2025-08-02:7_right | 2026-03-31:8_left,Basingstoke Town F.C.,ENG,2022,1096.980345105141
Pizza,,4.0,90.6,bd21635a1d62c7133a914a18093cfc61,2025-07-16:5_left,AS Roma,ITA,2024,1104.638934130864
Cheeseburger,,4.5,32.39,bd250225f91f230512f5e98ba5c8e19f,2026-05-09:4_left,Leeds United F.C.,ENG,2021,900.6708308503781
Scarlet Elfcup,Sarcoscypha austriaca,0.0,100.0,bd39c7ab928af54e5b0c3d11910feb64,2025-12-05:8_right,The Woods,ENG,2025,997.5862493489276
Chicken nuggets,With chips and curry sauce,6.5,45.45,bd9751ce2d984ed819b3f4462ebff10b,2026-05-06:4_right,Aston Villa F.C.,ENG,2022,1019.7254048341896
"Burger, cheese and relish",,6.75,35.81,bda4b9ceca0025b4d0f3730a418ac23c,2026-02-05:3_right,MK Stadium,ENG,2024,903.522528014832
Hot dog,,6.0,13.1,bdc15b261683ebcb49866a0f804b59f3,2025-04-28:7_left | 2025-08-24:9_right | 2025-09-05:6_left | 2025-09-15:6_left | 2025-10-23:5_right | 2025-11-15:7_right | 2026-03-10:7_left,Chelsea F.C.,ENG,2023,718.0875577908836
"Sausages, mash and gravy",Inside a yorkshire pudding,9.0,83.6,bdeb1b3665fd012752d1dc92aceca2ad,2025-05-02:9_right | 2025-05-06:1_right | 2025-08-07:4_right | 2025-08-30:0_left,Perth Stadium,AUS,2023,1004.2021054633768
Pizza and Peroni,,9.0,76.1,bdf94aad4b5afb265024cca1e2a304d1,2025-08-02:3_right | 2025-08-04:0_right | 2025-08-31:2_right,S.S. Lazio,ITA,2022,980.0685642624484
Salt and pepper chicken fries,,7.5,91.9,be19d473a6d4b64c0f16d59005dd78bc,2025-05-17:1_right,Leeds United F.C.,ENG,2023,1098.8965999081836
Chicken carvery,,12.5,51.60666666666666,be2d11531356f1ba8c2ab5a10b7d3398,2025-11-03:9_right | 2025-12-09:4_right | 2026-02-01:2_left,Man City v Watford,ENG,2024,1067.400194853613
Hog roast roll and crackling,,6.0,81.9,be433d85c51cdb0d6b72de5dbb04061c,2025-05-26:5_left | 2025-06-14:8_right | 2025-12-23:9_right | 2026-01-25:9_right | 2026-03-25:5_right,Norwich City F.C.,ENG,2022,1039.289137914221
Fish and chips,With tartar sauce,15.4,58.68333333333334,be4bb45ce5cd9c4ccce0771e1d69a447,2025-10-03:4_left | 2026-03-27:1_left | 2026-04-10:5_right,Anaheim Ducks,USA,2024,1060.903289234854
Double bacon cheeseburger,With chips,7.5,96.0,be504649ed0ab61141a10871069bdee2,2025-04-30:6_left | 2025-08-07:7_left | 2025-09-11:5_right | 2026-03-30:2_right,Horsham F.C.,ENG,2023,1247.5262071700035
Shawarma,,10.0,29.0,be5e2717c6851afe3fc8b1e53999e260,2025-05-23:6_right | 2025-06-23:4_right | 2026-02-19:3_right,Chelsea F.C.,ENG,2022,853.9264030563902
Roast potatoes,With beef brisket gravy,3.9,92.0,be6562c53742529216a3a12a8e6e7744,2025-05-01:8_right | 2025-07-09:3_left | 2025-07-17:2_left,Huddersfield Town A.F.C.,ENG,2023,976.4735598441696
Chicken goujons and chips,,6.0,93.2,be76b9b00f647bf32ceac82809ce732b,2025-05-31:3_left | 2025-06-19:8_right,Derby County F.C.,ENG,2024,1095.2435432353873
Double cheeseburger jumbo hot dog,,7.0,79.0,beae99825d12ed5fa75d590939d1b488,2025-06-16:1_right | 2025-09-30:5_right | 2026-03-12:8_right,Dagenham & Redbridge F.C.,ENG,2023,923.9886793970678
Double cheeseburger,,7.5,74.6,bec7bc8e8980f066dcdfa774be9bd361,2025-08-11:8_right | 2025-08-31:3_right | 2025-12-20:8_right,Leicester City F.C.,ENG,2022,1032.9607715667803
Bacon cheeseburger,,4.0,86.3,bed2ab6734ce743b81a45e37e507bd03,2025-05-07:8_left | 2025-05-20:7_right | 2025-07-20:0_left | 2025-12-12:2_left,Horley Town F.C.,ENG,2022,1070.060172128903
Chicken and halloumi gyros,,12.0,69.23,bed576139c9d40a68d64d774b429e715,2026-02-25:8_left,Prestwich Heys,ENG,2025,1096.8854003906856
Curry Goat,,6.0,43.89666666666667,bf006750a7e4c986909661e4f7cd3fef,2025-11-30:4_left | 2025-12-16:1_left | 2025-12-29:3_right,Luton Town F.C.,ENG,2022,959.2418518613248
Burger,,5.0,7.694999999999999,bf293ad9889743637043153471aac7ce,2026-01-16:8_left | 2026-02-17:8_right | 2026-03-23:5_left | 2026-05-07:8_right,"Banbury, Oxfordshire",ENG,2025,702.3445646072828
Popcorn chicken,,4.85,55.98,bf354fe4d5cc70aef39f426d20b850df,2026-05-27:6_left,"Allianz Stadium, Sydney",AUS,2025,1050.781926754539
Beef stew,With a horseradish and herb dumpling,7.5,84.9,bf35af3c7f35d7d0d833970f96b7729e,2025-07-15:9_right | 2026-02-07:3_right,Brighton & Hove Albion F.C.,ENG,2025,1025.289366988835
Cheesy chips,,2.5,72.6,bf5d4913fa446337bda8f956973f4eb9,2025-07-07:6_left | 2025-09-26:1_right | 2026-02-04:6_right | 2026-02-21:7_left | 2026-04-11:2_left,Boldmere St Michaels,ENG,2022,906.8299721039674
Mushy peas and bread,,1.5,17.61,bf5e50c78570625b2fa4e6077bbaf745,2026-05-03:5_right,Marske United FC,ENG,2025,815.9397994538655
"The Kahuna"" burger",,7.0,46.894999999999996,bf7380b2fdf5bf19c74776ebe362a849,2025-11-05:5_right | 2025-11-13:9_right,Eastbourne United AFC,ENG,2025,991.7651257505167
"Chips, sausages and curry sauce",In a hollowed cob,5.0,89.5,bf7c0257dd58fbf814665ed39d6ddf98,2025-08-19:4_left,Merthyr Town FC,WAL,2023,1000.0
Nachos,"With jalapeños, salsa and the option of cheese",8.0,48.43,bfd693406475499466fdfc0161ddacda,2026-05-10:3_left,Sidemen FC,ENG,2026,987.4856517437318
Kiełbasa,,3.0,79.6,bfdd7d49a4ecd7e79b996b5b237ac0be,2025-07-14:1_left,Pogoń Szczecin,POL,2022,1071.2404925074766
Pork steak,With tomatoes,8.0,78.13499999999999,bfedb9b3ab9d2c2a35a1b32f49ce4eba,2025-10-16:8_left | 2026-01-04:4_left,Jeonbuk Hyuandi,KOR,2023,1197.1967945713736
Mince beef and aloo dosa,,8.0,81.2,bff5d33991a133087acd70d68bbbfcf3,2025-05-31:4_right | 2025-06-28:8_left | 2025-08-02:1_right | 2025-08-20:0_left | 2025-10-06:1_left,Tottenham Hotspur F.C.,ENG,2022,974.945261512239
"Pie, mash and gravy",,,38.47,c025b11c0f82925dc91a7229bf3e2be4,2025-12-19:3_right | 2026-03-12:0_right | 2026-04-05:5_right,Stockport Town F.C.,ENG,2025,992.0966464278572
Macaroni pie,,3.0,59.2,c026217725aab1d3e650ad59e64b0ad6,2025-05-30:5_left | 2025-06-19:3_left | 2025-08-08:8_left | 2026-01-08:3_left,St Mirren F.C.,SCO,2022,800.620365267408
Cheese sandwich,With a pint,9.8,22.3,c04a7bed0d9afff588e3c7d182e84906,2025-05-10:2_right | 2025-08-08:9_right | 2025-09-09:1_left | 2025-10-14:8_right | 2025-11-10:0_right | 2025-12-02:9_right,Grenoble Foot 38,FRA,2025,700.6345418306162
Chilli cheese fries,,6.0,63.79999999999999,c04ebd364298c0454d599eb62a5ba86a,2025-06-12:3_left | 2025-09-26:4_left | 2026-03-05:3_right,Ebbsfleet United F.C.,ENG,2022,929.0420555576492
Thai noodles,With crispy chicken balls,8.0,94.6,c0731a94bc4097ffe1753d51b3eb7ef6,2025-04-20:6_left | 2025-09-16:2_right | 2025-11-30:6_left | 2026-02-18:7_right,Bolton Wanderers F.C.,ENG,2023,1201.0503228859195
Double Cheeseburger,,4.0,61.175,c074fc10637133086bca7b31b09882d6,2025-12-27:7_right | 2026-02-02:9_right,Seaford Town FC,ENG,2024,1071.4425938619108
Hot dog,,2.5,27.1,c07c8071e41efbfeb8f3f5f0a6f91fe8,2025-04-24:9_right | 2025-09-05:1_right | 2025-10-02:4_left | 2026-01-19:3_left | 2026-02-24:2_right,Towlaw Town FC,ENG,2023,833.1388276390162
Currywurst and chips,,6.05,63.724999999999994,c07ff181b1ff2875c004e09cbfcf2ca3,2025-12-06:8_left | 2026-04-30:8_right,Hertha BSC,GER,2021,1073.0509424135946
Chicken and chips,,8.25,82.09,c0b6f994c8920321f0f7e2c62c68cf4e,2026-03-18:3_right | 2026-03-26:7_right,Doncaster Rovers F.C.,ENG,2024,1152.8807945379715
"Pie, peas and gravy",,3.5,41.5,c0e2317c7a83490deb36068f6572213e,2025-07-18:3_left | 2025-08-20:3_right | 2026-03-28:0_left,Dearne & District FC,ENG,2023,777.7327333204794
Loaded nachos,,4.0,70.94749999999999,c108d6a53b6b7e6cb45b71ac82051f3f,2025-10-03:5_left | 2025-12-23:4_left | 2026-03-07:2_left | 2026-04-08:4_right,Barnsley F.C.,ENG,2021,1080.231237659798
Macaroni and cheese,With sausages,5.45,68.12,c1153d13cafee11e711c0b5dbb7bca5d,2026-03-13:7_right,Unknown Location,CAN,2026,1011.5962598897148
Ground Meat Concoction,,,40.11,c117ce7d25daaf4dc3837ec8aaac2873,2025-11-05:4_left | 2026-02-11:8_left,San Siro,ITA,2024,940.1544078455076
Katsu chicken,With chips,7.75,69.3925,c11e65dca338d9def81ace811b06242e,2025-10-18:0_right | 2025-11-01:1_left | 2026-02-15:3_left | 2026-03-14:9_left,Stoke City F.C.,ENG,2024,1108.7582144751873
Pulled pork cob,"With fries, apple sauce and gravy",8.0,78.2,c1314089879c9904796eb957b5123aca,2025-05-18:9_left | 2025-07-20:7_left,Birmingham City F.C.,ENG,2023,998.4159609604196
Sausage roll,,4.0,20.796666666666667,c1323f9c86baa7fb4afdb92d230bf801,2025-10-25:0_left | 2025-12-25:8_right | 2026-04-25:2_left,Northampton Town F.C.,ENG,2024,827.2438044194209
"Pie, double mash and liquor",,,24.655,c13b890003d63848ffa5d0ca70ba8ef1,2025-10-18:2_left | 2026-03-10:2_left | 2026-03-18:9_right | 2026-04-01:6_right,Leyton Orient F.C.,ENG,2025,820.7487226634397
Green cheeseburger,With green beer,4.5,29.1,c1402616136145752ed501f349050dd2,2025-10-03:8_right | 2026-04-06:7_right,SE Palmeiras,BRA,2022,987.9347174116548
Water in a box,,2.8,25.435714285714287,c142e4fc5eadebb42ac333c88fadf258,2025-10-03:1_left | 2025-10-14:9_right | 2025-11-07:2_left | 2025-11-11:3_right | 2025-11-14:5_left | 2026-01-05:6_left | 2026-01-23:0_right,West Bromwich Albion F.C.,ENG,2025,857.8033412473212
Pizza,,19.95,18.6,c14af3a0da246dd42a84341ad858d949,2025-05-08:8_left | 2025-08-17:8_right | 2025-08-29:8_left | 2025-09-19:7_left | 2025-09-20:2_left | 2025-10-01:7_left | 2025-10-04:0_left | 2025-11-11:7_left,Arsenal F.C.,ENG,2022,979.0700470236008
Klobasa sausage,,2.6,58.6,c158e0b8db3c2844197586ec656dbf5c,2025-08-05:6_left | 2025-09-13:4_right,SK Kladno,CZE,2023,868.1072379042008
Chorizo rolls with onions,,5.2,88.1,c1607ae0404e9da1e59fe37966898bb9,2025-09-07:1_left,Prospect United,AUS,2023,961.1587869445256
суп з куркою та рисом,безкоштовно для солдатів,0.0,56.0,c160d02241c698328b27fc80c45bce74,2026-05-29:5_right,"Meal, Ready-to-Eat",UKR,2026,1003.8380591357088
Pork dumplings,Price for 10,9.0,68.9,c166a389a3f1cf6e5520a556087ecbe6,2025-07-30:6_left | 2025-08-16:2_left | 2025-10-05:4_right | 2026-01-22:7_right,Wellington Phoenix FC,NZL,2022,982.6818357561089
Sausage roll,With chips and gravy,3.0,34.7,c16a05f6aa0e89073e3f1809a324a981,2026-05-31:1_right,Matlock Town F.C.,ENG,2022,918.8911162030176
Cheeseburger,,6.5,54.21,c16d61c306fd4024d49d85add6566e02,2025-12-04:7_right,Horsham F.C.,ENG,2024,1012.7912318978464
Chicken tenders with fries,With honey mustard and ketchup,12.75,57.55,c1989ba0d562f95f5a38f0094ce50888,2026-01-16:2_left,Carolina Hurricanes,USA,2025,1024.8997479715426
BBQ beef brisket,"With mac and cheese, cornbread and two dill pickle slices",14.25,56.0,c19eb8d1beaf9d1f1733e4c4914e8192,2026-04-04:1_right | 2026-04-22:6_right | 2026-04-30:4_left,"Little Caesar's Arena, MI",USA,2025,1055.242843926572
"Haro"" boba drink",With a 1/200 RX-78F00 Gundam,6.8,52.72,c1bd166cc444752426e45b8d3ef031b3,2026-03-27:5_left,Yokohama,JPN,2023,1025.4711347589184
Pork gyros,,6.95,94.90000000000002,c1be2531d35f04bf847087488db6b9d9,2025-07-09:3_right | 2025-09-22:8_left | 2026-03-14:5_right,Barnsley F.C.,ENG,2023,1130.9286639275117
Ice cream sandwich,,0.5,54.0,c1d662233992f090b294a1f09ec7214d,2025-06-18:7_left | 2025-09-15:3_right | 2026-01-28:5_left | 2026-04-06:6_left,Bali United FC,IDN,2024,737.919056911181
Bratwurst with onions,,5.0,85.8,c1d6bf2f5e804ddc320d6e6896783059,2025-06-11:7_right | 2025-11-16:7_right | 2025-12-04:8_left,Ebbsfleet United F.C.,ENG,2022,1010.3846210120108
"Pie, peas and gravy",,3.5,21.18,c1db51026fbfa4401906c10ea941ee57,2026-02-16:5_right,Padiham F.C.,ENG,2024,854.4083918373736
Cheesy chips,,3.0,11.5,c1db797e40acc729ffe57a4ee05b392c,2025-05-24:4_right | 2025-05-28:2_left | 2025-06-27:1_left | 2025-07-07:7_right | 2025-09-09:0_left | 2025-09-26:9_right | 2026-01-07:3_left,Skegness Town FC,ENG,2022,803.3737381009537
Special steak rice meal,,7.0,95.9,c1e66a6cd8ae9e05286fa4628e979292,2025-08-28:4_right | 2026-02-26:8_right,Nagoya Grampus,JPN,2023,1211.3555584632047
Iberico jamon sandwich,,8.8,21.96,c1e9c158b851b9e159364fcebd3d17e8,2026-05-09:7_right,Bernabéu Stadium,ESP,2025,810.0477889112392
The Soul,"Pastrami, pickle, onion and mustard grilled cheese",7.0,88.2,c206f08465a5463a1761cec2d1c673f5,2025-05-07:1_right | 2025-12-12:4_left,Manchester City F.C.,ENG,2022,1137.707184017197
Chicharones,Fried pork belly with added salsa verde,4.0,90.1,c2147f99d710e28a02aa3ce962a9e5d4,2025-09-06:3_left,Tigres UANL,MEX,2023,1078.7400440529202
Loaded fries,,7.0,69.2,c22c41ffd988cd21a6200589cfa6e9d0,2025-12-28:9_right | 2026-01-10:0_right,Marlow FC,ENG,2024,1053.040897157391
Currywurst and fries,,8.0,79.4,c234a8c0340b17308f7afc258cb48ab7,2025-07-03:0_right | 2025-07-08:5_right | 2025-07-19:0_left | 2025-10-01:1_left | 2025-10-07:2_left,Euro 2024,GER,2024,1090.6779949763095
The United Pie,"Steak, chilli and cheese",,62.53,c24301a4dcc622aa4c4590977381b50b,2025-10-09:4_left | 2025-10-14:7_left | 2026-05-03:8_left,Manchester United F.C.,ENG,2024,988.0146428933738
"Steak pie, chips, peas gravy",With mint sauce,9.0,38.7825,c2435e39797010ec4cfdb04501c4fcea,2025-10-09:4_right | 2025-10-22:3_right | 2025-12-20:4_left | 2026-04-26:6_left,Worksop Town,ENG,2024,998.2985599359764
Pork wellington,Included in hospitality ticket,0.0,62.87,c24daab59dcc534f789248acfc48a7ce,2026-04-13:7_right,Huddersfield Town A.F.C.,ENG,2024,1055.0233324303986
Average of all Brazilian scran,,,49.05,c281cb0d02812c3e28c38a8db6204957,2026-05-22:4_left,,BRA,2026,1001.7582417582418
Hot dog and beer,,19.35,32.07,c2f2f742130d01125e9e0866567ba6b7,2026-04-21:5_right | 2026-04-27:8_left,M&T Bank Stadium,USA,2026,884.5816029683431
Level 4 Purée Meal,With some custard,0.0,60.8,c306f972f33b29ec2bcb5b7afdfd9c83,2026-04-24:5_right,Oxford University Hospital,ENG,2026,1006.9074584888313
"Tomato, garlic, sausage and tofu scramble bap",With hash browns,10.0,59.51,c32bd1307f76b3e2153179bb678d4bca,2025-11-23:2_right,Brentford F.C.,ENG,2023,1045.8462030059288
Carne asada and al pastor tacos,Price for each,5.0,78.27,c33f9814138afac70e2082373a6620a0,2025-09-24:1_right | 2026-05-25:4_left,Austin FC,USA,2025,1149.8320150925251
"Meatballs, chips, peas and gravy",,5.0,57.6,c3466941e41ea90f3df2849997a95a85,2025-06-16:2_right | 2025-07-25:2_left | 2025-10-04:4_left | 2025-12-31:2_left,Dafen AFC,WAL,2023,912.6134955339012
Minted mushy peas,Price for one,2.8,9.99,c397a9cbd0c91eb9d7d7d33a18edd92b,2026-05-03:7_right | 2026-05-16:4_right,Derby County F.C.,ENG,2026,715.5721443776573
The Gloucester Monster Burger,,6.5,95.90000000000002,c399e75ddd54373887aa8bcfc36d7229,2025-04-27:1_right | 2025-08-23:1_right | 2025-09-29:9_right,Gloucester City A.F.C.,ENG,2023,1197.784270399376
Hot dog,,3.45,46.67,c3b5585fed82fac59c69295d36f071db,2026-05-08:8_left,LNK Sporta Parks,LVA,2025,929.7278799516848
Meatball burger,,3.7,34.995000000000005,c3b7aa14c30e3a72e0325eaac743d200,2025-11-07:1_left | 2026-02-05:8_right,PEC Zwolle,NED,2022,910.8731541312376
Deadly nightshade,Atropa belladonna,0.0,0.0,c3ce42c565b08097160fcdae3b61d8e6,2026-03-06:6_right,Mother Nature,,2026,983.944256847296
Chicken and chips with curry sauce,,6.5,82.7,c3d102b5b4db576ed08377b5de47b2ae,2025-08-25:3_right | 2025-09-03:3_left,Newcastle United F.C.,ENG,2023,979.0269507524546
Stadionplatte,,6.0,78.3,c3e8a2d13d51caabb9c8183641f2e92b,2026-01-15:4_right | 2026-02-21:3_left | 2026-04-08:9_right,FC Midtjylland,DEN,2022,993.2623470403564
Leberkäsesemmel,Meat loaf in a bun,4.35,16.96,c3ff6b2f057a32a3ff0cdc12d20823a1,2026-02-22:2_left | 2026-03-10:1_left,Vienna,AUT,2025,817.0074906791522
Fish burger,,5.2,75.9,c401be04b5c2d92d2b9303928200c747,2025-04-21:5_right | 2025-04-21:8_left | 2025-07-27:3_right,Borussia Mönchengladbach,GER,2023,966.890442625297
Wigan kebab,With mushy peas and gravy,6.0,44.5,c432b1c76fa1db33b311002093cafad8,2025-07-16:4_left | 2025-07-22:0_right | 2025-07-25:3_right | 2025-08-25:8_left | 2025-09-10:4_left | 2026-05-19:1_right,Wigan Athletic F.C.,ENG,2023,746.0062772162929
Ham and salami pizza,,9.4,82.38999999999999,c43b4e5a9f27ebd8402c8ba1f3994143,2025-12-10:1_left | 2026-05-04:6_left,RB Leipzig,GER,2024,1185.6772173199795
Spicy glazed fried chicken,,3.0,79.61,c44e7c2a69bcc7c8d48c60e2d4811db5,2025-11-16:0_left | 2026-02-21:1_left,Chungnam Asan FC,KOR,2022,1193.1348479168116
Lovely balti pie,,,37.76,c452f2909c469adea4e605578ea67967,2025-12-26:1_right | 2026-01-07:2_right,Manchester United F.C.,ENG,2024,902.8849594497882
Lychee and blueberry ice lolly,,3.5,55.70000000000001,c455c15404b077bc40f0616f299d142f,2025-06-17:4_right | 2025-07-27:3_left | 2026-01-31:8_right,Qatar World Cup,QAT,2022,892.3650343176334
Chicken burrito bowl,Free for soldiers,0.0,39.68,c458b8ff5f37adddd1599f3531c9d962,2026-05-29:0_right,"Meal, Ready-to-Eat",USA,2026,993.374543037554
Chicken and chips,,4.5,57.69,c45bb4a5631cf272c3ea8890d21e92c8,2026-04-19:7_right,Hungerford Town F.C.,ENG,2024,1002.9785529205484
Jerk chicken,With rice and salad,10.0,57.126,c477d9ea5c5cc55fdfa0c21f8e410fde,2025-10-29:0_left | 2025-11-04:6_right | 2026-02-26:2_right | 2026-03-04:5_right | 2026-04-28:6_right,Bristol Rovers F.C.,ENG,2022,1079.56439132459
Sausage and chips,,8.0,53.8,c4943c04169fe5421aea80e386208501,2025-05-17:2_left | 2025-05-26:9_right | 2026-02-09:3_left | 2026-03-05:6_right,West Ham United F.C.,ENG,2022,860.0818270139578
"Sausage, chip and curry sauce butty",,6.0,49.81,c49c66a27aa8df027d0a88766a2a9f1d,2026-05-12:8_right,Merthyr Town F.C.,WAL,2025,997.07271118818
"Sausage, chips and curry sauce",,5.0,88.4,c49e040a4c21af4a35826420c6320960,2025-07-20:0_right | 2025-07-26:6_right | 2025-07-29:5_right | 2026-01-11:4_left,Maidenhead United,ENG,2023,1016.4994585459324
A mix of meats,With potato straw and a beer,3.0,64.95,c4b449d250590b52f52d05198132fede,2026-01-08:8_right,Esporte Clube Bahia,BRA,2022,1065.0841677125477
Popcorn chicken katsu,,9.5,74.0,c4bd57beafd4ab4ab4a103a5aec92432,2026-01-31:7_left,Tottenham Hotspur F.C.,ENG,2024,1033.9270728198217
Currywurst and beer,With bread,8.7,76.07,c4c59677df8ea2ce9f6ab17896fb98b4,2025-12-16:2_right | 2026-02-07:6_right,Hertha BSC,GER,2023,1100.4808529230816
Nachos,"Cheese sauce, salsa, jalapeños",6.6,38.66,c4d3fc5092ced31a075669c6cb01b70d,2026-05-07:9_left,"Coors Field, CO",USA,2026,921.814405856716
Spicy steak sandwich,,3.0,76.4,c4d50539c80b3814844ff7542d5c7c22,2025-06-17:7_left | 2025-08-11:5_left | 2025-10-04:8_left | 2025-11-27:1_right,1. FC Union Berlin,GER,2023,997.8044572971664
Samosas,,0.38,82.8,c4e5c59b894953512638d5dd3735e60e,2025-04-20:2_right | 2025-05-11:5_left | 2025-06-18:1_right | 2025-09-16:3_right | 2026-03-31:3_right,Bengaluru FC,IND,2023,951.4688620783908
Loaded fries,,7.0,82.6,c4ea83af346a3cd4e6ded54e71e5e3d5,2025-05-19:8_right | 2025-07-07:0_left | 2025-08-31:1_right | 2026-04-12:8_left,Chester F.C.,ENG,2022,1068.622390241693
Beef taco filling,Free for soldiers,0.0,85.13,c5098d2bae4b8921f09f9048c0b7f92a,2026-05-29:3_left,"Meal, Ready-to-Eat",USA,2026,1022.4836601307188
Bovril,"""strong enough to melt the cutlery""",,23.501666666666665,c5375dce452fdc247b1381701992aa8a,2025-10-10:5_left | 2025-11-14:2_left | 2025-12-19:6_left | 2026-01-06:1_left | 2026-02-02:7_right | 2026-04-14:0_left,Dagenham & Redbridge F.C.,ENG,2025,846.9482676096007
Stadionwurst,,3.2,81.9,c53b5e9b0a19349b6202131c4dc7b615,2025-06-22:3_right | 2026-01-14:2_left,FC Ingolstadt,GER,2022,938.6433846664758
"Chips, chicken and chip shop curry sauce",,11.0,74.3,c56c7f9685e212600afeea86383d7d98,2025-05-20:9_left | 2025-09-13:3_left | 2025-10-06:9_right,Aston Villa F.C.,ENG,2022,932.5503908595842
Cheesy chips,,4.5,80.816,c57ebcbb9c8f7f7f8d20a15eb5e69a10,2025-04-24:1_right | 2025-05-19:4_right | 2025-09-08:3_left | 2026-02-28:1_left | 2026-05-27:3_right,Folkestone Invicta F.C.,ENG,2022,983.8533287106746
Pizza,,6.05,70.07,c5a7a692c55891034aaca44e25211856,2026-02-13:9_right | 2026-03-14:8_right,FC Machida Zelvia,JPN,2025,1125.3631787007878
Sunday dinner,In a Yorkshire pudding,8.0,26.54,c5bf2ec4a2ad8dd154d1a8e822ed625f,2026-05-03:5_left,Brighton & Hove Albion F.C.,ENG,2024,899.3289277695666
Hot dog,,5.0,45.0,c5c8a11e4e915217f99f760038585c9a,2026-03-24:0_right,Union St Gilloise,BEL,2022,943.0360980171744
Devil's Bolete,Rubroboletus satanas,0.0,0.0,c5d76deef9000cdda0edc7f9ee453a76,2025-12-05:0_right,The Woods,ENG,2025,980.7362506385152
Soy curry with fruit,With romanesco cauliflower and farfalle,2.5,35.8,c5e6bca410f0ffba6c89d517daa73e9c,2025-07-11:5_right,Humboldt University of Berlin,GER,2023,980.8
Bacon cheeseburger,,5.5,38.2,c61ed31ffe87956d5ecf4cb73e9144bc,2026-03-23:1_left,Holmesdale F.C.,ENG,2024,927.393806606432
"Pineapple chicken, BBQ pork and beef empanadas",With chimi fries,17.0,74.4,c6252fb4d42e71bbe1085a4a45cf5d7a,2025-04-27:1_left | 2025-08-09:4_right | 2025-09-07:5_right,Loundon United FC,USA,2023,1109.9791605851713
Hot dog,,3.5,67.8,c6454e0339901517a426d43efef41ec5,2025-04-26:8_left | 2025-05-25:9_right | 2025-06-06:9_right | 2025-07-15:3_right | 2026-03-29:3_right,F.C. Copenhagen,DEN,2022,833.0120291453115
Chicharrones Méndez,,4.6,90.4,c64c5ad7fdbe50fa81e271658be5cf70,2025-10-07:6_left,C.F. Monterrey,MEX,2023,959.7242489373753
Double bacon cheeseburger,,9.0,88.90000000000002,c6a0145e41bdf30638c563676aaae16b,2025-09-16:6_right | 2025-12-29:0_left | 2026-04-06:2_left,Folkestone Invicta F.C.,ENG,2022,1159.6020512033265
Cottage pie,,4.2,62.17,c6a9669564fe9db886e551ab72dfbc88,2026-05-10:5_right | 2026-05-17:7_right,Manchester United F.C.,ENG,2022,1028.156132612079
Two brisket sliders,With fries and coleslaw,7.45,65.895,c6ac09fda5b315ff25374f1102a010fa,2025-12-08:9_left | 2026-04-04:4_left,Colorado Rapids,USA,2024,1102.3372924184644
Cheese dog,,5.0,30.2,c6bd26c417afad38d264c427a195329d,2025-06-04:3_right | 2025-10-07:2_right | 2025-10-07:9_right | 2025-11-16:9_left | 2026-02-16:7_left,Shrewsbury Town F.C.,ENG,2024,746.3853650715982
Doner pie,,3.2,35.192499999999995,c6eb903e8a06099916daf0b17fea01bf,2025-10-12:0_left | 2025-10-29:8_right | 2025-11-25:9_left | 2026-01-28:1_left,Rangers F.C.,SCO,2023,847.7358418657799
10 inch sausage roll,,3.5,52.24,c6f1b92b543455da81c92dec3a7211e4,2025-11-26:3_right,Swindon Town F.C.,ENG,2024,988.0062985635302
Roast potatoes and beef gravy,,3.9,89.3,c70767534aa9ab0ff527457e9217f474,2025-04-29:8_left,Huddersfield Town A.F.C.,ENG,2023,1004.7857989940496
Kebab roll,With sauce and chilli flakes,6.0,91.6,c70b9f4f2e9ada51832b1097737dac4a,2025-05-07:5_left | 2025-05-13:3_right | 2025-05-14:5_left | 2025-08-31:0_left | 2025-09-14:0_left,Dandy Thunder FC,AUS,2023,1033.7741855805575
Chicken burger,,7.0,51.09,c731ca7e090b690dc09bf35183481dd4,2026-04-01:4_right,Tunbridge Wells F.C.,ENG,2025,974.2294031614804
Chips,,3.2,56.73,c7369e870ca217e1223b29dfed96f6f4,2026-05-24:1_right,Doncaster Rovers F.C.,ENG,2024,1017.071712867719
Sausages and chips,With curry sauce,4.0,82.0,c787232fe030fa9ed8e370dd77c77f33,2025-04-22:6_right | 2025-05-26:3_left | 2025-09-09:7_left | 2025-09-17:0_left | 2025-11-10:0_left,Bamber Bridge F.C.,ENG,2022,973.9921009238828
Chicken schnitzel,,4.0,85.5,c7959acb982b43f6aa5779f350bfb513,2026-02-18:9_right,Borussia Mönchengladbach,GER,2023,982.4616739621748
"Pie, peas and gravy",,,30.993333333333336,c7b2384ada20e2772650ceb447926794,2026-01-27:5_left | 2026-02-03:1_left | 2026-05-02:8_left,Burnley F.C.,ENG,2025,863.7489240977798
Cookies,Price for 2,5.0,69.7,c7dbe778a7b84e64e2b57c00ebbb7909,2025-04-28:3_left | 2025-07-16:6_left | 2025-08-03:4_left | 2026-01-08:0_right | 2026-04-18:2_right,Ipswich Town F.C.,ENG,2022,961.2989398428136
Curry goat and chips,,7.5,79.14,c7dd2d4c1136601931d03f8acd0d75ce,2025-07-19:9_right | 2025-07-21:4_right | 2026-05-27:1_right,Folkestone Invicta F.C.,ENG,2022,1117.4500522545738
"Donor meat, chips and cheese pie",,3.0,26.189999999999998,c7e1883add2131d715050fcd74a9b968,2025-10-12:0_right | 2026-01-03:1_left | 2026-04-14:7_left | 2026-04-28:3_right,Annan Athletic F.C.,SCO,2025,901.544942119888
I have eaten octopus,,,42.0,c7f7df66485774b1a672c6427e491617,2026-05-01:6_right,YouGov polling data,ENG,2026,983.209653450633
Hot dog,,3.5,14.1,c80a2a3be9220d01bb410dc17c6d36cc,2025-07-18:0_right | 2025-07-28:6_left | 2025-07-31:3_left | 2025-09-05:6_right | 2025-09-20:3_right | 2025-09-29:8_left | 2025-11-30:2_right | 2026-04-13:3_right,Tranmere Rovers F.C.,ENG,2022,790.967374530996
Cheeseburger meal,With a eazy IPA,13.9,65.15,c80b23913e5d2a109afa728fea355124,2025-12-14:0_right,Wembley,ENG,2025,1113.0802731489612
"Chicken pie, gravy and mushy peas",With pigs in blankets and a drink,4.5,42.085,c81829bcd91cf4a1083e5f7e73cb32c4,2025-11-04:3_right | 2025-12-22:6_right | 2026-01-06:4_left | 2026-01-14:4_right,Millhead FC,ENG,2025,946.8569326803138
Seafood and meat paella,"With squid in ink, salad, bread, an orange",3.15,47.7,c83746c9c04b355981949493e0c804ba,2025-07-11:8_left,Universidad Politécnica de Madrid,ESP,2023,1003.6923076923076
Chicken curry,,1.0,87.3,c84894f89d99f6de80a20a830c5828f3,2025-06-02:9_right,Muangthong United FC,THA,2022,1095.4804433389554
Tropeiro,"Beans, egg, pork belly, torresmos (scratchings), farofa and rice",3.0,84.69,c84997212d56d246704f782d323fa72a,2025-10-20:9_right,Clube Atlético Mineiro,BRA,2022,1135.4750256563707
Seoul Birdie Sub,,10.45,83.7,c859e97162bd6b25ae0c2ca00b8db67d,2025-07-14:2_right | 2025-08-03:7_left,Tottenham Hotspur F.C.,ENG,2024,1099.5719153907037
"Pie, peas and gravy",,1.5,37.11,c867774a3745aa1567177ec395c39982,2026-02-21:6_right,Minton FC,ENG,2022,897.8158888687017
Pulled pork bap,With apple sauce,5.0,29.41,c8908f8a04dfca535c69e4fa60baa157,2026-01-05:5_right,Bromsgrove Sporting,ENG,2023,958.9089598976184
Krakauer,Sausage,3.9,79.7,c894de1066226b820414010160eb3e04,2025-09-13:4_left | 2025-11-26:1_right,Borussia Dortmund,GER,2023,890.4549094814176
BBQ chicken nachos,,11.8,68.23,c8deccfc1f7dc7b076509f4fee4a3035,2025-11-03:6_left | 2025-12-20:1_right | 2026-02-10:1_left,Nashville SC,USA,2024,1046.502941669461
Kebab,,9.5,66.7,c9410063d2f8aa2ab1f8df94f3816270,2025-04-22:4_left | 2025-05-27:5_right | 2025-08-24:1_left,Fulham F.C.,ENG,2023,926.2987112648464
Chicken curry,With masala fries and naan bread,10.0,85.8,c95d619ea7a441cf24fded2c8ce086c5,2026-04-04:2_left,Birmingham City F.C.,ENG,2023,1148.1089730442789
Shrimp sandwich,With fries,10.0,74.7,c97e96ca2ba60a249580a2b7f866d979,2025-10-06:0_right,DC United,USA,2022,987.0493417598292
Fish,With 6 chips,,44.57,c9a818e840e91c9e65275be971563d9a,2026-05-07:5_left,Stockport County F.C.,ENG,2024,965.943948309224
Sausage roll,,4.7,47.91,c9c1f391d25ecbfb527209fe3ca7242b,2026-03-09:8_right | 2026-03-22:6_left,Sheffield United F.C.,ENG,2023,981.1110292884306
Samosas and mint yoghurt,One token permits one dish,0.0,48.28,c9d773a00da6193e24d5cc0e9d157ede,2025-11-04:2_right | 2026-05-27:7_right,NOW x Footy Scran’s Premier League kick off,ENG,2022,958.5617233663542
Bratwurst,With a beer,13.8,60.77,c9fc2755dae198f8d1e8ecd78c9f8418,2025-10-21:8_right,Stuttgart Arena,GER,2024,1027.981974401598
Doner kebab and chilli sauce pie,,2.5,40.3,ca04a5efc885c3907e62fc5caedcd730,2026-05-09:6_right,Armadale Thistle F.C.,SCO,2021,961.3489402752932
Pigs in blankets,With roast potatoes and gravy,5.0,77.0,ca050979639f59d182da467febf1a35d,2025-06-09:9_left | 2025-06-22:7_right | 2026-01-15:8_left | 2026-02-24:9_left,Oxford City F.C.,ENG,2022,864.375359829689
Burger with gherkins,,5.9,9.6,ca11cd49cf08a8d8424be532dd848ba1,2025-05-15:7_right | 2025-06-11:5_left | 2025-07-14:3_left | 2025-11-27:5_left | 2026-02-16:1_right | 2026-02-17:4_left,Brighton & Hove Albion,ENG,2023,921.7017530749654
Boneless chicken bites,With BBQ bacon loaded fries,8.95,93.5,ca11ea0b145f71155620a09ab89fed9b,2025-07-17:8_left | 2025-08-02:5_right | 2025-08-21:3_left | 2025-10-04:2_right,West Bromwich Albion F.C.,ENG,2022,1196.484354451629
Grilled chicken and beef balls,Dipped in sweet n' spicy sauce,0.2,87.4,ca18b0e4b89bfa1263b9c6339cce8b44,2025-09-14:1_right,BG Pathum United F.C.,THA,2022,1012.7699892040624
Buffalo wings and chips,,7.5,92.9,ca18b5617adc66c425780ca85800d925,2025-05-26:2_right,Hull City A.F.C.,ENG,2023,1143.0280533838877
Margherita pizza,,9.0,67.16666666666667,ca1df4e519610530a27575fdd45a5119,2025-10-19:0_left | 2025-11-22:5_right | 2025-11-30:1_right,Felixstowe and Walton FC,ENG,2024,1092.9923581420874
Slider box deal,"6 beef sliders, mozza sticks, onion rings, fries",20.0,72.38,ca1f9c1c80abc0d01c8fc43f1adaab58,2025-12-18:7_left | 2026-02-11:9_right,Sporting Kansas City,USA,2025,1133.0078458054747
Sausage with bread,,5.0,35.2,ca2b63a627807e05c18e9e396858e81f,2026-05-25:6_left,SK Ujzed Praha,CZE,2024,959.6354489509446
Chinese is my fave foreign cuisine!,,,19.0,ca397c47b91c11bfbe9bf1d25d8816c8,2026-05-01:2_left,YouGov polling data,ENG,2026,1008.9412823397076
Steak pie,"With mash, peas and gravy",5.5,78.5,ca479cd3ac52518adda9f970bd34e8f7,2025-11-22:6_left,Droylsden FC,ENG,2023,852.2129545737556
Three samosas,With a dip or chutney,6.0,44.81,ca66f05dd9187f893fa22a034c94f3a0,2026-01-18:9_left | 2026-03-08:4_right,Brentford F.C.,ENG,2021,986.7203050608904
Steak and chips,,11.0,91.90000000000002,ca8149744115a9850c150a7c2e4cc0b7,2025-07-28:7_left | 2025-09-02:8_left | 2025-10-02:1_left,Port Vale F.C.,ENG,2023,1142.6326354658454
Cheeseburger,,4.3,6.400000000000001,cab560d5ed4a5fa8935f1ed3a862ab66,2025-06-13:2_right | 2025-07-20:8_right | 2025-09-29:2_left | 2025-10-19:3_left | 2025-12-08:1_right | 2025-12-30:5_left,Doncaster Rovers F.C.,ENG,2023,714.5845755260508
Hotdog,,5.9,32.836666666666666,cac17c98f47e9b1e493846b0b6aa5dfa,2026-05-08:5_right | 2026-05-15:0_right | 2026-05-31:4_right,"The Sphere, Las Vegas",USA,2026,869.780075351871
Pie,,4.8,12.51,cac1f906d2260a5388259e4874a936ae,2026-04-04:0_left | 2026-05-25:5_right,Manchester United F.C.,ENG,2024,759.4849588487433
Ruby Special,"2 sausages, 2 bacon, 2 quarter pound patties and cheese",5.5,91.83,cad54ce0245c6676fc4a11577b11be4f,2026-01-02:6_right,Abbey Rangers F.C.,ENG,2024,1159.8080892955434
Butter chicken and rice,,,64.805,cae0c11883f40fc6488896cf4d04d6fe,2025-11-02:7_right | 2025-11-23:8_left,Brentford v Man City,ENG,2025,1072.6330761666495
Steak and chips,With chimichurri -- price includes bottled drink,10.0,85.4,cb3693a0a962bf97c3a505c6647cf0fd,2025-05-17:3_left | 2025-09-11:3_left,Cambridge United F.C.,ENG,2024,1098.3360912776511
Monster burger,Cheeseburger with a chicken trip and two mozzarella sticks,10.0,57.0,cb3ea14175167b1d8d6a4080e2967ed0,2025-11-06:2_right,Dallas FC,USA,2025,1086.7246960001376
The Ribman,One rib meat roll with hot sauce / BBQ sauce,8.0,68.43,cb462035f9d228c5f23afdf8b7d98aab,2025-10-21:2_right,West Ham United F.C.,ENG,2022,1130.5944912582725
Chicken curry,With rice,4.0,48.86,cb480f73f7174b5e1ea42fa38e06788f,2026-02-04:3_right | 2026-05-02:9_left,Swindon Supermarine F.C.,ENG,2022,1007.8484450470348
Bombay sandwich,Balti pie and a samosa with mint and chili sauce,5.0,35.87,cb9f48d65bae2205fe7f54f94724241a,2026-03-02:3_right,Oldham Athletic A.F.C.,ENG,2022,942.3955093713042
Ice cream nachos,,7.35,51.41,cbbb0a2801903fc652fb9657f944b26b,2025-11-30:4_right,Chicago Fire FC,USA,2022,949.0547883853131
Kitsune udon,Udon in dashi broth with abura-age,1.05,93.2,cbcd2e87a0412736b032d42c5ec47d8b,2025-08-01:6_left,Kyoto University of Foreign Studies,JPN,2023,991.843137254902
Nothing,Free for fans,0.0,27.957500000000003,cbd068f0858f71e6af30295c020d289f,2025-10-03:7_left | 2025-10-18:3_left | 2025-10-19:4_right | 2025-11-28:6_right | 2025-12-19:0_right | 2025-12-19:1_right | 2025-12-19:2_left | 2025-12-19:3_left | 2025-12-19:4_left | 2025-12-19:5_left | 2025-12-19:6_right | 2025-12-19:7_right | 2025-12-19:8_right | 2025-12-19:9_left | 2026-03-20:6_left | 2026-04-07:1_left,Manchester United F.C.,ENG,2022,807.1079211397772
Smokin Joe's hot dogg,"Topped with BBQ pulled chicken, crispy onions and sauce",5.0,86.9,cbf0c5c57ec4a1bea21116c2753c07cf,2025-08-26:9_left,Redcar Athletic,ENG,2023,1164.7296822774988
Chicken and chips,,7.25,84.49666666666667,cbf1b08bc6286862dcf0f840e1941729,2025-12-24:5_right | 2026-01-10:9_right | 2026-03-21:1_right,Manchester City F.C.,ENG,2023,1065.1839447045577
Double cheeseburger,,,56.985,cbf35197d139befc2e8d5008fba384a4,2025-12-11:2_right | 2025-12-28:3_left,Bites by Steve Edwards,ENG,2025,1023.578089252576
Lebanese chicken flatbread,,6.95,75.87,cbf64b6d431403e91659ef38ab2645f6,2026-03-30:1_right,Barnsley F.C.,ENG,2024,1128.4120526222546
"Pie, mash, peas and gravy",,8.0,40.66,cc0ef5e60cdc76c53afca55afbb13ec7,2026-04-27:4_left,Harrogate Town F.C.,ENG,2024,913.7089483818525
Pizza,,1.8,60.19,cc52ee5e86d77895f49c24b5003837da,2026-01-18:1_right,The Strongest,BOL,2022,946.1052156564588
Hot dog,,4.0,26.064999999999998,cc5707d0fa740dd5aabee6f054046465,2026-05-10:2_left | 2026-05-30:6_left,Barnet F.C.,ENG,2022,763.6076788773054
Cheeseburger,,,10.91,cc8d91678f1458c62f51e2dba360bbf0,2026-05-11:3_right | 2026-05-15:3_left,Unknown Location,ENG,2026,761.7648830192445
Cueritos,Pickled pork,1.2,26.8,ccc14c8c2ae6c7038a03866fb1693535,2025-06-20:8_left | 2025-08-03:8_left | 2025-09-08:8_right | 2025-09-18:9_left | 2025-09-20:9_right | 2026-02-03:5_right | 2026-02-07:9_left,Pumas UNAM,MEX,2022,777.9160814165253
Cheeseburger,,7.0,12.850000000000001,ccd02a482089cbeaee3505042b145b1f,2025-11-27:9_left | 2026-05-16:2_right,Brighton & Hove Albion F.C.,ENG,2024,788.9587210913952
"Steak pie, mash, peas and gravy",,6.5,22.05,cceacaa0346b042c17a5b9d664c77814,2026-04-20:0_right,Rotherham United F.C.,ENG,2024,857.8194033224696
Fleet dog,"Sausage, bacon, onions and cheese in a crispy baguette",6.0,75.31,cd0c04c7651c078fcaf7f2057b81c3b7,2026-01-12:8_right,Ebbsfleet United F.C.,ENG,2025,1089.1272081038892
Seekh kebab roll,,5.0,61.413333333333334,cd22c4b6649d8961f8dbdde94eb5300a,2026-02-15:3_right | 2026-03-21:8_left | 2026-04-09:9_left,The Footy Curry,ENG,2022,1083.354456920973
Chicken burger,,8.0,21.135,cd233c0b4f0df8a448dc59002321c921,2025-12-10:3_left | 2026-01-14:9_left,Wellington Phoenix FC,NZL,2024,697.056691652628
Steak and onion bun,With salt and pepper chippers,8.5,65.15,cd2e013fad2440f27b556843ea195ff1,2025-10-22:7_right,Avro F.C.,ENG,2024,1108.846560672724
Pastel de carne,Meat pastry,1.0,37.37,cd2e4f985adec099f7b92c1c1cef4166,2026-05-24:8_left,Ponte Preta,BRA,2022,923.1558226715624
Steak and chips,With halloumi and coleslaw,10.0,86.16,cd2e93d86ff07ba590be3f0971a6394f,2025-12-01:8_left,Avro FC,ENG,2025,1193.5096540033735
Steak and chorizo pie,,,26.060000000000002,cd75f0b1db30e45fed3d4473ecb8f54b,2025-12-01:6_left | 2025-12-31:0_left,St Johnstone WFC,SCO,2024,897.8077234690934
Double smokehouse burger,,7.0,90.6,cd7af677bc22eefbcc542ef473af764c,2025-06-08:0_right | 2025-09-24:9_right | 2025-09-30:2_left | 2026-02-05:7_left,Wycombe Wanderers F.C.,ENG,2022,1189.9817352762714
Butter chicken tikka and rice,,6.0,90.1,cda355cd6d08d359575a4e572628363e,2025-05-20:2_right | 2025-06-22:7_left | 2025-08-16:5_right | 2025-08-17:2_right | 2025-08-21:4_right | 2025-09-14:6_left | 2025-09-27:1_left | 2026-01-08:0_left,Preston North End F.C.,ENG,2023,1078.7563757761634
Chicken skewer,With chips and cabbage,2.8,79.7,cdbec2798cb12633571265501608632e,2025-06-14:9_left,Atlético Nacional,COL,2023,994.0973363271378
"Pie, mash and gravy",,5.0,37.93,cdccd738eb335c571ca6a6e196e4373e,2026-03-19:6_left | 2026-04-22:1_right,Stockport County F.C.,ENG,2022,951.8030002431047
Loaded fries,,12.5,80.74000000000001,cde01d0ae4b38e89a65f9c6c54d52100,2026-04-16:1_right | 2026-04-19:4_right,At The Cricket,ENG,2024,1169.6149614262474
Chili cheese chips,,4.5,52.39,cdecab637fd0fdf9654adc61c17d7349,2025-11-25:5_left,Chelmsford City F.C.,ENG,2021,1000.419813574848
Chicken curry,With masala chips and rice,9.0,59.92,cdf6a36dca0d90f0b9d9f7ed701c0272,2026-01-21:8_left,Birmingham City F.C.,ENG,2023,1016.021761806982
Cheeseburger and chips,,21.5,16.4,cdfe3087b8a75b1ea1b1888e3b929e05,2025-09-04:1_left | 2025-09-17:5_left | 2025-09-23:0_right | 2025-10-26:2_left,Arsenal F.C.,ENG,2022,971.2890907990178
Red Leicester filled sausage roll,,4.0,48.35,ce2a2b99c2c1f261e63c0fff6a8cff6d,2026-05-26:4_right,Leicester City F.C.,ENG,2021,983.8909039863984
Cheeseburger,,4.4,12.3,ce3b32f273ebef6d3574880b57919bad,2025-06-15:6_left | 2025-09-16:5_left,Oxford United F.C.,ENG,2023,796.4317969812789
Ice cream sandwich,,0.5,22.020000000000003,ce4d2719e6c67e9e7414b03e8569de16,2025-11-14:1_left | 2026-01-26:5_left,Bali United FC,IDN,2024,850.4794402593352
Steak pasty,With a guinness,,52.22666666666667,cea32b25f81938a0502cb15f12359593,2025-09-30:7_left | 2025-10-11:2_left | 2025-10-29:6_right,Bolton Wanderers F.C.,ENG,2024,995.6270681555148
Curry goat,,7.0,49.12,ceb63fe575dcaf0e7265130a19d3cf71,2026-04-15:0_left,Bristol City F.C.,ENG,2021,973.5206755422568
Burger,,4.35,7.285,cee30a513b3f0850e92c36689b8c031f,2026-05-06:6_right | 2026-05-09:9_right,"Dexcom stadium, Galway",IRL,2026,724.0633959027404
Buffalo wings,,6.0,89.2,cf03ef6b21b5010dbdb428fa6fbf9db0,2025-07-14:8_left | 2025-08-06:8_right | 2026-01-27:6_right,Horsforth St Margarets,ENG,2022,1184.4554943933024
Mac n Cheese pot,,8.5,30.88,cf168c291d81942ef96f2d7b3bedc56f,2026-04-21:1_left,Seattle Sounders FC,USA,2022,875.1128145340678
The spicy dog,,4.5,56.67,cf2c28bc2262eccc5419f63298bfce47,2026-03-02:0_left,Salford City F.C.,ENG,2022,1076.6990361021758
Reggae wings and peri chips,,10.0,90.266,cf2e850932b6c05ee48513c171cf9634,2025-07-02:1_right | 2025-07-15:6_left | 2025-11-15:7_left | 2026-03-11:4_right | 2026-05-27:2_right,Slough Town F.C.,ENG,2023,1224.6407272838608
Kinder bueno doughnut,,2.95,70.86500000000001,cf307443baff4671a97fba18b0a4fc61,2026-01-05:6_right | 2026-04-17:2_left,Tottenham Hotspur F.C.,ENG,2022,1090.4989616204211
Gourmet burger,"Two beef patties, cheese, bacon, onions, hash browns",4.0,71.45500000000001,cf3126cea1d5f56dc04afcb09d9ef773,2025-10-02:6_right | 2026-03-30:8_right,Prescot Cables FC,ENG,2022,1124.2119312154275
Two balti pies,With two cokes,14.9,51.66,cf37e8028d9fd99509aa53fd594b7b7e,2025-12-18:7_right,Blackburn Rovers F.C.,ENG,2024,897.2254300016824
Cheesy bacon fries,,,58.96,cf5d43c6e05de26db90444276717733c,2025-11-13:4_right,Manchester City F.C.,ENG,2022,1097.7657063404074
Steak and black pudding pie,,3.0,65.4,cf68203efd6b82bb76853a0b2306e098,2025-05-10:7_right | 2025-05-30:8_left | 2025-07-23:9_right | 2025-07-24:6_right,Arbroath F.C.,SCO,2023,865.2218875238561
Cheesy garlic pizza bread,,9.0,84.3,cf72751a13b0ddfabe7b022fd4261e0e,2025-04-21:4_right | 2025-08-28:6_left | 2025-09-01:3_left,Bolton Wanderers F.C.,ENG,2023,1017.6236733528144
Wigan kebab,With mushy peas,3.5,5.1,cf8ebbd33d50d067f98abdb3decd4c80,2026-02-06:2_right,South Shields F.C.,ENG,2022,791.2033567215351
Fried chicken and wedges,,5.0,80.2,cfb8550f5e73c58c6846d2722fbc44ff,2025-09-21:1_right | 2025-09-24:6_right,Lion City Sailors FC,SGP,2023,1025.762912204186
Loaded hot dog with chips,Double spicy chilli and cheese,12.0,87.8,cfcce5621d037bdd6496454de0dab354,2025-08-10:0_left | 2025-09-29:1_left | 2026-02-04:9_left,Manchester City F.C.,ENG,2023,1108.065096605195
Philly cheesesteak,,8.5,57.32,cfd687ab14d44f873bb59e73bcd9ebd3,2025-12-08:3_left | 2026-03-14:4_left,San Jose Earthquakes,USA,2022,983.2580241847296
Beef noodles,With a pint of Asahi,5.4,79.2,cffc3bbbeb82773c434d50db9b435d69,2025-09-25:3_left | 2026-02-13:8_right,FC Machida Zelvia,JPN,2025,993.3087841677824
Beef and pork yorkshire pudding,"With gravy, stuffing and veg",7.0,32.7275,d00308dc015e15b02d349acffbcc5547,2025-10-25:3_left | 2025-10-27:2_left | 2025-10-29:3_right | 2025-11-16:1_right,Grimsby Town F.C.,ENG,2022,888.6611962987517
Lachmacun Veil,With all ingredients,7.75,40.87,d01abc326ea49f64fcb22eaec297ccdd,2026-05-03:3_left,Kurio's Amsterdam,NED,2025,960.3725465382628
Chicken gyros,,7.0,87.5,d04788aa2b97fc427f15f0c048299919,2025-06-26:3_left | 2025-07-07:5_left | 2025-09-17:6_left | 2025-12-03:5_right | 2026-01-07:7_left,Birmingham City F.C.,ENG,2022,1164.363861513809
All-Star Bang Bang Chicken Strips,,13.0,81.7,d050e0fbcca242402a84d3adc3f23342,2025-04-27:0_left,OL Reign,USA,2023,1085.191256979375
Macaroni cheese pie,,2.0,64.3625,d0900e192a252391d2571027ce30bb21,2025-05-30:1_right | 2025-08-08:8_right | 2025-09-27:4_left | 2026-05-25:2_right,Annan Athletic F.C.,SCO,2024,916.7537937984152
Cheesy chips and gravy,,3.5,19.47,d0d2ad375841542f7a3dc6901fca4c37,2025-10-23:4_left | 2025-11-18:4_left,Stalybridge Celtic F.C.,ENG,2022,787.2099712833037
Bavarian beast,Huge pretzel,15.0,42.3,d0dc885043a7901907ac611ffa4b0d36,2026-05-04:2_right,Minnesota United,USA,2022,937.4702311423111
Carne asada nacho helmet,,15.75,50.675,d0e2e64f5f6b8a1f2a40da552d50ffa0,2025-12-17:1_left | 2026-01-16:8_right,"Los Angeles, CA",USA,2025,1056.7393021807968
2 inch sausage roll,,4.0,31.04,d0ed593c1cb08288b46fd1207050878a,2025-11-24:9_right | 2026-03-09:5_right,Norwich City F.C.,ENG,2024,892.4200052501598
Hot dog,,3.0,19.42,d0f0e29ae56f1b4bc86ec13909fad160,2026-05-28:3_right,Gosport Borough F.C.,ENG,2022,783.8830067811899
Marinated tofu steak,On sesame glass noodle salad,2.85,51.9,d0f6fe6dd15b58fcd376e95c2c3ac3a7,2025-07-11:2_left,Karlsruhe Institute of Technology,GER,2023,1009.967213114754
Kebab pie,,3.9,26.96,d10d14f85abb3e34a939da8eda4f3dcf,2026-04-28:0_left,Rangers F.C.,SCO,2022,886.6030087342526
Chicken tikka naan,,9.95,90.0,d126100063f71b04cb91380da8038153,2025-04-25:6_left | 2025-05-14:3_left,Wycombe Wanderers F.C.,ENG,2023,1168.0477809833774
Choripan,Chorizo sandwich with added toppings,3.2,85.9,d1449133399718bde3f84c9d3e787e79,2025-04-28:5_left | 2025-06-03:7_right | 2025-09-08:4_right | 2026-01-17:3_right,Club Atlético Independiente,ARG,2023,980.2710303293364
Cheesesteak,With crisps and a pint,21.0,48.6325,d14d55a410165694fd7044e33642fe9a,2025-10-02:6_left | 2025-10-09:8_right | 2025-10-27:3_right | 2026-01-29:6_right,Orlando City SC,USA,2023,998.243456535988
Poutine and a beer,,18.5,44.73,d164d93620df560b793a52bf107dee75,2026-05-04:1_left,Canada v Jamaica,CAN,2022,990.4256590557964
Chicken tenders and chips,,10.0,87.6,d16cab07053bd3a11e7354b1568aeb4e,2025-06-08:1_right | 2025-08-04:7_right,Aston Villa F.C.,ENG,2022,1148.6987134917435
Gourmet hot dog,,5.0,12.6,d1879e7a135ab31049ddb99559c45231,2025-06-08:3_left | 2025-07-10:4_right | 2025-11-10:1_right,Sheffield Wednesday F.C.,ENG,2024,795.549253490016
Sonoran hot dog,,8.5,32.4,d1900c72f2c689f198e21a49cd568a1a,2025-06-05:1_right | 2025-06-27:6_right | 2025-07-02:3_right | 2025-07-04:8_right | 2025-07-05:5_left | 2025-09-25:1_right | 2025-10-16:0_right,Austin FC,USA,2023,851.5682642403125
Gurmanska Pljeskavica,Spiced meat patty mixed with cheese and bacon bits,2.0,92.8,d19895a213cc3cb624d07ed02e4a8226,2025-05-11:5_right | 2025-07-30:2_left,Red Star Belgrade,SRB,2022,1216.5765968440917
Sausage and Red Leicester cheese roll,,4.0,81.9,d19ecc6427d42454d8bfc6cae2b65d75,2025-08-03:6_right,Leicester City F.C.,ENG,2022,949.9295214839008
Philly steak sandwich,,5.0,12.8,d1bad349806feb258934f76111a72399,2026-03-23:8_left,Sheffield Wednesday,ENG,2026,734.0516171495384
Double smash burger,With fries and a can of your choice,10.0,82.82249999999999,d1c3f7344a0cdfa6ed33d022de546f2f,2025-10-11:6_right | 2025-10-14:4_left | 2025-12-16:9_right | 2026-04-01:7_left,Chadderton F.C.,ENG,2025,1260.967572891611
Bagels,Salt beef or salmon,8.25,78.0,d1c60f4a4e573da32e02429dd87aa89b,2025-05-13:8_left | 2025-08-05:1_left | 2025-11-12:0_right | 2026-02-12:4_right,Tottenham Hotspur F.C.,ENG,2023,968.4373358950598
Chicken nuggets,With fries,5.5,50.77,d1ce8000635b96c060083085bc991887,2025-12-21:0_left,Atletico Ottawa,CAN,2022,1023.7582902683106
Wigan kebab,Pie and mushy peas on a roll,4.25,46.79999999999999,d1eec1db4e31fb2b4bf1fdb2f98ae1dc,2025-07-18:5_left | 2025-07-25:3_left | 2025-09-21:2_left,Congleton Town F.C.,ENG,2024,760.4233271959613
Foot long cheese kransky,,8.0,55.235,d1ef6b563dbe15c62996791442875f4d,2025-12-01:1_left | 2026-01-03:7_left | 2026-02-16:8_left | 2026-04-12:7_right,Brisbane Lions,AUS,2022,991.1360625180108
Pizza,With fries and a beer,13.8,43.91,d20c9d110d2517775a20f2a2ea4966e7,2025-12-04:2_right,AS Roma,ITA,2024,962.24145360281
"Pie, mash and liquor",,14.0,10.59,d214cfeba6e8cffd4e1825451917b66b,2026-02-07:2_left | 2026-05-20:7_right,West Ham United F.C.,ENG,2023,792.0849228979697
"Pie, mash and gravy",,,33.230000000000004,d2610468cc826507b336afc6434ba459,2025-10-23:8_right | 2025-10-25:0_right | 2025-11-22:0_right | 2026-03-28:6_right,Charlton Athletic F.C.,ENG,2024,913.5565515785818
Steak and ale pie,"With mashed potato, mushy peas and gravy",9.0,79.1,d2629b58fcda0e5c5c366cddf315ed10,2025-06-23:0_left,Harrogate Town F.C.,ENG,2023,1066.7757853311057
Meat and Potato Pie,,5.0,32.31,d2671de33f6c1aa2a07d6e3646161b7a,2026-05-02:5_right,Stockport County F.C.,ENG,2025,899.7068156556948
Chicken tikka dirty fries,,5.0,90.18,d26c6b9892ad7bf05561bd07d1ea9a7d,2025-05-06:3_left | 2025-05-24:0_right | 2025-05-27:4_right | 2026-05-21:7_right,Bolton Wanderers F.C.,ENG,2022,1175.9862815419076
Short rib grilled cheese,,11.7,60.20000000000001,d278595bf67df1eb5af44f1614d73db1,2025-09-28:2_left | 2025-12-17:9_left | 2026-02-04:7_left,Dallas FC,USA,2023,1014.459243980016
Chicken tenders and wedges,,11.7,64.0,d29107f0b76ae6aa8e0db120873c9286,2025-10-13:4_left | 2026-01-15:5_right,"EverBank Stadium, Jacksonville",USA,2024,986.7001132699828
Hot dog with onion,,2.65,11.33,d2b4c987992e61567d8137fed12e444e,2026-05-08:3_left | 2026-05-17:9_left,Perth Soccer Club,AUS,2026,732.0689510850146
Churros with chocolate dip,,5.0,85.8,d2d828c03b95692aa266e6dbb236fbef,2025-04-30:5_right | 2025-05-31:5_right | 2025-11-20:7_right,Bristol Rovers F.C.,ENG,2023,1034.7493252972597
Pork rib burger,,6.0,10.0,d2ffd1e4e0235677b1af435f7fc3b017,2025-04-27:7_right | 2025-05-05:6_right | 2025-06-01:8_right | 2025-08-26:2_right | 2025-09-02:5_right | 2025-09-13:9_right | 2025-11-03:2_right | 2025-11-19:6_left | 2026-01-24:8_right | 2026-04-07:5_right,Notts County F.C.,ENG,2024,700.623309155412
Southern fried chicken,With waffle fries,8.95,87.8,d315f2665d9e6bef2c044550b50c9ae2,2025-08-31:8_right,Tottenham Hotspur F.C.,ENG,2023,1101.1726156216769
Hot dog,,4.5,9.308571428571428,d31f840dff43e909241bf609a19a37ae,2025-10-15:3_right | 2025-11-07:5_left | 2025-11-11:0_right | 2025-12-08:9_right | 2025-12-18:3_left | 2026-01-14:0_right | 2026-01-19:4_left,Northampton Town F.C.,ENG,2024,718.3950733678698
Cheesesteak,With curly fries,13.0,42.73,d348d5c5ce9d4fb8648bba160b6b39f2,2025-11-15:3_left,Aston Villa F.C.,ENG,2024,1009.079152905266
Turkey roast dinner,,,58.18,d35bf3398909623f2d8a509e32427229,2026-01-20:3_right,Stadium of Light,ENG,2024,969.9321776611172
Steak and cheese pide,,8.55,54.35,d36c3c97089aa24fb0901adcf681e374,2026-05-26:0_left,"Eden Park, Auckland",NZL,2025,1034.600641620292
Chips and curry sauce,In a cob,3.5,51.47,d3850489c8f32af57213a2365dc4aad6,2025-10-28:1_left,Merthyr Town F.C.,WAL,2022,975.4093525903314
Hot dog,,6.0,87.2,d38cd0ab5cb78519cdfad3f784682c83,2025-04-27:8_right | 2025-06-23:8_right,Brentford F.C.,ENG,2022,1125.6685742236723
Potatoes with spicy mayo,,2.0,41.25,d3a226ad74f1cca93e7cc6d68a65f36a,2025-12-26:7_left,Manchester City W.F.C.,ENG,2022,938.9175859489148
Steak and ale pasty,,4.7,38.57,d3beb749b7ceb17d093130129f7d131a,2026-02-28:0_left,Stourbridge F.C.,SCO,2025,927.6276186641636
Chips and curry sauce butty,,3.7,51.78,d3dc0f1a0cb5cf49084e3c629de610dc,2026-05-14:7_right,Swansea,WAL,2022,993.707041481214
BBQ honey glazed chicken burger,With fries,10.0,89.3,d3e085f98dbfe4a0473e81174f1f41fd,2025-07-22:4_right,Luton Town F.C.,ENG,2024,1138.6955185384284
Serving of pickled jalapeños,,0.0,12.4,d3e72ddfac86e0729f5ec547dc34bf99,2026-04-22:8_left | 2026-05-31:2_right,"Denver, Colorado",USA,2025,691.2733495700369
Doner kebab and chilli sauce pie,,,61.005,d3e77e7325ec018d2189b3abc54b74bb,2026-03-19:9_right | 2026-04-21:9_left,Bonnyrigg Rose Athletic,SCO,2021,1031.066244866461
Grilled salmon,With fries and salad,10.8,53.975,d3f88e704b98967cba27005b62a06d09,2025-12-07:5_right | 2026-01-01:2_left,Melbourne Victory FC,AUS,2022,1015.9953127432772
Sausage roll,,3.0,12.4,d409ab8b3ebbbb2cbed4569eef3431cd,2025-05-20:5_right | 2025-06-03:4_right | 2025-06-23:8_left | 2025-06-24:0_left | 2025-06-29:5_right | 2025-07-19:8_left | 2025-08-29:3_right | 2025-09-22:4_left | 2025-10-21:7_left | 2025-12-02:9_left | 2026-02-16:0_right,York City F.C.,ENG,2022,767.1956794225863
Chilli cheese dog,,10.5,73.49000000000001,d40c0dcb07b61f2352eaa3ecc095cece,2026-02-28:3_left | 2026-05-18:3_left,Houston Dynamo FC,USA,2022,1120.9530679370278
Wings and chips,,6.0,90.1,d43dacd192483c7f304ff8910fcd4a8a,2025-05-01:4_left | 2025-06-28:9_left | 2025-07-30:3_left | 2025-09-22:7_right | 2026-04-13:4_right,Barton Rovers,ENG,2022,1216.9615995677923
Free pint and festive caramel slice,For season ticket holders,0.0,63.23,d4a30443fe15abc988211d8481afdec2,2026-02-27:4_right,Leicester City F.C.,ENG,2021,1064.2026571886076
Croque monsieur in a ciabatta,With a sports soda,11.6,36.230000000000004,d4a40bf74c82a459cd861aa098dfae72,2026-03-07:3_right | 2026-04-19:7_left,Parken Stadium,DEN,2026,910.0292295735914
"Pie, chips, peas and gravy",,3.95,55.94,d4a6bc5d6aa974f0bd9f998bb3cb8915,2026-05-26:1_left,Heanor Town FC,ENG,2022,1015.3737050517184
Grilled cheese,,1.2,64.1,d4afad305fac20383cb1215a472e672b,2025-07-03:4_right | 2025-08-13:9_left,Clube de Regatas,BRA,2023,788.3212440063771
Rocky Mountain Oysters,With chips,8.2,29.377999999999997,d4b7e191894cc216804dcb913d980c1b,2025-10-27:5_left | 2025-11-11:5_right | 2025-12-14:3_left | 2025-12-31:7_right | 2026-02-04:5_left,"Coors Field, Denver",USA,2025,910.9373006166292
"Pie, mash and liquor",,4.5,30.9,d4bcc4519b97dad25dddbb26a5fd0c3b,2025-06-18:6_right | 2025-06-18:8_right | 2025-06-27:0_right | 2025-07-20:6_left | 2025-09-18:0_left | 2025-09-20:0_left | 2025-10-05:7_left | 2025-11-17:0_right,Leyton Orient F.C.,ENG,2022,750.351979494453
Pizza,,5.0,55.95,d4e28043d35a750b5a5afc9f6354292a,2025-10-03:3_right,Hartlepool United F.C.,ENG,2022,1004.8741645284592
Meat empanada,,1.75,33.22,d4fc2092ee22701a7deceb2117106590,2026-04-25:5_right | 2026-05-30:8_left,Unknown Location,POR,2025,922.6090324388828
Chicharrones,fried pork,4.8,77.6,d50f0a8eccd0544200d7622704030f36,2025-07-09:0_left | 2025-08-13:9_right,Tigres FC,MEX,2024,968.53491830951
Pizza dog,,6.5,79.7,d5135f73b119c2939ebb544ecbcf10a0,2025-06-10:6_left | 2025-12-17:9_right,Nottingham Forest F.C.,ENG,2022,1031.7069519159395
Spinach fatayer,,3.5,19.59,d549434b78435f0f0fbac06531b8f3a6,2026-04-25:9_right,Qatar World Cup,QAT,2022,849.0450197144482
Chicken and beer,,8.7,95.2,d54a02946b02f7064e7be4586831630e,2025-09-06:4_right | 2026-03-01:6_right,FC Seoul,KOR,2023,1163.4035414870946
Pie in a doughnut,,3.0,39.3,d563fc4abb7fcf8894fe9d8486ca00c2,2025-04-27:4_left | 2025-06-27:4_left | 2025-06-29:2_right | 2025-10-07:1_right | 2026-01-29:0_left | 2026-03-12:6_left | 2026-03-29:0_right | 2026-04-06:6_right | 2026-04-17:8_left,Nairn County F.C.,SCO,2022,748.729449622161
Korean chicken and chips,,7.5,85.945,d56fec56b1330580de55300b38eee0d5,2025-10-27:1_right | 2025-10-29:1_right,Tottenham Hotspur F.C.,ENG,2021,1181.0084895688683
Düsseldorfer,,7.8,47.81,d5937c7407871ecedcc4f23b177b03b9,2026-05-19:3_left,PSD Bank Dome,GER,2025,994.8204519605846
"Chicken, chips and cheese",,2.5,52.99,d5ac9ff3a30c41baebc14f8713be8888,2026-05-21:7_left,Atlético Nacional,COL,2023,1000.0503873575268
Average of all American items,,,51.55,d5ad09b1e4ef38b5561ccae38343b894,2026-05-22:1_right,,USA,2026,992.8169868554096
Pizza dog,,7.0,68.9,d5bae8be6321f534461d37d3852c0bb0,2025-08-20:6_right | 2025-09-21:9_right,Nottingham Forest,ENG,2024,988.0331430390188
Baja-style hot dog,"Onions, jalapenos, chipotle crema, green salsa crema",7.0,84.5,d5d88809940afc0e81c9351d270c6c50,2025-07-16:8_left | 2025-11-08:4_left,San Diego Loyal SC,USA,2023,1068.4275448742371
Weetabix 'n' jam,,,74.79,d5e374381a4a603b5b0652884bc05b01,2026-03-13:3_left,Student Accommodation,ENG,2026,1015.862917601058
Chicken and chips with buffalo fries,Two portions,27.0,75.0,d5fa7bc253a86bbbef123d42586f0e01,2025-04-30:2_right | 2025-06-03:5_right | 2025-06-09:3_right | 2025-07-06:6_right | 2026-02-01:3_right,Aston Villa F.C.,ENG,2023,1034.9700925170162
Choripan,Chorizo sandwich with added toppings,3.2,88.2,d5ff17307f105e42b9897444d91a4fbb,2025-07-20:7_right | 2025-08-30:1_left | 2026-01-05:9_left,Club Atlético Independiente,ARG,2023,944.4869349558508
Chikuwa-ten soba,With half-boiled egg,2.1,90.5,d618b53d9620afb5d971ca1b51e0bce3,2025-08-01:6_right,Tokyo City University,JPN,2023,1008.156862745098
"Sausage, chips and curry sauce",,2.0,32.56,d623ce8a756c07abc25f22d4907e856c,2026-04-22:7_left,Llangollen Town AFC,WAL,2023,883.6760422236939
Pig skin,With spicy salsa and lemon,1.85,27.67,d63663b86a07bacc79d8abc6751f04de,2025-10-10:8_right | 2026-01-24:0_left | 2026-04-30:2_left,Pumas v Nexaca,MEX,2025,802.5457905928595
Terry's Pyramint,A pyramid of dark chocolate surrounding mint creme,,48.39,d646bc7dcdc7c4dfaa2689e50613c931,2026-02-20:0_left,Terry's,ENG,2086,998.9721288792252
BBQ bacon loaded fries,,4.95,85.0,d648d81d996dfeffa1efa0e20c78e9a7,2025-08-30:8_left | 2025-09-14:9_left | 2026-01-06:7_right | 2026-03-05:3_left,West Bromwich Albion F.C.,ENG,2022,1140.6238961591882
Double cheeseburger,,7.0,86.82,d64a1fcd5b8618dc2847f593ad3fd6bb,2026-02-28:7_left,Aston Villa F.C.,ENG,2022,1188.6836451321774
Loaded Fries,,7.5,90.47333333333334,d65585025146db84a4bbf800773725a9,2025-11-08:0_left | 2025-12-15:4_left | 2026-01-12:2_right,Leeds United F.C.,ENG,2024,1200.134186534075
Lamb snack pack,,9.4,81.05,d67db500a8564ae5e11964e367c8a6d8,2025-12-15:4_right,Western Sydney Wanderers,AUS,2023,1140.6644443935536
Pepperoni pizza,,6.7,38.3,d680a077b3d505293b349f874980b4ed,2025-05-23:6_left | 2025-05-30:1_left | 2025-09-19:3_right,Celtic F.C.,SCO,2023,812.1101285891905
Rib Meat Roll,,8.0,57.07,d6b361eb2017bf7192e9165b3b5161aa,2025-10-12:2_left,West Ham United F.C.,ENG,2021,1117.1482037413548
Cheese steak,,6.0,73.22,d6e091ca1a4228a6f1893a026cb37404,2026-04-06:0_right,Manchester City F.C.,ENG,2021,1157.6813383006167
Burger and chips,,8.0,90.3,d6eab0826ce2fa49871e45c417b782f8,2026-04-04:3_right | 2026-04-04:9_left,Folkestone Invicta F.C.,ENG,2022,1123.7226854483324
Chicken tenders and fries,,11.5,60.0,d6f9759449303b9e043319a3ec92496f,2025-06-16:0_right | 2025-06-21:4_right,Wembley,ENG,2023,1017.3145589539064
Red Leicester filled sausage roll,,4.0,77.1,d71ea88a893109ab000571a5a85a8c3e,2025-05-01:1_left | 2025-05-03:0_right | 2025-05-15:1_right | 2025-07-30:0_right | 2026-04-11:9_left,Leicester City F.C.,ENG,2022,925.860478740466
Poutine,,6.5,63.29,d720ec5705bbd780b2a80b1099249ca2,2026-01-14:6_left | 2026-01-16:0_right | 2026-03-29:7_right,Kelowna Rockets HC,CAN,2025,1063.0180911399923
Long Potato,With cheddar cheese sauce and parmesan,4.7,42.41,d725b2b6ce1700620e323979defbc618,2026-05-25:4_right,"Suzuka Circuit, Mie",JPN,2025,946.4139759066036
Chicken and fries,With pepper sauce,2.2,90.3,d735e8697bade6a690e8bf9e7e3ef142,2025-05-10:7_left | 2025-06-26:7_right | 2025-09-14:0_right,National Stadium,JAM,2024,1004.5627877320164
Witches Cat hot dog,Bun shaped like cat's paw,5.5,7.02,d75ac2680225198939f14dcf1e94a1c4,2026-03-21:5_right | 2026-05-08:2_right,"Studio Ghibli Park, Nagakute",JPN,2026,711.3794886262103
Pepperoni pizza,,11.0,81.0,d7735811170ad4776918d8ab53df830c,2025-05-06:8_right | 2025-06-11:0_left | 2025-08-21:6_right | 2025-08-31:9_left | 2026-01-24:8_left,AFC Wimbledon,ENG,2023,1050.0217074542936
Dirty Mac,With Curry Goat and Crispy Onion,9.0,62.28333333333333,d77b09dce5f34e9550f68d94a9e5ecd1,2025-10-21:3_right | 2026-01-03:3_left | 2026-04-01:2_right,Slough Town F.C.,ENG,2024,1048.5480241088248
Pint of Coors,,5.8,27.31,d77dbfa018a01194923e8a8e3f58e7ef,2026-04-26:6_right,Unknown Location,ENG,2026,851.1668354596337
Donuts,,4.0,87.7,d79e078244d0ea7fe56bd6c2275a96e8,2025-04-24:3_left | 2025-08-07:8_right | 2025-09-22:6_left | 2026-04-17:7_left,Blyth Spartans F.C.,ENG,2023,1098.9509252427792
Gunner dog,"Hot dog with onions, cheese, pulled pork and jalapenos",8.0,67.8,d79fc14af11d3fca2ad3ccc7abe6845d,2025-05-25:1_right | 2025-07-13:3_left | 2026-03-01:8_left,Arsenal F.C.,ENG,2023,961.2685346604644
Free oysters,,0.0,24.905,d7a51e906ca8a9900b4a77015ad79496,2025-10-03:2_left | 2025-11-20:6_left | 2025-12-15:8_left | 2026-02-27:8_right,AS Velasca,ITA,2024,873.5039036388048
Chicken pizza,,13.0,19.93,d7cb15909589d0dc044a2a650f62d9f9,2026-03-13:1_left,Dominos Pizza,USA,2026,980.7547042633264
Bhageecha x Punjab United Special,"Chicken curry, mixed rice and meat samosa",8.0,57.04,d7ce2535c3900ed53b28d4bbad1ac12f,2026-02-03:4_right,Punjab United F.C.,ENG,2024,1036.932823606587
Short rib poutine,,8.0,88.2,d7f0b98efbe82227fc4330b53b954a1f,2025-08-09:2_right | 2025-08-20:5_right | 2025-08-21:2_left | 2025-08-30:5_left | 2025-10-02:0_right,Vancouver Whitecaps,CAN,2024,1171.327876549239
Hotdog,With onions,4.5,37.096000000000004,d849fe2fbe1e9d00672be604147c345a,2025-10-14:6_right | 2025-10-15:0_right | 2025-10-19:5_left | 2025-12-31:4_right | 2026-02-28:5_right,Bishops Cleeve F.C.,ENG,2024,974.8624987350362
Sharing box,"2 burgers, 2 pies, chicken strips, cheese bites, mozzarella strips, 2 drinks and a program",20.0,74.43,d851cd9e2c026fdd93002932a8d63b41,2026-01-15:3_left | 2026-04-28:1_right,Brentford F.C.,ENG,2024,1130.3045321363918
Steak and chips,In a red wine gravy,10.0,81.9,d85d5519fefa94211485e5f80ac159ab,2025-05-22:0_right | 2025-07-31:9_left | 2025-09-27:5_right,Birmingham City F.C.,ENG,2022,1117.311112445252
Hotdog,,4.0,6.3,d8714029383ee8c2eb2805a408684c18,2025-12-21:5_left,Morecambe,ENG,2024,777.2610856277873
Peri peri chicken wrap,With waffle fries and peri mayo,10.0,93.29,d894a8ff6af04cd95cf40531e756bb2b,2026-03-17:0_right,Shelbourne FC,IRL,2022,1089.355679090321
"Pie, mash and gravy",,6.0,78.3,d8b2219d26feb6200086fb50a38e2a35,2025-08-12:8_right | 2025-09-01:7_left | 2025-09-21:7_left | 2025-11-12:1_left,Stockport County F.C.,ENG,2022,944.7130966202012
Chicken tenders and fries,With andalouse sauce,6.7,94.9,d8c1c86ec505d5f6b0fee2918369bde4,2025-06-25:1_right,Standard Liege,BEL,2024,1143.47557803309
Christmas Dinner in a cup,,4.5,54.0,d9235f5c56abfdf65aabe3e82a43faa5,2026-05-17:3_left,Stockport County F.C.,ENG,2024,1025.0865530582544
Bacon cheeseburger,,8.5,12.7,d92f71582745266163fd306f115deab5,2025-06-14:1_left | 2025-06-28:9_right | 2025-10-02:2_left | 2025-11-09:9_right,Real Madrid,ITA,2024,688.296428654612
Pasta and meatballs,,4.35,53.09,d94086484eb0f21cc66e0a07b3a5db0a,2025-10-20:7_left | 2025-11-29:5_right,Shamrock Rovers F.C.,ENG,2022,927.9087285789824
Cheese burger,With a hot chocolate,5.5,53.21,d942107c64eaceb03a46ad7b03d2beca,2025-10-28:6_left,Gwalia United,WAL,2024,1067.0424743766373
1/2lb bacon cheeseburger,With fries,6.5,72.75666666666666,d9460408b0b447a14ecb01e05490d1cc,2025-11-23:4_right | 2025-11-27:7_left | 2026-02-25:9_right,Fairford Town F.C.,ENG,2022,1105.7064869512928
BBQ brisket,With coleslaw,18.0,36.48,d9aa544430dbcf668b8271735d5581b5,2026-04-30:6_right,"USA v Canada, Las Vegas",USA,2023,919.5353553471886
Bocadillo con bacon y queso,,4.7,79.9,d9c713a326f3f625777aa4ab545a1c57,2025-10-07:4_left,AD Alcorcon,ESP,2025,1098.6751940277975
Sausage and beans loaded fries,,6.5,32.965,d9fb1fc0d8009970718020ad56dc1493,2025-11-04:4_left | 2025-11-07:3_left,Lewes F.C.,ENG,2025,944.0207758711468
Korean style chicken wings,,5.0,84.8,da3703ec14a30f12674f56c35af143a4,2025-06-11:6_right,Cheltenham Town F.C.,ENG,2022,1187.2551773770529
A pint of beer,,3.4,57.26,da4e8198d67ddaaf24b10ac6d8996fbe,2025-10-30:5_left | 2026-01-23:4_left,Babelsberg 03,GER,2023,986.1020627845884
Double bacon cheeseburger,With an egg,5.0,92.9,da6753bba50a65a36349d40fc268be05,2025-07-19:9_left | 2025-07-31:2_right,Hertford Town F.C.,ENG,2023,1037.027453467843
Roast pork,"With stuffing, chips and onion gravy",7.0,73.57,da7fac6b8eef9705c8c2e0697eea9fa1,2025-10-26:8_right | 2025-10-30:7_left | 2025-11-02:6_left | 2025-12-14:1_right,Wolverhampton Wanderers F.C.,ENG,2021,1114.0348654132374
"Pie, mushy peas and gravy",,4.0,24.7,dac57ae620db3165d701d5a9a0026ae3,2025-07-13:1_right | 2025-07-25:8_right | 2025-08-24:1_right | 2025-09-21:0_right | 2025-11-13:7_left | 2025-11-23:5_right,Bacup Borough,ENG,2022,775.664432719305
Chicken wings and rice,,0.3,65.0,db14ff7858ff6b06334d9570d7ddab68,2025-09-29:4_left | 2025-12-06:3_right | 2026-01-03:6_left | 2026-02-07:1_right,PSS Slemen,IDN,2023,855.4961059968405
Hash n Load Meal,"Hash brown, sausage, bacon, cheese, beans",6.5,30.86,db1fcfe51b5db5819a189d12b610bb48,2025-12-20:5_right | 2026-01-06:2_left | 2026-02-26:7_left | 2026-04-04:8_right,Grimsby Town F.C.,ENG,2023,963.614298502038
Butter Chicken loaded fries,,,65.05,db3c4f442c4da253424ab6f5e7188df2,2025-11-05:2_right | 2025-12-07:2_right,Aston Villa F.C.,ENG,2024,1084.9328954122582
Chicken currry and rice,,3.5,42.88,db45e9aac47e50500eb93edef8d3d27f,2025-10-26:7_right,North Shields F.C.,ENG,2024,980.22015098237
Vegetarian pizza,"With bell pepper, mushrooms, spinach, arugula",2.9,92.8,db48c7d77d746a8c99a6e2ba7686a62a,2025-08-01:7_right,Uni Freiburg,GER,2023,997.2038834951456
Cuban rice,"With egg, schnitzel with potato salad, bread, a pear and a glass of red wine",3.05,79.1,db568eebf9509bf72b97389c2c668c95,2025-08-01:8_left,University of Granada,ESP,2023,1010.4489795918367
Burger,,4.0,15.8,db5a18777f26d700fe95d29cb48ec1ac,2025-04-22:3_left | 2025-12-09:3_left,Fluminense FC,BRA,2024,720.5612904789547
Footlong mexican hot dog,,12.5,55.373333333333335,db74b4f592e6d2d5d02a5c4447705029,2025-10-14:0_right | 2026-02-28:0_right | 2026-03-27:2_right,Orlando City SC,USA,2024,1056.2640121403854
Octopus balls and long chips,,8.2,67.53,db87a7edbfba979008467b0dccea5db4,2026-02-23:0_right,Avispa Fukuoka,JPN,2025,1092.7029799994746
Plant Based Shawarma,,10.95,41.78,dbaf8b55506b8eb822b42c35a120dd9f,2026-05-02:9_right,Tottenham Hotspur F.C.,ENG,2024,962.7898686768864
"Chips, sausages and curry sauce",In a cob,4.5,53.83,dbb57255708ab148e832243f1d3ecc63,2026-02-19:8_left,South Shields F.C.,ENG,2021,1031.7163562545095
Slider box,"6 burgers, 4 mozzarella sticks, beer-battered onion rings, tater tots",20.8,67.00999999999999,dbd4f04ef84b1467840927afe4fe2fd5,2026-01-20:6_left | 2026-03-05:0_right,Sporting Kansas City,USA,2025,1134.4125863172617
Dirty fries,"Fries, bashed burger, sausage, onions and cheese",5.0,79.4,dc085bd82cddcb87e12ea30b85f48ec7,2025-05-21:2_left | 2026-03-19:3_right,Southport F.C.,ENG,2022,1096.663971294668
Pepperoni pizza,With a pint of modelo,26.0,16.4,dc09a4f909b500256384a762726aff7e,2025-04-27:4_right | 2025-05-06:9_left | 2025-09-11:1_right | 2025-12-23:1_right | 2026-01-25:7_right | 2026-03-28:7_right | 2026-04-15:6_left,Dignity Health Sports Park,USA,2023,891.4711677360599
Popcorn chicken and curly fries,In a bucket,16.0,82.6,dc20129bdfc87b8dd01102f223e11472,2025-06-05:9_right | 2025-07-08:5_left | 2025-08-11:0_right,Sporting Kansas City,USA,2023,1033.099453285798
Full English breakfast box,,7.0,84.1,dc263e7986233a80ea970cd1bb1e06dd,2025-05-06:9_right | 2025-08-16:3_left,Tilbury FC,ENG,2022,1000.0
Chicken curry and chips,,6.0,45.12,dc412be7d5105ba7f36bf35c67306af2,2026-05-05:7_right,Aston Villa F.C.,ENG,2022,990.64245459917
Garlic fries and cheese pizza,,13.5,32.7,dc4820d5165886062e5f8062849be25a,2025-05-17:3_right | 2025-05-23:3_right | 2025-06-21:9_right | 2025-06-23:7_right | 2025-07-02:2_left | 2025-07-04:9_left | 2025-07-23:9_left | 2025-07-30:8_left | 2025-09-19:3_left | 2025-11-02:0_left | 2026-01-26:2_right,USA v Honduras,USA,2022,1005.9842310476828
Duck confit,,14.0,42.2,dc666988ee599d93ecf7a1656759122b,2026-04-18:5_left,Columbus Crew,USA,2025,930.7079767478724
Ice cream sandwich,,0.45,32.244,dc69d3e063df6b351bf46b3273c33044,2025-10-12:5_left | 2025-10-15:9_left | 2025-10-17:6_left | 2025-11-03:0_left | 2025-12-16:8_left,Bali United FC,IDN,2025,902.9960888101432
Hot dog,,,44.92,dc735ad6e5bf09911dc36f74a7d89579,2026-02-05:3_left,Grimsby Town F.C.,ENG,2021,991.6655184995336
Chips,,2.5,57.08,dc84451085449c1f82bf5f6ce8540eb9,2025-12-29:7_right,Carshalton Athletic F.C.,ENG,2024,1009.1970718391668
Double chicken n bacon smash burger,,8.5,71.29,dcba282179190be7125e656b223a694d,2025-12-30:6_left,Flint Town United,ENG,2025,1110.540519666628
"Pepperoni pizza, calzone and garlic knots",All in one,,68.485,dcbea56ecfc7d26b9d20a99c4d7823f2,2025-11-02:9_left | 2025-12-07:9_right,"Roselle Park, NJ",USA,2025,1126.5824236567548
Festive bowl,,8.1,70.47666666666667,dcd06afcea37df5560c361f48429fb6a,2025-10-08:2_left | 2025-10-18:9_right | 2025-11-18:0_right,Newcastle United F.C.,ENG,2024,1005.087824568944
Cheeseburger,With a pint,14.7,62.66,dcd711b47a0480a6b412b14c611ea839,2026-04-09:7_right,Parc des Princes,FRA,2025,1054.3521427840649
Crab fries,With cheese sauce,26.65,38.53,dd21320213ada10db719a292ca83be86,2026-05-06:6_left,Philadelphia,USA,2026,926.4799886425462
Scotch egg,,4.0,73.2,dd3603068644f42997bc590c1689fc5e,2025-05-03:6_left | 2025-09-02:1_left | 2026-01-31:2_right,Grimsby Town F.C.,ENG,2022,978.1169736138364
Chicken curry and chips,With a pint,8.5,72.2,dd6d76a92befb06444daeae7bbb35f10,2025-07-14:5_left | 2025-08-03:9_left | 2025-09-06:0_right | 2026-01-27:9_right | 2026-04-03:3_left,Berkhamsted FC,ENG,2023,894.5482610602529
Chicken things with chips,,8.5,12.53,dd89b520c7b9dcdc18e54192515c21c2,2026-04-25:7_left,Hibernian F.C.,SCO,2024,830.3842208952452
The hawk burger,"Chicken, beef patty, hash browns, sausages, onion rings, cheese",8.0,73.13,ddb84606d230096df553cdac217dedce,2026-01-06:8_right,Whitehawk F.C.,ENG,2025,1138.713252105081
Wigan kebab,"Pie, peas and gravy in a roll",4.0,34.1,ddc41cc9c3ae7a52a348e140657b6e1c,2025-05-09:1_left | 2025-05-16:8_right | 2025-08-16:0_left | 2025-08-16:5_left | 2025-09-21:3_left | 2025-10-09:9_left | 2025-11-30:2_left | 2026-04-02:1_left | 2026-04-06:1_left,Rochdale A.F.C.,ENG,2022,778.6807312604024
Purple chokeberry,Aronia prunifolia,0.0,100.0,ddc7943701bbaa31096f814f719efed4,2026-03-06:8_left,Mother Nature,,2026,1019.132578729127
Yorkshire pudding wrap,"Filled with sausage and stuffing, with a gravy dip",5.0,83.7,ddced6bb7352f383b2f7e9c7239e684b,2025-05-18:1_right | 2025-05-24:9_right | 2025-06-01:3_right,Derby County F.C.,ENG,2023,926.7175961146808
Sausage rolls,Without the sausage,,32.06666666666667,dde8864d6b4a30f0add7227b4eeb9d1d,2025-12-15:9_right | 2025-12-16:0_left | 2026-04-01:8_left,Chesterfield F.C.,ENG,2025,862.7844980259175
Classic hotdog,With a beer,11.7,52.48,de209085f82c8215bd1513adfc103775,2026-01-21:9_right,Euro 2024,GER,2024,1018.8909262506558
Lumpia,Spring rolls and leek with a tomato sauce,0.5,84.5,de315c60006ce2f90c770bc48fd59eaf,2025-05-26:0_right | 2025-11-08:8_right | 2025-12-01:2_left,Gresik United,IDN,2023,1030.0937159534092
Brisket mac and cheese,,14.0,79.0,de57b4b43d5cbd5bffea107338eb2df8,2025-07-24:4_right | 2025-09-13:7_right | 2025-10-01:9_left,St Louis City SC,USA,2023,1138.0546496248712
Chicken kebab,,,45.89000000000001,de635a13072e9f569c6fda27507527f3,2025-11-17:4_left | 2025-12-25:7_left | 2026-04-21:7_left,Kashiwa Reysol,JPN,2025,1023.989711660475
Ice cream sandwich,,3.75,57.15,de8f8a7c058989e714f62bdd1161a3e9,2026-01-16:7_left,Michigan State Spartans,USA,2025,1006.187859635714
Entrevero,Mixed grilled meats with green mayo,3.0,27.886666666666667,de9fd6940186a48b19ee07b43cb991d6,2025-11-14:2_right | 2026-02-03:8_right | 2026-04-07:7_right,Grêmio FBPA,BRA,2023,877.003383545133
Spicy samosas,,5.0,41.42,ded692be4aee313223e1c363d5c12434,2026-04-29:3_right,Mickleover F.C.,ENG,2022,959.2562758093036
Classic Quarter Pounder Burger,,3.5,23.9175,df09a8abb6f172c8c952378ad109ae5c,2026-01-13:9_left | 2026-04-01:9_right | 2026-04-07:4_left | 2026-04-16:5_right,Cheshunt FC,ENG,2024,825.5899877738178
The Bulpit Beast,,6.5,96.3,df0b27c393183d1e35e5bc03ef2ad1f2,2025-04-25:1_left | 2025-06-23:6_right | 2025-07-30:9_left | 2025-08-17:4_right | 2025-09-07:8_right,Hungerford Town F.C.,ENG,2023,1262.2260794138672
Bacon sandwich,,11.5,15.0,df0ce4629285e7d7ae0fb7044b0acb48,2025-05-16:5_left | 2025-06-13:8_left | 2025-06-22:0_left | 2025-08-09:1_right | 2025-08-23:0_left | 2025-09-04:6_right | 2026-02-01:6_left,West Ham United F.C.,ENG,2023,860.2251743293406
Kasewurst,Sausage with cheese,3.2,51.58,df1916ed4f7e97521e7f3ece06e347f7,2026-05-12:2_left | 2026-05-27:5_right,FC 08 Homborg,GER,2025,1039.4722491263133
Pizza,,4.3,30.7,df1c120db83de772b500bd351a47d216,2025-05-05:3_left | 2025-05-23:1_right | 2025-07-05:0_right | 2025-07-09:7_left | 2025-08-06:0_right | 2025-09-13:5_left | 2025-09-19:4_right | 2026-02-23:9_right,San Siro,ITA,2023,852.0813191121122
Salt and pepper chips,With a pint,7.5,84.1,df2c5214bd7ca5a1b750cfa7ef121a84,2025-05-14:8_left | 2025-08-27:0_right | 2025-12-12:0_right | 2026-03-19:7_left,Tadcaster Albion A.F.C.,ENG,2023,983.2562239151064
Vegetarian burger,With cheesy chips,5.5,38.97,df32bfcfab064eee076cd3c6a2290954,2026-03-20:0_right,Hassocks FC,ENG,2025,915.5966856310636
Orange punch,,5.2,18.42,df3561e8dc6adc82ae04517360deb77d,2026-04-20:5_left,Vienna,AUT,2025,838.2323314398242
Loaded messy fries,,4.5,73.0,df3c72d4660fd68181eecc1c767f2d67,2025-06-02:1_right | 2025-06-12:2_right | 2026-03-14:2_right,Cambridge United F.C.,ENG,2022,1096.3286635981326
Hot Dog,,,44.22,df5939302e89d4b2ef46963eb33948e8,2026-04-30:9_left,Joie Stadium,ENG,2024,970.8124898688468
Loaded fries,,10.0,55.74,df8d7cc86d9b103788e88849e18da2ae,2026-01-11:8_right,Plough Lane,ENG,2025,1017.1704198013224
Hot dog,,4.0,15.8,dfa6fbef22c0fb8cfc2a50111a9414e9,2025-05-08:7_left | 2025-07-31:6_right | 2025-09-02:7_left | 2025-09-05:5_right | 2025-09-07:7_left | 2025-09-28:7_left | 2026-03-30:9_left,Barnet F.C.,ENG,2022,769.0027152038925
Steak sandwich,With chips and a drink,24.0,58.49666666666667,dfad8009bec2951e2e34c2dbce5d3827,2025-11-15:3_right | 2026-01-15:5_left | 2026-04-18:6_right,Arsenal F.C.,ENG,2025,1035.561566252717
Chicken tikka wrap,,6.0,71.46666666666665,dfb5adf8db259f84cc97f01f80191670,2026-01-03:0_left | 2026-02-25:1_left | 2026-03-21:2_right,Sporting Khalsa F.C.,ENG,2022,1177.696569725487
11 Ćevapi sausages,With lepinja bread,6.95,74.38,dfbd92f035365f139282f4bffa8fd8ba,2026-04-01:9_left,HNK Gorica,CRO,2026,1118.925840993281
Breakfast wrap,"Two sausages, bacon, egg, hash brown, cheese",3.5,88.7,dfd5b9b0fea1e910236b61b7358d5f09,2025-08-27:4_right | 2025-09-03:7_left | 2025-09-09:2_left | 2025-09-25:7_left,Redditch Borough FC,ENG,2023,958.503203629734
Cholo dog,Mexican hot dog,7.5,79.5,dff371da66fbc3058edf4b8272175f77,2025-07-24:2_right | 2025-08-19:8_left | 2025-10-08:7_right,Orlando City SC,USA,2023,1078.8412535784923
Chilean guava,Ugni molinae,0.0,100.0,dff91389b22d66299494775d08cc9fe0,2026-03-06:2_left,Mother Nature,,2026,996.6440712887606
Paprika fries,,2.0,86.5,dfffe225fc85e8dc616d286efa8fe9e7,2025-09-10:2_right | 2025-09-13:0_right,Lancaster City F.C.,ENG,2022,1044.8109748351608
Takis,With a can of Pacifico,20.45,20.99,e00ad3ebdcb4f3e54c468cf6dabd0464,2026-04-23:9_right,Dignity Health Sports Park,USA,2024,809.9111324867077
Chicken burger,,8.95,76.3,e00ef582528b6a10bcc1eb1ded96ba83,2026-05-11:6_left | 2026-05-31:9_left,Chelsea F.C.,ENG,2023,1118.3774045009932
Cheeseburger and chips,,6.0,76.04,e0126f4d24eb0022645b8429ebdc43c4,2025-10-29:6_left,Fleet Town FC,ENG,2024,1117.0208624369063
Bacon wrapped hot dog,,10.5,65.945,e01ce12566a687ce8d06affe47f07e8c,2025-12-07:0_right | 2026-05-14:6_right,LA Galaxy,USA,2022,1054.6076327990902
Chicken balti pie in a roll,,3.5,47.9,e028773e9387bd3196049ef51e135c31,2025-06-05:2_left | 2025-07-02:8_right | 2026-02-21:7_right,Workington A.F.C.,ENG,2023,777.0259665294344
Jammy dodger doughnut,,2.95,46.51,e02be0c86aeccb3a8a4e16ff0aa5cd00,2026-04-17:5_right | 2026-05-09:7_left,Wolverhampton Wanderers F.C.,ENG,2023,995.220803325698
Curry pie,With a double pinter,12.5,36.62,e02d5b1946c9b9c151fcb391786bd3d5,2026-02-24:7_right,Marine A.F.C.,ENG,2023,917.9824852714512
Chicken bites and chips,With curry sauce,6.0,65.3,e03e6f263a3fbd76202d8de3a62469db,2025-08-19:0_right | 2025-12-12:7_left,Newcastle United F.C.,ENG,2022,917.6347623518578
Spinach fatayer,,3.4,51.14,e04cbe7622a11f890a0d89cc6b851a4d,2026-04-29:2_right,Ahmad Bin Ali Stadium,QAT,2022,1030.538800315083
Horseradish and red onion on bread,,1.4,40.6,e065907b6a2e1d25a7c85d3334bb229b,2025-05-12:0_right | 2025-05-26:4_right | 2025-06-12:4_left | 2025-07-14:4_right | 2025-07-22:6_left | 2025-08-16:6_right | 2025-08-30:7_right | 2025-11-28:5_right | 2025-12-09:3_right | 2026-03-24:5_left,SK Slavia Prague,CZE,2023,788.1182463878202
Chinese box,,10.0,83.5,e06e857b48c4a88fb0e665b8c55711f8,2025-06-28:7_right | 2025-08-13:4_right | 2025-09-22:1_left | 2025-10-05:4_left,Reading City F.C.,ENG,2022,1045.9297877147258
Smoked brisket roll,With chips,11.0,78.205,e07cd6184dc1b40444c8af965275b8b5,2026-01-03:9_left | 2026-04-08:5_right,Tottenham Hotspur F.C.,ENG,2022,1172.9813977793317
Italian beff combo,,,39.035,e094b0a7ec79a64778f4c25f733a9b3e,2026-05-11:0_left | 2026-05-18:0_right,Red Stars FC,USA,2024,968.2610738627212
Bacon cheese burger,Can't read the price list,,83.06,e0ab277da626b70d82a554258ed0afd5,2025-12-30:4_left,Holyport F.C.,ENG,2025,1112.0236660920712
Fried Oreos,,5.5,52.19,e0ade125f190f876040d13dfd55f6205,2026-05-14:9_right,DC United,USA,2022,1011.4472202040948
Ice cream,"Pineapple, cashew and coconut",0.75,73.8,e0ef49540050d0ae943d46724e63604b,2025-06-02:2_left | 2025-08-22:2_left | 2025-09-02:1_right,Esporte Clube Bahia,BRA,2022,1000.2969757588346
Chicken gyro and chips,"With ""chip salt""",7.0,59.49,e10858f820cc5e75372fceca26600a1a,2026-05-31:0_right,Hull City A.F.C.,ENG,2022,1083.0210903143616
Dirty roasties,Roast potatoes with chilli and cheese,4.5,54.7,e10b039dd2e11a6dac324e3f42a8a0cd,2025-05-29:1_left | 2026-01-18:0_left,Cheltenham Town F.C.,ENG,2022,901.782502708169
Balti pie,With a cuppa,4.0,83.6,e114bf8020c40328c783757e10c421e8,2025-04-20:8_right | 2025-05-04:2_right | 2025-09-20:6_right,Walsall F.C.,ENG,2022,824.5071955288848
Breakfast wrap,"Two sausage, two bacon, egg, hash brown and cheese",6.0,88.0,e11d06e799a0669197dbfd43d79ad89b,2025-04-30:9_left | 2026-02-18:8_left,Avro F.C.,ENG,2022,1075.6478068809356
Steak blaggis & peppercorn sauce pie,"Steak, black pudding and haggis",4.5,62.105,e1359e8ec347e9c48b68ca47ba726c8c,2025-11-24:8_right | 2025-12-10:6_left | 2026-01-28:7_left | 2026-04-21:6_right,"Pie Sports, Falkirk Stadium",SCO,2025,1077.2007531144327
Hamburger,,3.2,43.99,e13a458edd903e27c1b9a69685ae7d7d,2026-05-13:9_right,"Lekeryd, Småland",SWE,2026,974.187822813597
Hot dog,,5.0,19.0,e13e48a632855462020f160c76fb8adf,2025-08-07:9_left | 2025-08-13:6_right | 2025-09-05:4_right | 2025-11-18:8_left,Newcastle United F.C.,ENG,2022,771.0000917236093
"Spicy ""taco style"" hot dog",,8.5,49.07,e14c59dd1efe41e509437941c25dc7cb,2026-05-08:7_left,Austin FC,USA,2022,1019.1972544670128
Ice cream sandwich,,0.5,45.725,e14ea3041881a9aca3a79b7b65235071,2025-10-20:6_left | 2026-03-12:2_left,Bali United FC,IDN,2024,892.0795022389489
Chicken burger,,5.6,66.58,e15d877faa636dc9a1e1f986dd9fbcb4,2026-03-28:9_left,AFC Ajax,NED,2025,1087.442136759818
Macaroni Pie,,2.5,25.32,e16ae4d46c060f5862b23d5c075ef24f,2026-02-23:1_left | 2026-03-11:3_right,Dumbarton FC,SCO,2024,860.1456578591386
Chicken burger,With fries and drink,9.0,84.0,e17bf3953c32d1bed06e00fa42b35f4c,2025-08-02:9_right | 2025-09-09:7_right | 2026-02-08:9_left,Manchester City F.C.,ENG,2022,1155.8640545046576
Spicy chicken flatbread,Includes a pint,9.9,91.5,e189bcd398b21154ea143d6e6866b5ec,2025-06-23:3_left | 2025-07-01:5_right | 2025-07-15:0_left,FC Twente,NED,2023,1034.2712487622427
Pretzel,,1.2,46.47,e189ddfb9dd78da61708112035e2d3ec,2025-11-28:4_left,Szeged-Csanád Grosics Akadémia,HUN,2022,933.4321702918394
Hot Dog,,3.0,21.09,e18d8f7656f4778bc6008cd62205a7e7,2025-11-20:6_right | 2026-01-19:4_right | 2026-01-29:2_right,Burton Albion F.C.,ENG,2021,830.7900117320585
Beef brisket and pulled pork,In a roll,7.0,58.553333333333335,e1a5fd5c93eb17530c9c24f2be51296c,2025-11-15:2_left | 2026-02-15:0_left | 2026-04-30:7_left,AFC Wimbledon,ENG,2022,1032.701680283082
Buffalo chicken tenders and fries,,11.0,77.2,e1b1c13a0489422b21351e485f7e8ab9,2025-07-13:7_left,New York City FC,USA,2022,1160.4459497594462
Chicken burger,With katsu slaw and a pint,16.1,12.7,e1ca1f29def98f1c00fdf95bb2f1a00f,2025-07-05:6_right | 2026-05-19:1_left,West Ham United F.C.,ENG,2023,826.2704074917555
Streetwise burger,"Beef patty, cheese, pulled pork, onion rings",8.0,93.8,e1db350a1a99df67fbe1465ef6c5f6cf,2025-06-03:9_left,Tilbury F.C.,ENG,2022,1176.857958769799
Chips and nuggets,With ketchup,4.5,51.9425,e1e8a1fd2f2d15077bce3506cde60456,2025-12-18:4_right | 2026-01-06:9_right | 2026-01-22:1_left | 2026-03-17:5_right,Cliftonville FC,NIR,2022,981.6909470591788
Chili con carne,,2.4,80.1,e217c4934562e60cca2345d6359e7a3c,2025-08-01:8_right,Fachhochschule Kiel,GER,2023,989.5510204081633
Bacon and egg roll,,3.3,76.9,e23e42e713c79b85781e962b548587f1,2025-05-19:3_left | 2025-05-24:6_left | 2025-08-05:4_right | 2026-01-31:6_left,Harbord FC,AUS,2023,964.9423628399596
Buffs special -- sausage and haggis toastie,With chips and peppercorn sauce,4.5,83.3,e24062626f752b97a75e9c80c551cdf5,2025-05-12:1_right | 2025-06-25:2_left | 2025-09-27:2_left | 2026-01-20:7_left,Kilwinning Rangers F.C.,SCO,2022,938.2625908981472
Brisket tacos,And more,6.0,82.6,e241e8d8a0055e371084b9fe849d8548,2025-05-05:6_left | 2026-02-14:0_left | 2026-02-18:1_left,Grimsby Town F.C.,ENG,2022,1112.7900812789476
Rat,Free for fans,0.0,27.11,e24455e604986672eba44ab2c16bf5f3,2026-05-15:7_left,Manchester United F.C.,ENG,2026,854.3506918085661
BBQ chicken wings,,4.5,19.2,e255a0af0cef8a84872e94c26c4e795e,2025-05-30:4_right | 2025-08-19:2_right,Rangers F.C.,SCO,2023,887.2949597561195
Butter chicken curry,,6.0,68.53999999999999,e297f2230dd2eb6391800d278984ab40,2025-10-22:9_left | 2025-11-05:8_right,Mickleover F.C.,ENG,2022,1094.9604971776305
Crab sandwich,With garlic fries,16.5,72.355,e299d650dd541d635fd1a42ae05d96d0,2026-01-16:2_right | 2026-01-19:5_left,"Oracle Park, CA",USA,2025,1090.3566228102156
Ice cream sandwich,,0.45,11.425,e29bd5eca0c0191675cda2e681b23cbd,2026-04-26:8_right | 2026-05-17:6_right,Bali United FC,IDN,2026,740.5430504948732
Chicharrones,Fried pork belly with guac and chimichurri,9.5,90.6,e2bc591910ad1e91cfe9a3f55c90be74,2025-04-20:0_right,Eden Park,NZL,2023,1182.0759535754098
Chicken strips with fries,,9.25,79.75,e2c43444761d45678f39b68039958792,2026-05-12:8_left,Vancouver Canucks,CAN,2026,1197.310427089559
Warm toffee apple crumble,,5.85,71.67,e2eb413ab50b57435b89b86ff87e95ad,2025-10-21:1_right | 2025-11-21:9_left | 2026-01-06:2_right,Hull City A.F.C.,ENG,2024,1080.8466481003704
Curry and a pint,,1.0,77.76,e2ed44516707db51f64d78c4d5647703,2026-03-14:6_left,Walsall F.C.,ENG,2025,1143.6253675913692
Potato wedges,,3.0,50.23,e3125609ae12c1b8037d97db1eceb4d3,2026-04-14:5_left,Mainz FC,GER,2023,1011.4601107355836
Pie in pond water,With a pint of slime,6.66,39.04,e3450980f199bf3de41cf47a46e2af2d,2025-10-31:9_left,Poison Level FC,ENG,2025,992.9867237687366
Spring rolls and bean sprouts,,0.5,81.3,e3673044d57ad1689f7c49aead0401c7,2025-06-04:7_left | 2025-12-10:7_right | 2026-03-07:4_left,Persibo Bojonegoro,IDN,2024,939.3538749681376
Jerk chicken with rice,,6.0,63.4,e36a11f336998426183a37e6da3f0e52,2025-07-23:3_right | 2025-09-27:8_left | 2025-10-06:4_left | 2026-01-09:9_left,Luton Town F.C.,ENG,2023,974.7166905585688
Crispy chicken sandwich,,11.3,29.950000000000003,e37eeff372e15536450a4c6ea0a19fcd,2026-04-21:2_left | 2026-05-15:2_right,Texas Furry Fiesta,USA,2026,862.5826284419653
Thanksgiving Jiggs,"Turkey, salt beef, carrot, potato, turnip, cabbage, strawberry pudding, gravy",5.35,66.775,e3ade830ff472d2c44f660d7ed3a2b40,2026-03-31:9_left | 2026-05-26:0_right,Newfoundland,CAN,2025,1094.8136584437373
Pie and mash,Peas are not available,8.0,27.372000000000003,e3ba5cbfc9d542f4d8864f77bd370bd9,2025-10-08:5_right | 2025-12-29:2_right | 2026-01-28:8_right | 2026-02-22:6_left | 2026-02-25:0_right,Brisbane Road,ENG,2024,868.2779457479904
Cheeseburger,,6.0,22.5,e3bf8cfd9354d1ac9415e49a2a90b307,2025-05-16:4_left | 2025-05-20:1_left | 2025-07-29:3_left | 2025-09-29:0_left | 2025-11-12:9_right | 2026-03-01:3_left,Portsmouth FC,ENG,2022,942.5622330597772
Pulled pork and beef sandwiches with gravy,"Three sandwiches, with pints of Stella",13.5,92.4,e3c97ea80a7df721218ecab1f01ef114,2025-05-01:3_left | 2025-05-01:8_left | 2025-08-02:2_right | 2025-09-03:4_right,Marske United,ENG,2023,967.5157960428256
Beef brisket and pulled pork roll,,6.0,75.0,e3d77c36c1be403228867c6a9a9f20e3,2025-06-18:9_right | 2025-06-19:7_right,AFC Wimbledon,ENG,2022,1050.1829631359858
Turkey and ham pie,With roasties and gravy,6.5,70.8,e3eb0be091ab86b039f317b9ed9c4051,2025-09-17:7_right,Oxford City F.C.,ENG,2022,883.9086638662683
Bao buns,,,78.65333333333332,e3fe1364746a11dd7062becc1eadc98a,2025-12-30:0_left | 2026-03-02:8_left | 2026-05-23:8_left,Brighton & Hove Albion F.C.,ENG,2024,1147.6847688213302
"Chips, cheese and gravy",,4.0,17.9,e402e9bdb7406c0ad6db5e9a84ca0359,2026-02-02:7_left,Bradford City AFC,ENG,2021,761.2663434889996
Grilled chicken burger,,10.35,66.75,e41330d81702cdd8f5a60a3218ffdc05,2026-04-04:4_right,Virginia Raceway,USA,2024,1078.8851900646628
"Sausages, chips and curry sauce",In a hollowed cob,4.5,61.980000000000004,e43e7d2562971297807ed7af3080fe05,2025-10-19:7_left | 2026-01-31:5_right,Merthyr Town F.C.,WAL,2025,983.964987209802
BBQ pulled pork,With cheese and chips,7.95,48.22,e461aa2de4031c45e41298445774eca2,2026-03-08:2_left,Horsham F.C.,ENG,2025,996.3916775600046
Ice cream sandwich,,0.5,31.013333333333332,e46c72797481832856beb0c226f15294,2025-10-18:4_left | 2026-03-12:2_right | 2026-04-07:3_left,Bali United FC,IDN,2025,872.1009202150182
Korean sweet and spicy chicken,,5.3,95.4,e48267f6ec8e8b0e8c3bc1b5dcbbfb79,2026-02-16:7_right | 2026-04-15:2_left,Bucheon FC 1995,KOR,2025,1224.9520882939244
Bacon cheeseburger,,7.0,72.2,e4a5573d08755a0a964f6be0f09f04bc,2025-07-06:0_left | 2025-08-11:0_left | 2026-02-15:5_right | 2026-03-26:0_left,Manchester United F.C.,ENG,2023,903.5294536867032
Butter chicken with rice,,7.5,88.1,e4b59c1bf458c05bf160b799d0de2c46,2026-04-15:7_left | 2026-04-19:6_right,Brentford F.C.,ENG,2023,1030.634487771267
Fire-grilled kielbasa sausage,"With fresh bread and 0,5L beer",6.3,77.99,e4bb0c56784128f6e671783ad9ae3a69,2026-05-12:2_right,KS Cracovia,POL,2024,1118.774262600839
Onion bhajis,,7.0,87.8,e4e96a23355bbfaa6f50418646932004,2025-06-12:8_right | 2026-03-23:6_right,Slough Town F.C.,ENG,2024,1015.5651454185376
Garlic and pickled mushroom rice ball,,5.25,40.03666666666667,e4f5cae66d90a6e9f937c3798652eba2,2026-01-14:8_left | 2026-04-21:0_right | 2026-05-17:2_right,Inter&Co Stadium,USA,2025,922.9078603292512
Buffalo chicken burger,With chilli cheese and tater tots,9.5,94.1,e51b0161593a716f3d28bae488938364,2025-06-21:2_left,Troon F.C.,SCO,2023,1186.818174135188
Zapiekanka,Cheese and mushroom pizza bread,2.7,70.6,e51e098e8af0adc3cf77296f86e2e82b,2026-01-10:4_left,Cracovia,POL,2023,873.3682746203987
Chicken tinga burrito,,6.0,71.62666666666667,e53060862ef3aded115eb388f2ce7f15,2025-10-13:6_left | 2025-11-07:2_right | 2025-11-09:8_left | 2025-12-11:8_left | 2025-12-13:9_right | 2026-02-05:0_right,Taunton Town F.C.,ENG,2024,1110.8598010533324
Steak and rice,With a pint,11.5,61.52,e55140fd97d636f82c8146147bb42190,2026-02-13:9_left | 2026-02-14:8_right | 2026-04-27:3_left,Urawa Red Diamonds,JPN,2024,1086.9917402423378
"Pie, chips and gravy",,5.0,79.0,e5539d381ebe08a222ecbf61da4ae878,2025-05-04:0_left | 2025-05-24:1_right | 2025-06-07:3_right | 2025-07-08:4_left,Maidstone United F.C.,ENG,2022,947.2739378347828
Negra modelo michelada,,16.55,27.89,e5dd17c84ee266f8bc4a0f40ca40489d,2026-04-07:9_right,LA Galaxy,USA,2023,863.955591463235
Pork and stuffing baguette,,6.0,74.6,e5ff5ea68e64c75e459f31bfac29967c,2025-06-16:9_left | 2025-09-01:2_left | 2025-09-02:3_left | 2026-02-18:2_left | 2026-02-19:1_right,Arsenal F.C.,ENG,2022,956.16230342351
Sausage,"With gherkin, bread roll, mustard, ketchup and a pint",3.7,61.629999999999995,e6094a13c5d660d73a9685d67136df94,2025-06-01:9_left | 2026-05-20:3_left,Ruch Chorzów,POL,2023,953.3730599804752
"Sausages, chips and curry sauce",In a hollowed cob,4.5,50.35999999999999,e611ff91c9db37d584ddb224c0c87ce7,2025-12-21:2_right | 2026-03-22:9_left | 2026-04-16:1_left,Merthyr Town F.C.,WAL,2024,1003.5292770999308
Disco fries,,5.0,89.56,e617aeaea866e1c9b432cd84bfd29d21,2026-01-02:2_right,Birmingham City F.C.,ENG,2025,1235.1749361731645
Burger and chips,,6.5,88.0,e6294a6b7c568fb30165132dc0a2d4e1,2025-04-24:8_right | 2025-06-26:1_left | 2025-08-11:4_right | 2026-03-09:1_left,Hungerford Town F.C.,ENG,2022,1092.8846551724985
Brisket grilled cheese,,9.5,84.5,e631d045e3af7d0de7d3e70b603b5717,2025-04-27:0_right | 2026-02-05:1_right,Atlanta United FC,USA,2023,1016.4403934582036
"Curry rice, pasta, takoyaki, miso soup, kimchi",Free for children who swallow batteries,0.0,58.4,e643abb08b18620e0f9527e2f9154048,2026-04-24:7_left,Unknown Hospital,KOR,2026,1005.3758031742544
Sausage roll,,4.25,11.8,e67505e6af879cbcece8855a9b6dfca4,2025-06-03:0_left | 2025-06-06:8_left | 2025-06-18:2_right | 2025-09-08:7_right | 2025-09-16:2_left | 2025-09-20:0_right | 2025-09-20:1_left | 2025-09-27:3_left | 2026-03-31:5_left,Wolverhampton Wanderers F.C.,ENG,2022,742.1993684389954
Cannolli,With chocolate and caramelised milk fillings,3.0,81.5,e69829a371f35247f31106310e521d44,2025-04-20:9_right | 2025-08-30:8_right,Clube Atlético Juventus,BRA,2023,841.5069752932961
Steak and peppercorn sauce,With chips,9.0,87.6,e69ee58c24b6fb41f77bb24a3d69cebb,2025-04-20:4_right,Manchester City F.C.,ENG,2023,1019.3845554103954
French fries,,4.3,28.42,e6c69c494462783e27d8522d4f0b7c6d,2026-04-16:3_right,Olympics 2024,FRA,2024,898.7737537540341
Fish and chips,With fried halloumi and curry sauce,12.0,81.8,e6da3d7f51ea423d3af80accb87da39c,2026-01-27:9_left | 2026-04-06:8_right | 2026-04-10:8_right,Slough Town F.C.,ENG,2023,997.6043996897146
Cheesy chips,,4.2,11.234,e7037d398b5ab62fe0eb67f8a4f92719,2025-10-19:2_right | 2025-11-05:6_right | 2025-12-22:1_left | 2026-03-17:9_left | 2026-04-01:0_left,Dundalk F.C.,IRL,2025,696.8516879692243
Olympic burger and fries,With a drink,12.1,25.650000000000002,e72c73be2d47444b48a495b91f666454,2025-10-24:4_left | 2025-10-30:1_right | 2026-03-22:9_right,Olympics 2024,FRA,2024,999.9931994099668
Chicken tenders and chips,,8.2,58.879999999999995,e747520ff3f5d4e3a7df017668582bdc,2025-11-10:4_right | 2025-12-27:5_right,Melbourne Victory FC,AUS,2024,1064.1842620370028
Tortas de arrachera,Steak sandwich,4.0,91.2,e748c15b6fd78ff2367f27c21f3001f0,2025-06-14:6_left | 2025-07-02:0_right,C.F. Monterrey,MEX,2023,1137.3939716518396
Hot dog,With nachos and two craft beers,6.2,91.40000000000002,e74a477610a2dca05afb6985f0341b64,2025-05-10:3_left | 2025-05-31:8_right | 2025-07-17:5_right,Union Omaha,USA,2023,971.5133029367104
"Sausage, pickle and bread",With a beer,5.5,74.1,e74fcda56b2ace0beff51cc72fe7b7f9,2025-05-13:9_right | 2025-07-15:8_right | 2025-08-17:3_left | 2025-10-01:0_left,Zabkovia Zabki,POL,2025,1002.670419925373
Pulled pork loaded fries,,,74.92,e7a392b1452fe56ede9a20597816e515,2025-10-14:0_left,Hull City A.F.C.,ENG,2023,1110.087912956514
Breakfast baguette,"Bacon, sausage, egg and onions",8.0,77.2,e7b6c1068d748b14e8c55a2455ed4184,2025-04-23:9_left,Folkestone Invicta F.C.,ENG,2024,951.32403080661
Hot chocolate brownie,Covered in Biscoff,6.25,78.99,e7cd5102dbbe350c01af6ebb143f4210,2026-01-21:4_left,Hull City A.F.C.,ENG,2025,1153.3679685661823
Seemingly ordinary cheese pa-,,6.66,74.06,e7d9060b45a8b5584220f989c3249e1b,2025-10-31:6_right,Manchester Torn Asunder,ENG,2025,1015.3954320597832
Parmo in a bun,,4.8,85.1,e7e4be7ff37bed4906c5818d8395506c,2025-06-29:7_left | 2025-07-06:9_left | 2025-07-28:4_left,Middlesbrough F.C.,ENG,2022,963.5958057763944
Cheeseburger,,4.7,13.9,e7f1e36cb48eceecbd6238d99f7619bf,2025-05-11:6_right | 2025-05-30:7_right | 2025-06-13:1_left | 2025-10-01:6_left | 2026-03-19:5_right | 2026-03-24:7_left,Hibernian F.C.,SCO,2023,750.9971305503562
City Chicken Stack,With chips,7.5,76.65,e7fed4d750f357be7f28c8922d90af8d,2025-11-29:2_right,Gloucester City A.F.C.,ENG,2024,1142.122832656357
Chicken katsu and seasoned chips,,7.5,93.9,e847b8379b408e15f3180f298ac19fe7,2025-05-02:3_left,Hull City A.F.C.,ENG,2023,1200.0961462576274
Nachos,,4.5,29.793333333333333,e852be8c1615307aa637b86063088373,2025-10-14:5_right | 2025-10-22:8_right | 2025-10-23:0_right | 2025-11-18:2_right | 2026-04-05:1_left | 2026-05-16:8_left,Rangers v Hearts,SCO,2024,887.1503284781136
Chicken burger and waffle chips,With a pint,15.0,73.7,e8618a0c48c7ae031190f32ebf986e77,2025-08-31:6_left,Melbourne City FC,AUS,2022,1144.5645540190883
The Boro burger,,6.0,78.42,e867876279abbc121c6fa752212858c4,2025-11-25:4_right | 2026-03-05:8_right | 2026-03-07:6_left,Stevenage F.C.,ENG,2021,1118.8551310749492
Chicken tenders and waffle fries,With BBQ sauce,20.15,49.32,e875d017fd4baa3ddbd5009f1c9dff7e,2026-04-26:4_right | 2026-04-27:2_right,"Enterprise Center, St Louis",USA,2026,1009.0697158038464
"Plain pasta, fish balls and mash",Free with the birth of a child,0.0,39.2,e887cc242492cfd37d7e6a34c8a94a8a,2026-04-24:5_left,Unknown Hospital,ITA,2026,993.0925415111687
Caramel and chocolate churros,,1.6,87.2,e892e6ecb393bda80dd1aa50f7029ddd,2025-05-20:8_right | 2025-07-03:2_left | 2025-07-13:3_right | 2025-08-12:5_right | 2026-03-29:4_left,Flamengo,BRA,2022,1063.060857283307
Gunner dog,,8.0,69.4,e895088bdcd7954f087048f01cb19291,2025-05-10:1_left | 2025-05-15:4_right | 2025-06-19:5_left | 2025-08-19:9_right | 2025-10-08:6_right,Arsenal F.C.,ENG,2022,981.7673559579098
The pea dog,,,12.791428571428572,e8ab978a5fbfdffe4a9722bb30310c68,2025-09-30:7_right | 2025-10-03:8_left | 2025-10-17:4_left | 2025-11-10:8_left | 2025-11-27:3_left | 2026-05-11:4_left | 2026-05-14:1_right,Burscough Town,ENG,2021,753.6767074630366
BBQ pulled pork nachos,,8.0,79.68,e90a3d015b973e6435dd02165d5466ba,2026-02-11:3_right | 2026-03-25:9_left | 2026-03-26:7_left,Sporting Kansas City,USA,2022,1116.1502750488803
Cannolli,Ricotta filled pastry,1.6,79.7,e91cfe2d778cbae0fafb53500b87eae8,2025-07-20:4_right | 2025-08-09:8_right | 2025-08-22:2_right,C.A Juventus,BRA,2024,979.781144432712
Wigan kebab,Steak pie in a roll,4.0,48.1,e91f19d41330e393ed9f46a1f6c75443,2025-04-23:1_right | 2025-07-19:3_right | 2025-07-19:4_left | 2025-09-06:2_left | 2026-02-03:5_left,Rochdale A.F.C.,ENG,2022,753.328044912639
Chicken and rice,,1.5,83.0,e92f3905d1543f5d191bd4ed3f4cc76b,2025-07-28:4_right,St Lucia v San Marino,SMR,2022,951.5303871460304
Loaded buttermilk chicken,With waffle fries,11.9,92.3,e9514448b525dfadf69cc203a298a539,2025-05-07:0_right | 2025-07-20:4_left,Tottenham Hotspur,ENG,2023,1010.6975674481
Hotdog,,2.6,54.01,e99a2fdef019ecb68a80199d81a0bb4c,2025-11-28:1_left,Debreceni VSC,HUN,2024,996.069007630846
German sausage,,7.0,74.1,e99d06569895f09384a31b01423896b5,2025-06-25:6_left | 2025-07-10:8_left,Wycombe Wanderers F.C.,ENG,2023,981.6401799021928
"Chips, sausage and curry sauce",In a hollowed cob,5.5,53.54,e9a106e091fb2939f637b3976fa4da30,2026-04-22:0_left,Merthyr Town F.C.,WAL,2025,1012.9813564469446
Schinkenfleckerlauflauf,,4.35,49.23,e9aa61ccac58c963822003584f53a017,2026-03-13:0_left,ÖBB Austrian Federal Railways,AUT,2026,999.5043818552608
Five pieces of chicken,With chips,9.45,57.97,e9b654018cb1b94a66bc7050f1320588,2026-05-26:2_right,Hull City A.F.C.,ENG,2024,1120.139302565812
Chicken kebab,Fries inside,6.5,57.135000000000005,e9cfd4a0dcc5754c8deb12e95796440f,2025-11-22:3_right | 2026-02-05:9_right,Grimsby Town F.C.,ENG,2022,1108.2061809102324
Turkey schnitzel,,3.4,81.0,e9db7022b5a276a790d0b28f7e8fd77b,2025-04-20:1_right | 2025-08-18:3_right | 2025-09-07:3_left | 2025-10-05:5_right,Borussia Mönchengladbach,GER,2022,967.2117391493916
Chinese chicken wrap,With cheesy fries and chicken pieces,8.5,89.6,e9e8a79fe1bcbd0795c7da180473fe8f,2025-12-14:5_right,Troon F.C.,SCO,2025,1142.4342408167065
Steak and black pudding pie,,2.2,58.4,e9ebadab3cd070366b9e68f4f4cf58b1,2025-04-20:6_right | 2025-04-26:4_left | 2025-05-30:6_right | 2025-08-10:7_right | 2025-11-15:0_left | 2026-04-19:6_left,Arbroath F.C.,SCO,2022,827.0053452389634
Venezuelan-style hotdog,With colombiana soda,9.65,48.11,ea0f60dd514dd3c03163b6e79443ede1,2026-05-16:7_left,"Orlando, FL",USA,2025,943.533402378433
"A pie, a twix and a WKD",Any flavour of WKD permissible,7.8,32.935,ea2a3a0778ed472b6fa9cd1f1d9a4c7b,2026-04-30:3_right | 2026-05-15:4_left,Newcastle United F.C.,ENG,2023,915.8620219437212
Mushy peas,,1.5,20.3,ea3e1acf75c61aea7fb7ae4817884cca,2025-06-06:6_left | 2025-06-20:1_left | 2025-08-06:2_right | 2025-09-30:0_left | 2025-11-30:7_left | 2026-01-03:8_left | 2026-01-06:5_right | 2026-03-30:5_right,Notts County F.C.,ENG,2022,692.8873756661671
Skin-on chips,,4.0,58.55,ea4d525da85fcffd79dcd112a20546d9,2025-12-08:8_right | 2026-01-16:3_left,Ipswich Town F.C.,ENG,2025,934.3495939966084
A slice of hot dog pizza,,2.2,45.0,ea4d7fb7e35c940aae3573a9d99a6787,2025-07-11:8_right,University of Leipzig,GER,2023,996.3076923076924
Pulled Pork Roll,with 2 non-alcoholic cocktails,11.1,43.96,ea99335b91599407d3f54b8eb859766e,2026-02-11:6_right,Australia vs Japan,AUS,2025,972.396350855244
Tomahawk platter,"With chimichurri, horseradish cream and smashed peewee potatoes",113.0,45.62,eb0fdc74e590a59c076090f2c6e432f2,2026-01-16:9_right,Dodger Stadium,USA,2025,983.7219830515216
Sausage and chips,In a roll,4.9,76.0,eb12ab131716b1301d46b453a2ad1690,2025-05-25:5_right | 2025-11-09:0_right | 2026-03-28:7_left,Royal Antwerp,BEL,2023,794.8972801833943
Bittersweet nightshade,Solanum dulcamara,0.0,0.0,eb2c2a0f2a2ff18f22a37baa2e5a0add,2026-03-06:9_right,Mother Nature,,2026,994.8083992488476
Fischbrötchen,Fish in a bun,4.0,27.1,eb43a1478fd6985b40244a4dd421486e,2025-04-26:4_right | 2025-05-04:1_left | 2025-05-18:8_right | 2025-06-27:2_right | 2025-08-24:0_right | 2025-09-06:9_left | 2025-09-21:3_right | 2025-09-22:1_right | 2025-10-07:7_left | 2025-12-23:7_right | 2026-03-26:6_left,RB Leipzig,GER,2023,762.5128032206411
Sticky Korean chicken,With chips,5.0,92.7,eb5c9191d3763adbd9439ba548ecb037,2025-05-03:7_left | 2025-06-28:1_left | 2025-07-01:9_left | 2025-09-14:5_left | 2025-09-18:1_right | 2025-09-21:9_left | 2025-09-30:6_right,Sunderland A.F.C.,ENG,2023,1209.76693571265
Chicken Satay box,,8.6,73.35333333333334,eb5f6d873b17333bba61f86b9043f3a0,2026-03-30:3_left | 2026-04-20:1_left | 2026-05-12:1_left,Hull City A.F.C.,ENG,2024,1120.8712537708338
Salt and pepper steak,,5.0,86.09999999999998,eb6bb69f9996f6400630f870ed226959,2025-06-16:1_left | 2025-07-02:0_left | 2025-09-24:6_left,Avro F.C.,ENG,2022,1084.2720992971388
Pitta bread and meatballs,,6.5,93.0,eb7955b74ea18731e8b4cf1f16120ec1,2025-05-14:6_right | 2025-06-11:2_right | 2025-06-17:4_left | 2025-08-13:2_right | 2025-12-06:6_right | 2026-03-22:4_left,Stockport Georgians FC,ENG,2023,1114.7591564001327
Loaded fries,,,74.49,eb9b6dba70a781096a31e0ea10f8613a,2026-03-04:0_right | 2026-04-04:5_left,Leeds United F.C.,ENG,2025,1153.6315137749311
Katsudon,Pork cutlet with rice and curry sauce,3.7,93.1,ebb8a0d1bc68ceab2fc36250c56cdd26,2025-05-06:0_left | 2025-08-03:9_right | 2025-08-04:3_right | 2025-08-12:9_left | 2025-09-23:4_left,Albirex Niigata,JPN,2023,1182.666872847544
O-nuts,Price for 6,9.0,58.5,ebc48260db246398a2adebd46d6d000d,2025-04-22:7_right | 2025-05-21:5_right | 2025-06-04:2_right | 2025-07-02:9_right | 2025-08-14:5_left | 2025-08-30:0_right | 2025-09-22:7_left | 2026-04-08:9_left,Leyton Orient F.C.,ENG,2022,912.2102672620288
Iced bun,Free for Sheffield Wednesday fans,0.0,64.71,ec35719bce848dea7a93438e79a004a1,2026-02-27:4_left,Plymouth Argyle F.C.,ENG,2025,1088.8094546634
Salt and chilli chips,With chipotle and garlic mayo,4.0,93.3,ec38cc71d3f417edca6d7e67d677dd5f,2025-05-28:4_left | 2025-11-08:8_left,Partick Thistle W.F.C.,SCO,2023,1163.2709490347456
Pølse i vaffel,,2.95,58.35,ec43e53a273f570e100fc20d56cb16ed,2025-11-30:5_right | 2025-12-11:3_right | 2025-12-14:1_left,Fredrikstad  Stadion,NOR,2025,990.2813652763102
Two pints,,,15.21,ec4e202c2491373da29b1dcf47d4b88b,2026-01-23:2_left,Middlesbrough F.C.,ENG,2022,835.545552812966
Chicken katsu fries,,,89.44,ec5340d8bb55e6dcbe4d5eef3f15ee6c,2026-01-02:1_right,Oxford City F.C.,ENG,2022,1159.0194695216169
Lamb doner kebab,,8.5,61.93,ec5f3ad5564f286662eab9f3a5e527f4,2025-12-02:2_right,West Ham United F.C.,ENG,2024,1062.407194439534
Macies ultimate burger,,5.0,87.40000000000002,ec870a9b950942b4718b589f42a30465,2025-05-02:5_left | 2025-12-04:5_right | 2026-03-05:9_left,Avro F.C.,ENG,2022,1124.9220593899022
Curry goat and 'nans' chicken,With rice,7.0,68.0,ec878ebd6380c601f4265605b8509015,2025-06-17:3_left | 2026-02-28:9_left,Bristol City F.C.,ENG,2022,981.6755669454744
Currywurst mit pommes frites,,4.5,86.9,eccedd3f58622bf5d9e476ab31250450,2025-08-04:9_right,Borussia Mönchengladbach,GER,2022,1045.5395501749133
Chicken tikka masala,,9.79,83.1,ed08fe27ba71852e2e5a362fa9e7bd4b,2025-04-28:4_right | 2025-05-03:3_right | 2026-03-01:1_right,Tottenham Hotspur F.C.,ENG,2022,1177.660940937251
Pie and mash,,4.5,64.4,ed1544270eb0e74048e803168787ad96,2025-05-27:2_right | 2025-11-02:0_right | 2026-03-29:4_right,Leyton Orient F.C.,ENG,2023,775.6877926771036
Açaí and M&M,,1.7,36.2525,ed28d5280c17e6ddf7a862abebe8a89d,2025-12-24:1_right | 2025-12-28:3_right | 2026-02-16:5_left | 2026-04-09:4_right,"Pantanal Arena, Cuiabá-MT",BRA,2023,911.1504772971258
Bratwurst,With grilled bread,3.0,62.434999999999995,ed2d896a869c60e21f856b7b068cbbdd,2025-10-19:8_left | 2025-10-26:4_left | 2025-11-03:0_right | 2026-03-28:8_left,Werder Weser Park,GER,2025,1068.317091219366
Fish finger baguette,Tartar sauce is available,4.5,77.1,ed46d69826a4a3de4469ee8f80e79032,2025-10-04:9_right | 2026-04-15:8_right,Histon F.C.,ENG,2022,974.8141128310854
Two slices of pizza,,2.9,53.0,ed71bdbb759bbc78666594b34e51642f,2025-08-10:3_left | 2025-08-14:0_right | 2025-09-19:2_right | 2025-09-27:2_right | 2025-10-05:9_right | 2025-10-25:8_left | 2026-03-12:5_left,Inter,ITA,2022,863.4349232566838
Steak and ale pie,"With mash, gravy and peas",5.5,51.91,ed943e96e6d8391d222fa2197e1b50ae,2026-01-04:6_left,Stockport County F.C.,ENG,2025,1053.6609241201757
Indian is my fave foreign cuisine!,,,17.0,ed953d2234944c3acd2d94e51818786a,2026-05-01:2_right,YouGov polling data,ENG,2026,991.0587176602924
Double cheeseburger,,7.5,8.892,edb5ca089f4ad20aceb0e344fda61256,2025-10-08:5_left | 2025-10-18:8_left | 2025-11-06:1_right | 2026-05-07:6_left | 2026-05-18:1_right,Brighton & Hove Albion F.C.,ENG,2025,773.3779389742738
Milkybar Wowsomes,Low-sugar milk and white chocolate with crispy oats,,48.17,ede1baf29013964c22d0ea886f0de416,2026-02-20:2_right,Nestlé,ENG,2018,998.8306090577825
Chicken flatbread,,5.0,81.97,edf6cc704114926268cb36f2fea5d72f,2026-02-10:6_right | 2026-05-19:5_right,Barnsley F.C.,ENG,2022,1200.8624581309234
Cheese pizza,,3.4,15.589999999999998,ee0068af29f90058bbfe2098ab53c798,2025-10-10:6_left | 2025-10-24:0_right | 2025-10-26:9_right | 2026-04-07:4_right | 2026-05-26:7_right,Sport Club Internacional,BRA,2022,799.7294123137286
Unicorn pancakes,With confetti syrup,6.2,44.65,ee1583e805e1ca661528c1bb14442aae,2025-11-21:7_right,Minnesota United,USA,2022,937.6308254539088
Bombay chicken curry,"With a garlic & coriander naan, rice and mango chutney",7.5,86.2,ee226291cff71c1cb2aa80d05361022d,2025-05-20:8_left | 2025-07-03:6_left | 2026-04-12:6_left,Brighton & Hove Albion F.C.,ENG,2025,1124.217013876725
Barbecue skewers,,1.5,92.2,ee23c036d23475daf193e7f846155f43,2025-05-27:0_right,Associação Chapecoense de Futebol,BRA,2023,1016.0149558751344
Panado sandwich,Steak in breadcrumbs,2.5,44.24,ee2c97919fe976c2f36c953749c7ef9c,2026-05-02:4_right,Cruz do Reguengo Stadium,POR,2022,947.6852206102114
Anchovies,,26.0,13.57,ee55784faa7dc2781385989869f4a902,2026-01-17:7_left | 2026-01-30:0_right,Manchester City F.C.,ENG,2025,770.9654156306304
Cheeseburger,,4.5,49.06,ee83c04c52d8d76455b4048badcc30c7,2026-05-25:7_left,Leeds United F.C.,ENG,2021,1016.9609228379506
I think the world is getting worse,,,70.0,ee9ea47626858791ae33f2662cd16735,2026-05-01:9_left,YouGov polling data,ENG,2026,1022.0652282990468
Hot dog,,5.75,7.932857142857142,eea4f60b23464c3a25a74e26a1ab6483,2025-10-05:2_left | 2025-10-10:7_left | 2025-10-17:1_left | 2025-12-15:2_right | 2026-01-04:3_right | 2026-01-06:1_right | 2026-03-31:7_right,Queens Park Rangers F.C.,ENG,2023,848.5873418956298
Waffle chips,With mayo and roasted onion bits,4.0,63.83,eeaef3fee1fe7e57f8e638e724a55b50,2026-05-18:6_right,HIFK,FIN,2022,1084.9098341147258
4 spring rolls in chili sauce,,0.45,54.230000000000004,eec5688096d61adcf1990b57a53c576f,2025-09-24:0_left | 2026-05-15:8_left,Chiang Mai FC,THA,2023,830.1412998731912
Scotch pie,With bottle of water,6.0,20.795,ef01bd4b55fb99179233a98643b9903e,2026-01-03:7_right | 2026-03-09:5_left,Hampden Park,SCO,2024,864.0168565091391
Sausage,,2.6,49.29999999999999,ef025834dd852b5b4167575567dc8f52,2025-05-01:4_right | 2025-05-02:9_left | 2025-05-24:0_left,FK Proseč,CZE,2024,894.0330053942918
Ham and cheese baguette,With a pint,5.4,78.45,ef03045e579c7f14d2454322bca2b0c1,2026-02-03:7_left,Malta v Azerbaijan,MLT,2022,1123.98235017182
Hogfather burger,"Double beef patty, pulled pork and bacon",10.0,73.0,ef114bc2c5980d87a06e6cbcc17f5c03,2025-11-23:1_right,Haywards Heath Town F.C.,ENG,2022,1051.82011505743
Chicken club sandwich,,5.2,13.6625,ef1e9cd7290019321e0522eb0895da52,2025-10-23:4_right | 2025-11-06:9_right | 2026-01-27:0_left | 2026-05-19:7_right,Parc des Princes,FRA,2023,819.3239528716847
Pork neck in a bun,,3.5,59.955,ef27acb5f887e4b927793000e15c7e3c,2025-10-26:9_left | 2026-04-14:7_right,FC Viktoria 1889 Berlin,GER,2023,1022.9845963295808
Hot dog,Bought by a kind local,5.2,51.63,ef42e463e3df557e284e42aa7511ddac,2026-05-21:9_left,Boston Red Sox,USA,2026,1017.2278048455056
"Pie, mash and liquor",,7.0,44.5,ef73c645e97063afe4fa0980847ff4d3,2025-05-22:1_left | 2025-05-31:0_right | 2025-06-06:0_left | 2025-06-10:5_right | 2025-07-13:2_left | 2025-08-17:9_right | 2025-09-11:4_right | 2025-12-23:0_right | 2026-01-22:0_right | 2026-01-29:0_right | 2026-02-23:5_left | 2026-04-05:2_right,Leyton Orient F.C.,ENG,2024,819.4187665544125
One pot pear,"With bean smoked tofu, roasted potatoes, pear chutney",3.05,22.8,ef744070ad1da479c8ad514d748d0eb9,2025-07-11:0_right,Uni Hamburg,GER,2023,997.4901960784314
Grilled cheese,,9.2,4.16,ef775bf537921a9274c91ff702280fa7,2026-05-03:9_left | 2026-05-30:7_left,"Rogers Centre, Toronto",CAN,2026,689.5721943311988
"Pie, mash and liquor",,,22.565,ef982a130c3f1938045b973dfb28339e,2026-02-26:0_right | 2026-03-16:5_right,Leyton Orient F.C.,ENG,2021,854.3814919561686
Cachorro do Rosário,3 hot dogs in one bun,3.0,80.0,efbe4dab8c339c65f3ec7e6e0fb10c2a,2025-07-14:0_left | 2025-08-22:7_right | 2025-09-03:2_right | 2026-03-23:2_right,Grêmio FBPA,BRA,2022,1056.5764963260826
Jerk chicken and rice,,10.0,77.0,efcae73c15f3b64c2d20fa086304f0f8,2025-07-13:8_left | 2026-01-09:3_left | 2026-02-12:1_right,AFC Wimbledon,ENG,2022,1078.8595240317093
Average of all Kiwi scran,,,54.07,efd46e394ca971b9f7b2a1a837e7ba97,2026-05-22:9_right,,NZL,2026,990.2310606060606
Hot dog,,6.0,7.130000000000001,efd4702dd70f3760c625e1a50a343135,2026-02-06:5_left | 2026-02-06:6_left | 2026-02-06:9_left | 2026-05-30:7_right,Bromley F.C.,ENG,2024,711.8927935115925
Chicken and chips,With cheese sticks and a vodka mule,28.0,47.11,effbb8001daa39fb71b907d313b8f473,2026-05-09:2_right,DC United,USA,2022,983.8258290766946
Loaded strip dog,With fries,6.95,90.9,f01d6fe1f03477b6a84858e6422488a6,2025-05-19:2_right | 2026-01-26:4_right,Barnsley F.C.,USA,2023,1153.8480646195028
Sausage casserole,With mash and peas,6.0,37.72,f02cab99ef94dcdec4390f8a9c71c431,2026-04-12:5_right | 2026-04-25:1_right,York City F.C.,ENG,2022,938.6798067777894
Pizza slice,,2.0,12.6,f04fc31c317bf8785e0b53a0fe31b8d5,2025-05-16:2_right | 2025-06-18:3_left | 2025-06-20:5_left | 2025-09-18:0_right | 2025-09-19:9_right | 2025-10-01:8_right,Chelsea F.C.,ENG,2022,814.965498369598
Steak pie,,3.0,89.09999999999998,f0572285f9c0e3ba840b1269d1bc447d,2025-04-29:0_left | 2025-07-24:0_left | 2025-08-09:5_right | 2025-08-20:8_left | 2025-09-11:6_left | 2026-04-16:7_left,Nairn County F.C.,SCO,2022,925.256176901476
Fish finger sandwich,,4.0,51.29999999999999,f05a86dda3f0d79288af4863d88ec746,2025-05-25:8_right | 2025-08-08:3_right | 2025-09-28:2_right,York City F.C.,ENG,2022,797.2047418889393
Cottage pie,With gravy,5.5,14.87,f05d818248c2549942eccaeeb8654452,2025-12-22:9_right,Kidderminster Harriers F.C.,ENG,2024,885.3991594031288
Hot dog,With a medium coke zero,10.45,41.99,f069b85b07da443d38520e8ff0a71a24,2025-11-18:3_right | 2026-01-16:1_left,Liverpool F.C.,ENG,2025,871.4776293917597
C-Ration Chesterfields,Free for soldiers,0.0,24.72,f077a6792e9b496fc98aac9040356dfe,2026-05-29:9_right,"Meal, Ready-to-Smoke",USA,2026,983.8190026023686
Barbecued pork,With a bun,11.5,51.9,f09f29d4b605b58c9a9fccff03e8e007,2025-07-02:6_left | 2025-07-16:3_right | 2026-02-17:1_left,FC Aarau,SUI,2024,805.7662908474603
"Sausage, bread and gherkin",,3.4,76.5,f0a9abe271fab44c8c1baee875b0e00c,2025-06-03:1_left | 2025-08-24:5_right,Pogon Szczecin,POL,2023,939.9318636703204
"Turkey, pork and stuffing pie",,3.5,63.4,f0b0df6e5e53ffebf3b964cf619dc9d6,2025-05-25:7_left,Stocksbridge Park Steels FC,ENG,2022,803.1058351614467
Chilli dog,,6.0,76.7,f0c48a7b31e8b5c917f06d5e7518fd87,2025-04-21:1_left | 2025-06-17:6_right | 2026-03-01:6_left,The Accor,AUS,2022,942.7444427059488
Sausage roll,,4.95,47.47,f0c5e9a9bcdb8c09ad2164686d975d18,2026-05-10:6_left,Southampton F.C.,ENG,2022,988.5593842814912
Meatball sub,On ciabatta with shaved parmesan,5.7,85.1,f0da494e91ea01237219cb98e82a9df8,2025-04-25:5_left | 2025-06-02:7_right | 2025-07-28:1_left | 2025-09-24:3_right,Brunswick Zebras FC,AUS,2023,1095.6017570604545
Mystery scran,No price data,0.0,8.4,f0e6aca6db7c63a7afc37900adc2e87b,2025-06-06:7_left | 2025-07-01:5_left | 2025-07-04:4_left | 2025-07-14:1_right | 2025-09-28:6_right | 2025-11-07:9_left | 2026-02-24:9_right,USA,USA,2022,675.0122797262592
Purple Philly cheesesteak,,12.2,13.0,f0e78e684ffb16c0fbb84e1e4612c080,2025-06-13:9_right | 2025-07-04:7_right | 2025-10-07:7_right | 2025-11-30:7_right,Orlando City SC,USA,2023,858.9711398716404
Cup of mushy peas,With added mint sauce,1.5,42.0,f1334035db90a19d3f401909111e1a4f,2025-05-09:7_left | 2025-06-06:6_right | 2025-06-20:3_right | 2025-07-22:5_left | 2025-07-25:4_right | 2025-09-04:0_right | 2025-10-08:9_right | 2025-10-23:1_left | 2025-11-05:7_left,Notts County F.C.,ENG,2022,713.3208249555139
Spicy pork pie,"With mash, peas and gravy",8.0,53.900000000000006,f139facfeb7808b79170b8cdc77d35ef,2025-11-01:7_right | 2026-03-23:1_right,Harrogate Town F.C.,ENG,2023,1025.8951129547352
Hot Dog Meal,,8.5,33.59,f14a248a568b2695802d798ea2f1c76b,2025-12-18:3_right | 2026-03-09:4_right,Daventry Sports Park,ENG,2025,918.3588260287396
"Asada, pastor and birria tacos",,7.5,85.0,f14c3bde6e684c07fbdcc616421f4374,2025-04-27:6_left | 2025-06-21:1_left,Las Vegas Lights F.C.,USA,2023,1168.806841995758
Burger,,5.0,8.6,f164a14da411c0aa465efea523a5e7aa,2025-05-28:5_left | 2025-06-13:6_right | 2025-09-14:5_right | 2025-09-22:3_left | 2025-10-01:6_right | 2026-02-14:4_left,Chesterfield F.C.,ENG,2023,723.420478251015
"Steak pie, mash, peas and gravy",,7.0,81.3,f1696a0b6bad910bd9075a5f51b01731,2025-05-05:2_left | 2025-08-19:6_left | 2025-12-31:2_right | 2026-04-01:1_right,Preston North End F.C.,ENG,2024,872.9013067534017
Zsíros kenyér,Made by Scrandle developer,0.5,27.956666666666667,f16e55253bb925e8d7685b14b37405b2,2025-11-28:8_right | 2026-03-04:5_left | 2026-03-05:4_left,(Scrandle developer),SCO,2025,834.839171886381
Craig,Cooked to preference,6.66,86.36,f1938a8692395bdae218c06582228fbb,2025-10-31:7_left,Aberdeid FC,SCO,2025,1023.2718024796015
A can of IPA,,18.7,11.31,f1a44e7675be8616d612850ac63491db,2026-04-25:3_right,Columbus Blue Jackets,USA,2026,802.4494374050887
Average of all Scottish scran,,,38.81,f1ac67fdd44324118b18b5f028b5928f,2026-05-22:3_left,,SCO,2026,991.1780821917808
Rindscurry,,3.3,88.09999999999998,f1e53f450c528638811ef131f96f1317,2025-04-28:9_left | 2025-08-14:8_left | 2025-11-29:8_right,Türkspor Kiel,GER,2022,1013.635869598198
Buffalo chicken over rice,,5.5,57.96333333333333,f1e9ce9c1485bef51997b01fe73e9de6,2026-01-03:5_left | 2026-02-13:5_left | 2026-05-31:6_left,Shimizu S-Pulse,JPN,2024,1089.6718393126475
Sausage and rice cake skewer,,2.9,65.0,f1e9dd1b5ac29790a35fd1aedd4c5314,2025-08-30:4_left | 2025-09-12:8_left | 2025-09-25:2_right,Daegu FC,KOR,2023,932.2550555550836
Donner meat and chips,,7.5,64.8,f2047f103c4c1d3743b9565cf9bfbc66,2025-09-17:3_left | 2025-11-13:6_right,Hull City A.F.C.,ENG,2023,946.399408199158
Bratwurst in a baguette,With onion,2.5,30.91,f22eeb42967809230f443b241c1b25ae,2026-04-28:8_right,AC Sparta Praha,CZE,2021,916.8729051053102
Pizza,,6.5,41.748000000000005,f2632ffacff7cfc731871d75615fd0d1,2026-01-08:5_right | 2026-01-26:7_left | 2026-02-09:7_left | 2026-03-02:4_left | 2026-03-24:0_left,Liverpool F.C.,ENG,2022,1052.9919259355518
Ruby Special,"2 sausages, 2 bacon, 2 quarter pounders, cheese, chicken breast fillet, 3 onion rings",8.0,90.4,f2ba868bc4ae3f3ea5d2cd7d76bc2d21,2025-04-24:0_right | 2025-05-27:9_left,Abbey Rangers F.C.,ENG,2024,1097.2726053922872
"Hot dog, loaded fries and a beer",,32.5,10.9,f2c2e054f26850ada1c8d5d4475de339,2025-07-04:5_left | 2025-07-30:5_left | 2025-12-23:1_left | 2026-03-04:8_left,Colorado Rapids,USA,2023,919.9188007393872
Soy & Honey Beef Brisket Size 7 sandwich,With waffle fries and a scotch egg,8.5,90.6,f2c91fab59e6f8ad59c83ad289d60570,2025-05-25:7_right | 2025-06-02:7_left | 2025-06-11:6_left | 2025-08-18:6_left,Grimsby Town F.C.,ENG,2023,1126.1005395215
Thai Yellow Curry,,5.8,33.64333333333334,f2cb09ef226e3b9d496895bb6256138d,2026-03-02:2_right | 2026-03-15:1_right | 2026-03-19:2_right,Brighton & Hove Albion F.C.,ENG,2024,913.9576650329928
Bacon sandwich,,4.6,12.719999999999999,f2e074b221c44cf6878feff2eac74f0a,2026-01-05:3_left | 2026-03-24:6_right,Reading F.C.,ENG,2023,923.9781828321994
Spanferkel,,8.4,80.5,f2f40b4cd290ba7895c2310ead281981,2025-04-25:2_left | 2025-09-29:5_right,TSV Buchbach,GER,2022,944.5705192059088
Chicken tenders and fries,,12.5,66.26,f30ed41f92f232731b19234a32257d9c,2026-03-03:9_left,Southampton F.C.,ENG,2025,1113.6428432434384
Almond Mushroom,Agaricus subrufescens,0.0,100.0,f31d2ad0593eddeb626684217db48911,2025-12-05:7_right,The Woods,ENG,2025,1006.8753873603156
Marton special,,3.5,26.76,f3294a64add46914d35077dafd9b5012,2026-04-21:3_right,Marton FC,ENG,2026,845.5092250765524
4 jerk wings,,4.0,78.74,f341b712f503bb4af9a08709febfaf9d,2026-01-09:6_right,Rayners Lane FC,ENG,2024,1115.5641620991478
Salt and pepper chicken,With chips,6.5,63.38,f34d46461764416c63ed6a7237cb1c21,2025-11-22:2_right,Everton F.C.,ENG,2023,1046.660195987184
Beer and sausages,,8.2,28.229999999999997,f34fa4928e83ee7fbb6342badd723a14,2025-12-29:1_right | 2026-02-13:0_left,FC Tokyo,JPN,2024,936.0658140791091
Jalapeno fried chicken,,7.8,75.7,f35943ab36dd3c98947574b80c14bfe6,2025-05-28:3_left | 2025-07-29:4_left,Tottenham Hotspur F.C.,ENG,2022,1092.994489797802
A pint of Peroni,,,48.67,f3bfb1756401c18f99277138ba8a2d97,2025-10-20:5_right | 2026-01-23:3_right,Florence,ITA,2024,971.703243295268
Pizza,,2.0,39.1,f3c030c01d3cf82c012326f4b1410b8f,2025-06-20:2_left | 2025-06-27:9_left | 2025-09-01:4_right | 2025-09-02:3_right | 2025-09-16:4_right | 2025-09-19:2_left | 2025-11-19:4_right | 2025-12-15:0_left,Botafogo de Futebol e Regatas,BRA,2022,798.5865281724299
Chicken tandoori pie,,2.5,52.1,f3ccccf8c366807125c5c7249bf242dd,2025-07-18:9_right | 2025-07-31:8_left | 2025-08-10:7_left | 2025-08-18:7_left | 2026-03-11:9_right,Rochdale A.F.C.,ENG,2022,881.3926284669163
Burger,With chips in a cup,13.5,28.540000000000003,f3cd08bd6ba85a005aab3db30a508ad4,2026-04-05:7_right | 2026-04-25:7_right | 2026-05-28:8_left,Chelsea F.C.,ENG,2022,860.8147043433354
Lasagne,,4.0,79.8,f3d87de6c91caf561c6de439decfa2a4,2025-07-07:3_left | 2025-09-25:2_left,Hendon FC,ENG,2023,1046.0523136847712
Sloes (blackthorn),Prunus spinosa,0.0,100.0,f3ea8dca3e5b23eec2646d3d9714295a,2026-03-06:3_left,Mother Nature,,2026,1026.3431311236188
"Steak pie, mash, peas and gravy",,9.0,67.8,f3ef0330b7d7c27494672c5351fc4b51,2025-07-16:1_right | 2025-07-25:6_right | 2025-08-26:4_right,AFC Wimbledon,ENG,2022,899.7883606667428
Cheeseburger and chips,,7.5,53.32,f40d457e1aeba8afe95e8e6da8336ce0,2026-05-09:4_right,Herne Bay F.C.,ENG,2024,1019.0738427514686
Feijão tropeiro meal,,2.5,91.1,f42e4e5233334eb5499ad410714109e5,2025-06-04:4_left | 2025-10-06:8_left | 2026-01-18:6_left | 2026-02-01:4_left,Cruzeiro Esporte Clube,BRA,2022,1168.7306065037249
Double Scotch beef burger,"2 bacon slices, cheese, halloumi fries and onion rings with chips",10.0,86.5,f430b24536120c555c7047fe4d9f8743,2025-04-26:7_left | 2025-05-04:6_right | 2025-08-03:5_left | 2025-12-13:8_left,Uxbridge FC,ENG,2024,1175.282280174767
Choripan,,4.0,73.1,f487a008716f67ece5e915130f62ab83,2025-05-19:3_right | 2025-07-05:8_right | 2025-07-24:4_left | 2025-12-14:8_left | 2026-03-28:1_left,Boca Juniors,ARG,2022,852.187785558334
Double cheese,,9.0,58.989999999999995,f491ab90903cedf7f857a030f8f257ac,2025-10-11:4_left | 2025-11-01:8_right,Aston Villa F.C.,ENG,2024,1012.6853304877426
New pies,,,15.923333333333332,f4c0c6b70f55069ad0fe0af081e3a1f6,2025-10-10:2_right | 2025-10-23:0_left | 2026-02-03:2_left,Notts County F.C.,ENG,2024,803.4462628714307
Coeur de Canard,Duck heart,7.0,52.2,f4c8d44adb7ac6892d145663f5615dcd,2025-06-11:9_left | 2025-06-15:2_left | 2025-07-19:4_right | 2025-07-29:5_left | 2025-08-16:9_right | 2025-08-23:4_left | 2025-10-07:9_left | 2025-10-30:2_left,Toulouse FC,FRA,2023,859.5282987108964
Yangnyeom chicken,"With rice, kimchi and a triple whiskey highball",7.5,92.40000000000002,f4d3c3af66a9070f631aec138fc29d59,2025-04-29:7_right | 2025-06-11:8_right | 2025-06-28:5_right | 2025-07-08:9_left | 2025-07-12:3_left | 2025-07-23:1_right | 2025-08-09:1_left | 2025-08-16:8_right | 2025-09-03:5_left | 2025-09-12:3_left | 2025-12-13:2_left | 2026-02-13:7_right,Omiya Ardija,JPN,2023,1174.2509192628563
Pork loin sandwich,,4.0,47.34,f4ec09549ed9afe46b892bfb012f9ae2,2026-05-11:2_left,Racing Club de Avellaneda,ARG,2024,981.8034822631583
Local farm ice cream,,2.0,63.715,f5053831589325c22d1f4eaa15e4ff81,2026-04-09:3_left | 2026-05-25:7_right,Matsumoto Yamaga FC,JPN,2024,1066.4866605870366
Pizza slice,,4.0,36.73,f51f395587bbf9b9f98fed0c0612cc4e,2026-03-16:6_left,Kilmarnock F.C.,SCO,2024,933.314351768654
Hot chocolate,Free with hospitality ticket,0.0,52.2,f5554fe502b824bf1dc59023824243b1,2026-05-16:8_right,Man United v Newcastle,ENG,2026,1014.1681546555254
Sensational popcorn,,2.15,33.98666666666667,f55802f726fd4c7b3fe671a732ae3b53,2025-11-11:1_right | 2025-11-25:0_left | 2026-04-04:5_right,Trnava,SVK,2024,883.8816936980858
Drunken monk burger,"Beef, onion jam, bacon, provolone and cheddar on a pretzel bun with fries",13.0,88.59999999999998,f558a62c0b34e68eb856b2e21e0a2c98,2025-08-10:3_right | 2025-09-27:7_left | 2026-03-29:3_left,Orlando City SC,USA,2023,1206.4937387530465
Chicken and chips,,,42.54,f56b89a498d86e266ab76ceaa3fa1f68,2025-12-15:3_right,Yate Town F.C.,ENG,2024,970.6388318658434
Loaded mac n cheese,With a can of IPA,22.5,49.125,f5911ac1909cbbc4ac18d6065a1f10ae,2025-11-18:1_right | 2025-12-07:4_right,Columbus Crew,USA,2022,1025.3591743142588
Chicken curry and chips,,3.0,84.4,f59a7b7178bc432f88e812aad78fd457,2025-06-08:5_left,Staveley Miners Welfare F.C.,ENG,2022,950.5479620249916
Kebab pizza,,12.0,46.36,f59b2ebed5fa5dd080ef0184dd9a59fb,2026-03-13:2_right,"""ILovePizza"", Visby, Gotland",SWE,2026,997.6709435676166
Beef chilli con carne,Slow cooked,7.5,91.9,f5a1a7e121d4925b98f60f5b2323fdea,2025-05-14:3_right,Brighton & Hove Albion F.C.,ENG,2025,1121.047331950118
Ham and cheese panini,,3.5,15.280000000000001,f5bbd9feed03ca87fae4edec85640bf3,2026-02-06:2_left | 2026-02-06:4_right | 2026-02-06:8_right | 2026-02-10:1_right | 2026-05-23:7_right | 2026-05-25:8_right,Manchester United F.C.,ENG,2023,790.391762509367
Cheesy chips,,1.6,21.4,f5d2b240d081a3199b03c2c588cd314f,2026-03-16:3_left,Willington AFC,ENG,2022,865.1100922649315
Steak pie,,4.5,32.97,f60b86c3d1c9545e53320bb24ea18730,2026-02-23:3_right,Witton Albion,ENG,2024,940.2030531077324
Currywurst and chips,,6.05,58.55,f64e6a6e48d916a51ef26343f39b3822,2026-05-11:2_right,FC Viktoria Köln,GER,2025,1054.8274492406874
Chicken sandwich with shoestring potatoes,With popcorn and a chicha morada,8.3,49.01,f650eb33cac167a9ccc32cfe13794f07,2026-05-10:5_left,"Estadio Monumental ""U""",PER,2026,979.983003903538
Steak and ale pie,,7.0,18.23,f682e4143be4bb093333bec9af9a53e0,2026-04-25:2_right,Wycombe Wanderers F.C.,ENG,2022,812.9375117310103
Double cheeseburger,,5.0,86.6,f687e64d656a8cf1ce39b0a9f58d5ab8,2025-07-21:5_left | 2026-01-21:6_right,Torquay United F.C.,ENG,2022,1079.0499472457352
3 birra tacos with sauce,From a tailgate,16.0,72.3,f695b860de7b8353ccfd60bb93c08055,2025-04-22:5_right | 2025-07-21:2_left | 2025-09-11:7_left | 2025-09-18:1_left,Philadelphia Union,USA,2023,1099.1301912154595
Cajun grilled chicken,"With shrimp pilaf, corncob, fried green beens",14.8,58.8,f6a068730f4bf5a1e899f81b5adc27a3,2026-05-27:1_left,Pensacola Wahoo Blue Stadium,USA,2026,1043.3883579705937
Tacos,Price for two,2.2,92.3,f6a3f611d24c50144ef924dad43479bd,2025-09-29:4_right | 2025-11-26:0_left,Mexico v USA,MEX,2022,1156.1945452850068
Loaded chips,,4.0,73.2175,f6a64a71cab31ac7a5813610e028ec43,2025-11-04:2_left | 2025-12-10:2_right | 2026-01-26:3_left | 2026-04-28:5_left,Hull City A.F.C.,ENG,2021,1118.7681712895808
Loaded fries,,5.5,75.3,f6afe00257d5b538d44501470f9a349b,2025-07-06:9_right | 2025-07-23:8_right | 2025-08-04:5_right | 2025-12-31:9_right | 2026-01-07:3_right | 2026-04-13:3_left,Columbus Crew,USA,2022,1118.366248719227
Chicken and peri chips,,6.0,90.5,f6b38aacdee9b58971c4bf77183a499f,2025-05-05:9_left,Hull City A.F.C.,ENG,2022,1164.6974122844802
"Suzutako"" takoyaki",,3.75,75.85,f6b52bf782e5d968b0fddbd0706dc89b,2026-04-11:3_right,"Suzuka Circuit, Mie",JPN,2025,1126.9985052557383
Masala fries,,3.0,81.6,f6cf18b7385a6c4ee3bb8b24842f3ac1,2025-05-05:3_right,Wolverhampton Wanderers F.C.,ENG,2022,1045.1264797498966
Vendance fish with mashed potato,,8.5,49.9,f6e32eee1692775ef7f7ce17e180d756,2025-07-15:4_left | 2025-10-05:6_right,FC Lahti,FIN,2023,929.160321080608
Takoyaki,Fried balls of octopus and a pint,5.0,80.9,f6f99eee0eb3a0c1d498efcf4ff6ecff,2025-06-29:6_right | 2025-07-03:7_right | 2025-07-22:0_left | 2025-07-23:6_left | 2025-07-28:2_right | 2026-02-09:3_right,Consadole Sapporo,JPN,2024,985.6408365382772
Smash burger,With bacon and cheese,7.0,77.73,f7056f913b7a4872a80442d0c3a6c5b2,2026-01-25:1_left,Cheltenham Town F.C.,ENG,2022,1171.0337447091256
Pork rib burger,,6.0,4.859999999999999,f72f59e99d40390e1edeb3b2a423aae9,2025-10-17:8_right | 2026-05-02:5_left,Notts County F.C.,ENG,2024,724.9920020039535
Chicken balti pie,With chips and curry sauce,7.5,36.14666666666667,f7580613b04a811153b5af3cc8b3488b,2025-10-12:2_right | 2025-10-28:8_right | 2026-03-24:6_left,Altrincham F.C.,ENG,2024,818.4394257738924
Donuts and crepes,,5.0,81.2,f75de5d4284f4d167d77a1b99b76ae5e,2025-09-25:6_left | 2025-11-18:8_right | 2026-04-17:1_left,Farnborough F.C.,ENG,2024,1001.2049269836624
Doner and chili pie,,,54.85,f762a079bdf1b7fe6d84bd5f3d24b1ec,2026-01-25:8_right,Aberdeen F.C.,SCO,2024,975.9978981703048
Waffle on a stick,,3.9,69.7,f779200037ca2b30351e767cc4489d13,2025-05-21:3_right | 2025-07-16:9_right | 2025-08-20:4_right | 2025-09-23:1_right | 2026-03-04:1_right,Crown Legacy FC,USA,2023,1034.7623299244326
Smash burger,,5.0,91.2,f7870fbd27f2d541f33b3c28abde9a2a,2025-05-06:7_right | 2025-09-24:3_left,Hartley Wintney F.C.,ENG,2022,1132.9591393926062
Cheeseburger,,4.5,12.9,f7c90112fbef1423d79771c8d444991c,2025-05-10:0_left | 2025-06-10:8_right | 2025-07-01:4_right | 2025-07-12:4_right | 2025-10-14:1_left | 2026-01-18:5_right,Everton F.C.,ENG,2023,750.4853270167202
Pork ramen,In a chicken broth with soy sauce,5.5,72.2,f80e609bf130ac3151c664e8dde56b1b,2025-06-21:9_left | 2025-06-23:5_left | 2025-09-10:3_left | 2025-09-12:8_right | 2026-04-08:3_left,Yokohama F·Marinos,JPN,2022,1172.3410860265242
Tempura,With a beer,8.0,32.545,f812ee7bb43de5c75b53980d94d5120c,2025-12-29:7_left | 2026-05-10:4_left,Sanfrecce Hiroshima,JPN,2025,918.4466078998556
Roast dinner,Included in hospitality ticket,0.0,77.13499999999999,f82d52bfbae0ca7c5f5dd0233e5f2e30,2025-12-13:7_right | 2026-04-05:0_left,Goodison Park,ENG,2024,1129.9178776285748
Crinkle chips and pie,,4.5,46.51,f82fe667b7e6e57bfb509252b625bfdb,2026-01-11:1_right,AFC Telford United,ENG,2022,1016.013733197671
Tropeiro,"Rice, beans, pork, egg and crackling",4.0,88.7,f832c89d76094a069ef01f8526c72488,2025-04-22:5_left | 2025-04-29:0_right | 2025-06-25:0_left | 2025-08-19:5_left | 2025-08-22:1_right,Clube Atlético Mineiro,BRA,2023,1119.870300262433
BBQ pulled pork loaded fries,,5.5,92.4,f859c0505cd396061a7345ecfdabaded,2025-07-27:8_left | 2026-04-11:1_left,Doncaster Rovers F.C.,ENG,2024,1182.3903768336315
Chili beef loaded fries,,9.5,85.45,f883ceebccdeb090e50328152b66d024,2026-02-25:6_left,Folkestone Invicta F.C.,ENG,2022,1166.043106397791
Fly Agaric,Amanita muscaria,0.0,0.0,f8a9cee3d80ed31f9056ea0076810f55,2025-12-05:3_left,The Woods,ENG,2025,979.6549704968244
Poutine,,8.95,32.56,f8b8a87f7598c4b5392e2e5caf0b9b23,2025-12-07:2_left | 2025-12-19:0_left,Ottawa Senators,CAN,2024,924.9080938006664
Pitchside McDonalds,,,43.7725,f8bcf2e8481dafd7c670cb1d49f8d156,2025-10-10:1_left | 2025-11-10:4_left | 2025-11-16:6_right | 2025-11-23:9_left,AC Sparta Praha,CZE,2021,1000.3206919377944
Steak sandwich,,3.0,70.9,f8c5e7c7c3350f53ee00b429c2839bb9,2025-05-06:1_left | 2025-06-04:5_left | 2025-09-15:0_left,1. FC Union Berlin,GER,2023,952.1837951028384
Buffalo wings,,8.5,63.9,f8c99410e2a4aa1f110ad48f57a1bf38,2025-05-21:7_left | 2025-06-17:9_right | 2025-10-08:0_right,Philadelphia Union,USA,2022,1017.0935727878292
10 Cevapi,"With chips, cabbage and a bread roll",10.9,69.9,f8d51d56ad571c2056d5ae3885108741,2025-06-30:5_left | 2025-07-09:2_left | 2025-08-21:4_left | 2026-01-18:6_right,FK Beograd,AUS,2023,932.7146507368784
Vegetable and bulgur,With dip,2.35,41.9,f8e19778de852bde148ae0bd5d532ce5,2025-07-11:2_right,FH Münster,GER,2023,990.032786885246
Cheese pretzel and krakauer sausage,,7.5,77.8,f8e57ddac0e3fa8fc8920941d1857211,2026-01-24:1_left,Fortuna Düsseldorf,GER,2022,916.848908488094
Tacos,,2.4,83.5,f90413d8d52e1c3a9cf48c4faf7f4a4a,2025-05-05:9_right | 2025-07-08:6_left,Cruz Azul,MEX,2024,992.3784323757528
Zsíros kenyér,"Bread, lard and onion",1.1,7.15,f90d32c4a4148ea1bad4d24ad75ac8e7,2026-05-23:7_left,Újpest FC,HUN,2026,719.9491961052943
Loaded Nachos,,5.5,69.82499999999999,f9154315cbdc2d722f84047748fd4c02,2025-10-13:3_right | 2025-10-30:8_right | 2026-02-14:7_left | 2026-04-21:5_left,Rotherham United F.C.,ENG,2025,1135.0121632925086
Garlic Octopus Roll,,4.5,38.75,f9275c776925497297cdc7132f48e92e,2026-01-01:8_left | 2026-03-09:6_left | 2026-03-27:4_right,SSC Bari,ITA,2025,933.2003778185596
Double cheeseburger,,8.0,93.2,f9327a63ac77f5aecc7d5bc34ef91275,2025-09-03:8_left | 2025-09-12:1_left | 2026-02-13:3_right | 2026-02-16:4_right,Tochigi SC,JPN,2022,1147.8099890110134
Pepperoni pizza,,9.5,48.86,f93d65bd103733b00821801f107f3590,2025-10-07:0_left | 2026-03-28:6_left,Harrogate Town F.C.,ENG,2025,1019.9048166198796
Hotdog,,,43.265,f93f80bca74322bf0719c26845deef29,2025-11-08:5_left | 2026-02-10:5_left,Red Star Belgrade,SRB,2025,958.9131341618104
Spiders,With mayonnaise dip,6.66,31.26,f9427650d9172795f1d1fb0a6c38d419,2025-10-31:8_right,The Attic,ITA,2025,988.003619524139
Polish sausage hot dog,,11.15,32.096666666666664,f9493ae7a6080c6b25afa387f4e9418e,2025-11-10:6_left | 2025-12-16:3_right | 2026-01-08:2_left,Chicago Fire FC,USA,2025,877.2036685984616
I'd rather have a pudding than a starter,,,50.0,f952223e8e8e17df57827bda38f90699,2026-05-01:3_left,YouGov polling data,ENG,2026,1002.6978281935816
Jerk chicken and rice,,8.0,89.8,f96543753fee682f6c669adb97ff11e5,2025-05-09:5_right | 2025-06-05:0_right | 2025-08-03:3_right | 2025-09-17:0_right | 2025-10-08:1_right | 2026-01-09:0_right | 2026-02-12:4_left | 2026-04-18:2_left,Bristol Rovers F.C.,ENG,2022,1166.2747194624274
Currywurst and chips,,8.0,77.3,f9673870717df2f83b754245ac0e70e9,2025-06-18:3_right | 2025-07-17:0_left | 2025-11-12:8_right,Barnsley F.C.,ENG,2022,1071.0599734619032
Pizza,,8.9,30.36,f998db9638bd2765004f38d421faa3a2,2026-05-07:8_left,"Martinsville Speedway, VA",USA,2026,879.8023172695122
Burger and chips,,5.0,32.37,f99e77fca0029ac46289270ad1809ea2,2025-10-18:7_right | 2026-01-14:9_right,Gornal Athletic F.C.,ENG,2022,891.4798409766114
Boomtown chili dog,"2ft long 1lb dog, 1lb shredded cheese, 1lb chili, 3lbs fries",25.3,62.33,f9a00cc86e7c33f8f930de77d259fbc2,2025-10-29:2_left | 2026-01-07:9_left,Driller’s stadium,USA,2025,1057.6783358742905
“Toffee” doughnut,,3.85,58.74,f9ab3ca30b38ab848c767aea07d29030,2026-02-21:5_right,Everton F.C.,ENG,2025,998.6953485956556
Donner barm,With salad and chili sauce,7.0,75.71,f9b4bb675f9118b79c6640ccbf4797b8,2026-03-04:9_left,Ashton Town F.C.,ENG,2023,1175.8418243853923
Pepperoni pizza burger,"Double quarter-pounder, mozzarella, marinara, pepperoni",5.5,81.1,f9b86cf3a6fde846022168f339dfa383,2025-04-21:7_right | 2025-07-26:3_right | 2025-08-11:3_right,Hyde United F.C.,ENG,2023,950.1799547264146
Margherita pizza,,3.75,45.1,f9cdde3a3089fa24ed71ebb8dfc766ac,2026-05-11:9_right,"Suzuka Circuit, Mie",JPN,2025,976.8922847091944
Average of all Korean scran,,,66.9,f9d07d7e2de3c4cfcc068c4796257cba,2026-05-22:0_right,,KOR,2026,993.2488528751344
Tacos,,,39.8,f9d2dbefd977cb2befce3e741506f391,2026-03-17:3_left,Limerick,IRL,2024,1062.53713652702
Potato soup,With kassler (smoked pork),2.6,34.8,f9e6c8851b61ef83c6cb7749038fc673,2025-07-11:3_left,German Ministry of Finance,GER,2023,997.2881355932204
Chicken and chips,,5.0,89.1,f9e736e467c828d6a6cbbb5cc17120ba,2025-09-18:3_left,Avro F.C.,ENG,2022,1085.0135849286514
The LX Hammer Burger,"Cheeseburger, bone-in braised beef shank, roasted mirepoix demi-glace, bleu cheese fondue, brioche bun",132.0,47.71,fa31be66722adb218114bfa69fe599aa,2026-05-18:2_right,Super Bowl LX,USA,2026,1008.3761304238678
Chicken gyros box,,6.75,87.6,fa3d9701a6621cbd3f69f944c4c3ef10,2025-07-19:8_right | 2025-12-31:6_left,Hull City A.F.C.,ENG,2022,1152.2528421364343
Burger and chips,With a drink,11.0,65.075,fa496051ba55f867d1350832fa4996f1,2025-10-22:6_right | 2025-10-27:4_left,Avro F.C.,ENG,2024,1093.9211159648503
"Pulled pork, chips, gravy and apple sauce",In a tiger loaf,8.0,72.4,fa4f1d803a98f9701c6363105c705cd1,2025-05-09:7_right | 2025-06-12:5_right | 2025-08-07:8_left | 2025-10-22:2_left,Birmingham City F.C.,ENG,2022,986.6328830872312
Chicken burger,,6.2,78.74,fa6a1f872028be9b10adc1c7dae0b953,2026-03-25:2_left,Cheltenham Town F.C.,ENG,2025,1138.0692350171898
Buffalo chicken tenders and fries,,13.0,84.3,fa76e59b4f6a3450feedee340d6699f6,2025-07-24:9_right | 2025-11-08:7_right | 2026-01-10:1_right | 2026-01-28:4_left | 2026-02-22:3_right,Aston Villa F.C.,ENG,2025,1195.3364873580508
Bar of chocolate,,4.0,40.06,faac0d0a8616111d7866ff31d6fbabcd,2025-12-01:1_right | 2026-03-21:4_right | 2026-05-30:9_right,Brighton & Hove Albion F.C.,ENG,2024,900.4100230484039
Gluten free burger,With shredded meat,6.5,39.37,faae4b770f8530e0f5e842fb2d009f4d,2026-04-05:4_left,SK Slavia Prague,CZE,2025,941.5318310080102
Sausage roll,,2.0,32.058571428571426,fab6bc79defd554e9a6ced4deb460be6,2025-11-03:7_right | 2026-01-08:9_right | 2026-02-24:5_left | 2026-02-25:8_right | 2026-03-24:1_right | 2026-04-07:0_left | 2026-05-23:6_left,Eversley & California FC,ENG,2024,916.8326592902396
"Sausages, chips and curry sauce",In a hollowed cob,5.0,38.099999999999994,fac082dc5498f2c6775d19aabda43589,2025-10-12:6_right | 2025-12-03:9_right | 2026-01-05:4_left,Merthyr Town F.C.,WAL,2024,938.7548774235436
Cheeseburger with waffle fries,,9.5,88.3,faddce5f23b53617b1babf1b16dd4e72,2025-05-13:5_right,Melbourne City FC,AUS,2022,1122.504184158617
Chicken and pork skewers,Sides not included in price,7.5,94.0,fae52c0088475eb168fc982784d613d5,2025-07-30:4_right | 2025-11-22:6_right | 2025-12-14:2_right,Northcote City FC,AUS,2023,981.2188626326712
Truita de Patata,With a water,6.7,23.555,faeb854207fde77ea1953e40a032827a,2026-01-20:8_left | 2026-02-09:2_right,RCD Espanyol,ESP,2024,882.9590758327128
The Brooklyn Big Dog,,7.5,36.0,fb078fd82e4221fccf2e3b2d19d7fddb,2025-05-23:2_left | 2025-09-07:1_right | 2025-11-12:9_left | 2026-01-06:7_left | 2026-03-18:0_left | 2026-04-11:8_left,West Ham United F.C.,ENG,2021,1002.0106022921848
White baneberry,Actaea pachypoda,0.0,0.0,fb08f495b9e258fa64372377a11dd7f9,2026-03-06:3_right,Mother Nature,,2026,973.656868876381
Spicy sausage,,2.8,44.34,fb1f07ba691d564e1d380d4e23dd8471,2025-10-15:8_left | 2025-10-30:8_left | 2025-11-15:2_right | 2026-01-11:2_right | 2026-04-06:9_right,SK Slavia Prague,CZE,2023,947.8201904893648
Steak pie,"With creamy mash, peas, gravy and mint sauce",11.0,81.3,fb2649f13b75b3008ed5d70b7810c320,2025-06-04:6_right | 2025-06-09:6_right | 2025-07-17:9_right,Harrogate Town F.C.,ENG,2023,1036.467202138234
Cheeseburger,,5.5,8.5,fb284854abdb0be903440e6fdc1b98a7,2025-05-01:9_right | 2025-06-03:3_right | 2025-07-19:1_left | 2025-09-02:9_left | 2025-10-06:2_left,Chesterfield F.C.,ENG,2024,688.4505985583023
Cheeseburger,"With lettuce, tomato, cucumber, black/purple Doritos and burger sauce",9.0,34.89,fb48696648aa181af016129c28e0a2da,2026-05-07:2_right,"Fylkir v Ægir, Fylkisvöllur",ISL,2026,903.0457529904992
Breakfast,,18.0,18.036666666666665,fb6fa40cb23a1aa5a4490ccfb26e00e1,2025-12-10:3_right | 2025-12-29:4_left | 2026-05-06:8_left,Hotel Football,ENG,2024,810.0893710826001
Beef brisket roll,With chips,11.0,84.7,fb72feb130323dd8f29e2a4509b27f7f,2025-07-02:6_right | 2025-08-19:5_right,Tottenham Hotspur,ENG,2023,1000.0
BBQ chicken and chips,,6.5,93.90000000000002,fb93de8e5fb24843f3e0a70afe946b74,2025-08-27:1_right | 2026-03-08:7_right | 2026-04-19:1_right,Womens World Cup,AUS,2023,1162.937398568633
Yiros pack,,5.8,87.59999999999998,fb963af5e4e83ecf352c45f65fd3560a,2025-05-29:5_left | 2025-06-16:3_left | 2025-08-06:9_right,West Adelaide Raptors,AUS,2022,1100.3600049729962
Double cheese bacon burger,,6.0,78.09,fbd520303c377747d8aaf6b2e05e9739,2025-11-17:8_left | 2026-04-06:3_left,Hampton and Richmond Borough,ENG,2022,1150.3861358839106
Currywurst with a pint,,5.8,90.5,fbf2ce59504933810049f9ab9d4043e1,2025-04-23:9_right | 2026-04-03:0_left,SC Wiedenbrück,GER,2023,1132.2394976879912
Meat in a bun,,2.3,91.5,fbf2f914f8e1aa08ace3b27fe2f2ae1e,2025-07-23:0_right | 2025-09-17:3_right,Viktorka Žižkov,CZE,2023,1140.346881076882
"Deep South"" burger",,7.0,71.73666666666666,fc106bf5ac19d796f6bd232bb3a2e437,2025-12-07:7_right | 2026-04-22:2_left | 2026-05-21:3_right,Manchester City F.C.,ENG,2022,1143.0738803982945
Cheesey chips,,2.0,18.759999999999998,fc1fb65bc7e2dc1fb640de6f9fe4770a,2025-10-23:3_left | 2025-11-01:0_left | 2025-12-02:5_right | 2026-01-20:4_left,Hadleigh United,ENG,2025,797.5611248546628
Popcorn,With a soda,17.3,42.78,fc2220ff457cd2f798e7420096151332,2026-04-29:1_left,Los Angeles Dodgers,USA,2026,949.9169967395726
Steak and fries,With peppercorn sauce,9.0,75.8,fc281b7daa94ca2ed9eae7b52bed77b3,2025-11-03:5_left | 2025-11-06:6_left,Manchester City F.C.,ENG,2025,1170.7944046544335
Grilled sausage with bread,,2.4,73.1,fc46cce5f80b112f4ee5a241df9c90e5,2025-05-12:8_left | 2025-06-01:2_left | 2025-06-16:8_right | 2025-09-02:6_right | 2025-12-03:5_left,SK Hranice,CZE,2022,856.157012592533
Tropeiro,"Pork, beans, rice, egg and collard greens",3.0,87.5,fc54f55420247833309e9b17e9c2b8ba,2025-05-15:9_right | 2025-08-22:6_right,Cruzeiro Esporte Clube,BRA,2023,1042.2606036564914
Carapulcra con Sopa Seca,,4.85,24.56,fc580411cf287822c5053a9d5f33796d,2025-10-24:8_right | 2025-11-22:1_right | 2025-12-11:9_left,Alejandro Villanueva Stadium,PER,2025,992.0788594810682
Loaded BBQ Pulled Pork Waffle Fries,,7.95,80.5,fc857c44180aee4d8121972b0268fb24,2025-11-22:4_right,Brentford F.C.,ENG,2025,1179.7570660227475
"Famous, award-winning Turners Pies",With chips,7.0,74.135,fca1901265e750fbb001e543d8fc389f,2026-05-02:4_left | 2026-05-06:4_left,Pagham FC,ENG,2024,1091.6614697047637
Burundi style beef chapati,With plantain,10.0,37.785,fccd363b02bd03e44e5f2a31116497ee,2025-11-18:7_left | 2025-11-20:4_right,Detroit City,USA,2022,986.9447037791248
"Pie, chips and gravy",Pint of Banks’s amber not included,6.0,55.15,fcefa2801eb419ea67ecb5d391e272cc,2025-12-08:3_right,Walsall F.C.,ENG,2021,1000.1221568216448
The festive deal,"Chips, stuffing, pigs in blankets and gravy",5.0,54.76,fd00eba313275e873a2a973e54f50f74,2026-01-30:4_left | 2026-04-26:7_left,Derby County F.C.,ENG,2024,995.5729238302076
Chicken tenders and waffle fries,,8.0,82.32,fd07848437d5822e09ddc080263f1bbf,2025-12-08:6_left,Western United FC,AUS,2023,1166.1748711325877
Chicken tikka naan,With garlic fries,8.0,77.04,fd0c300430243ab126a8880a7dfd5f2f,2026-03-08:2_right,Bolton Wanderers F.C.,ENG,2022,1171.5289788974735
Two dollar tacos,Price for each,1.5,40.79,fd47bfea016fdccd33081eaf1bbd7f41,2026-05-18:9_left,Oklahoma City Comets,USA,2026,936.97069539901
Jerk chicken,,5.0,55.5,fd4d489c5387dfb8aa34176421256c34,2025-05-27:7_right | 2025-06-02:2_right | 2026-01-09:0_left | 2026-03-18:5_left | 2026-04-11:0_left,Bristol Rovers F.C.,ENG,2022,1016.5823592325088
Salt and pepper chicken,Loaded fries,7.0,92.5,fd4f8cc00f1563c024527a9d28249ce0,2025-07-10:6_left,Newcastle United F.C.,ENG,2024,1137.3487493550392
Miami veggie burger,With wedges,7.6,37.480000000000004,fd51a14d5e245c9811ad546ed784017b,2026-01-03:9_right | 2026-02-09:5_right | 2026-02-24:6_right | 2026-03-20:8_left,CBS Arena,ENG,2024,967.8655468617242
Burger,With printed buns,7.0,54.29,fd96feaf5bc49c5bbfa086812efe4bf8,2026-05-20:5_right,Cardiff City F.C.,WAL,2023,1014.1909821626664
Hubba Bubba Bubble Jug,"Jug of powder with gum pieces, ""shake n' chug""",,50.75,fdb30cde55a027ea3582adf42655b8f0,2026-02-20:7_left,Hubba Bubba,ENG,1998,1000.479719409402
Slider dog,"Hot dog, mac n cheese, crispy onions, froot loops",8.3,17.775,fde361706bfbb7ca15d02574aa5ab0a1,2026-04-02:8_left | 2026-05-10:0_right,Cleveland Guardians,USA,2025,731.0944853174706
Bacon cheeseburger,,6.0,57.230000000000004,fde4dacef390d9d856bfdfb6da56df1b,2026-03-05:8_left | 2026-04-29:7_left,Gornal Athletic F.C.,ENG,2023,1051.5131349518308
Average of all Polish scran,,,49.16,fde9c50560d338c62660e78356b5ffbd,2026-05-22:6_left,,POL,2026,1010.948562354676
Fish and chips,,9.95,84.0,fdf5b200b4c44690650fdefbf1c394c0,2025-07-21:1_right | 2026-01-14:3_left | 2026-02-18:6_left | 2026-04-02:9_left | 2026-04-10:1_right,Tottenham Hotspur F.C.,ENG,2022,1095.8912336439205
Pizza,,12.0,83.1,fe0d3512baa80cd07f1a22c3a011c0ad,2025-05-12:8_right | 2025-10-01:7_right | 2025-11-22:8_right | 2025-12-06:6_left,Bolton Wanderers F.C.,ENG,2023,1111.7366081385874
Chicken goujons,,6.0,20.9,fe1a148e3d604eec548bc313b517e2d8,2025-12-09:6_right | 2025-12-13:4_left,UEFA Womens Euros,ENG,2022,842.158308222993
Jamon Bocadillo (Serrano ham),With tomatoes and crispy onion,4.8,39.02,fe31441e1bfb23ab8c0b9a6d80666f2b,2025-12-22:7_right | 2026-01-19:6_right,Malaga CF,ESP,2023,964.2935741310146
Kebab pie,,3.5,54.19,fe6aebec3cb90a024bca81f96af2b002,2025-11-10:8_right | 2025-11-13:8_left | 2025-12-07:7_left,Raith Rovers,SCO,2024,970.7971677381393
Sticky Korean glazed prawns,With rice and Asian slaw,17.0,71.19,fecdaf69a04c4e43a5b7c9416000e913,2025-11-24:5_right,Arsenal F.C.,ENG,2022,1097.998822945648
Double bacon cheeseburger,,6.0,91.6,fece0adaddfa2bfbff12d2c7ece50a5a,2025-08-26:0_right | 2025-12-12:6_right,Knaphill F.C.,ENG,2023,1018.7222987638594
Dirty spuds,"Roast potatoes topped with meatballs, sauce and cheese",4.5,79.3,fed35b043ead94d5b5904a5796a0ff93,2025-05-02:2_right,Cheltenham Town F.C.,ENG,2022,973.874336260234
Korean Chicken,,1.15,89.24,ff1fe718f2c349965e1ad59e6752c274,2025-10-08:2_right | 2025-10-16:5_left | 2025-12-10:6_right | 2026-01-13:4_left,"Thai League, Port FC",THA,2025,1105.0080906897133
Beyond sausage,,11.5,8.02,ff3e64f88f0c1c1bf3c8ede091e99755,2026-03-20:7_right | 2026-04-14:4_right,SoFi Stadium,USA,2023,773.5579589949868
"The ""Moms bad boy"" hot dog",,,28.1975,ff49e4e62ad792945a012e6265ad61f6,2026-01-24:0_right | 2026-02-05:9_left | 2026-02-06:8_left | 2026-03-27:7_right,Coventry City F.C.,ENG,2025,895.0489679465411
"Pie, chips, mushy peas and gravy",,6.0,66.4,ff4cb32f42367169757bc91ca376bcc7,2025-04-22:7_left | 2025-04-26:2_right | 2025-05-28:6_left | 2025-06-24:4_right | 2025-07-25:5_left,Altrincham F.C.,ENG,2023,884.4804671216824
Black and white cookie shake,,11.5,59.364999999999995,ff5122093f97c653e37a87b3cb089857,2025-12-11:1_left | 2026-02-05:0_left,New York Yankees,USA,2024,1110.054810402159
Three carnitas tacos,,12.75,54.13,ff5cc4644e75cc6a3262d6a67def5b13,2026-05-23:1_right,"Providence Park, OR",USA,2025,1028.710078236409
Pie and chips,,4.5,36.489999999999995,ff753af63f08708dbc9978351974ba2c,2025-10-13:4_right | 2026-04-14:3_right,Atherton Collieries AFC,ENG,2024,883.7105040698448
Polish sausage,One of nine eaten by submitter,6.35,45.50666666666667,ff7f18dda82d3713a87b61f2d318cf7a,2025-12-17:4_right | 2026-01-13:7_left | 2026-01-16:6_left,"Comerica Park, Detroit",USA,2025,1027.5259390069025
Smash cheeseburger with bacon,,3.8,91.09999999999998,ff8efe6fca33b54b2c05c98801bee2bc,2025-04-27:6_right | 2025-07-09:1_right | 2025-07-12:2_left | 2025-07-21:6_right | 2025-07-29:4_right | 2025-08-17:4_left,Grêmio FBPA,BRA,2022,1059.1183331580917
The Anti-Hero,"2ft long hot dog inside 11 powdered donuts, mustard-ketchup drizzle",,26.945,ffaf49428c565ebb6fa9b4dac0c18444,2026-03-27:0_right | 2026-05-08:5_left,Hartford Yard Goats,USA,2026,827.3254458242973
"Flammkuchen ""Greek style",Meaning unclear,4.3,54.6,ffbca4295e5e4b086f6d8bd77812c2b1,2025-07-11:9_right,Uni Stuttgart Vaihingen,GER,2023,1012.8
Yew (don't eat the seeds!!),Taxus baccata,0.0,100.0,ffd01082a16bef660107ae2a4881b579,2026-03-06:4_left,Mother Nature,,2026,986.088566319554
Jacket potato,With beans and mushy peas,3.0,22.9,ffd1bc7adc182a4e4d3018a9739d57f6,2025-06-22:1_right | 2025-07-25:8_left | 2025-08-26:8_right | 2025-09-21:6_right | 2026-04-13:2_left,Burton Albion,ENG,2022,813.3619129953288
Steak pie,"With chips, peas and gravy",5.0,58.8,ffd2503a12d438d7ebe2aaedafb6dc13,2025-06-12:7_left | 2025-07-20:1_left | 2025-12-12:1_left | 2026-03-26:3_right,Congleton Town F.C.,ENG,2022,847.1916902448642
Steak and sausages,Price for one,3.3,91.4,ffd6afc6832d2d74423efb417422efa9,2025-04-25:0_right | 2025-07-21:8_left,FC Nurnberg,GER,2025,1093.294363707534
